From Pin,To Pin,L1 Office Name,L2 Office Name,Circel Name
517004,517004,Tirupathi NSH,Tirupathi NSH,Andhra Pradesh Circle
517101,517102,Tirupathi NSH,Tirupathi NSH,Andhra Pradesh Circle
517112,517113,Tirupathi NSH,Tirupathi NSH,Andhra Pradesh Circle
517123,517132,Tirupathi NSH,Tirupathi NSH,Andhra Pradesh Circle
517152,517152,Tirupathi NSH,Tirupathi NSH,Andhra Pradesh Circle
517167,517167,Tirupathi NSH,Tirupathi NSH,Andhra Pradesh Circle
517001,517002,Tirupathi NSH,Tirupathi NSH,Andhra Pradesh Circle
517213,517214,Tirupathi NSH,Tirupathi NSH,Andhra Pradesh Circle
517234,517237,Tirupathi NSH,Tirupathi NSH,Andhra Pradesh Circle
517247,517247,Tirupathi NSH,Tirupathi NSH,Andhra Pradesh Circle
517257,517257,Tirupathi NSH,Tirupathi NSH,Andhra Pradesh Circle
517277,517277,Tirupathi NSH,Tirupathi NSH,Andhra Pradesh Circle
517280,517280,Tirupathi NSH,Tirupathi NSH,Andhra Pradesh Circle
517390,517391,Tirupathi NSH,Tirupathi NSH,Andhra Pradesh Circle
517401,517401,Tirupathi NSH,Tirupathi NSH,Andhra Pradesh Circle
517403,517403,Tirupathi NSH,Tirupathi NSH,Andhra Pradesh Circle
517408,517408,Tirupathi NSH,Tirupathi NSH,Andhra Pradesh Circle
517414,517419,Tirupathi NSH,Tirupathi NSH,Andhra Pradesh Circle
517421,517426,Tirupathi NSH,Tirupathi NSH,Andhra Pradesh Circle
517319,517319,Tirupathi NSH,Tirupathi NSH,Andhra Pradesh Circle
517325,517326,Tirupathi NSH,Tirupathi NSH,Andhra Pradesh Circle
517350,517352,Tirupathi NSH,Tirupathi NSH,Andhra Pradesh Circle
517370,517370,Tirupathi NSH,Tirupathi NSH,Andhra Pradesh Circle
517291,517291,Tirupathi NSH,Tirupathi NSH,Andhra Pradesh Circle
517297,517297,Tirupathi NSH,Tirupathi NSH,Andhra Pradesh Circle
517299,517299,Tirupathi NSH,Tirupathi NSH,Andhra Pradesh Circle
517305,517305,Tirupathi NSH,Tirupathi NSH,Andhra Pradesh Circle
517429,517429,Tirupathi NSH,Tirupathi NSH,Andhra Pradesh Circle
517432,517432,Tirupathi NSH,Tirupathi NSH,Andhra Pradesh Circle
517501,517502,Tirupathi NSH,Tirupathi NSH,Andhra Pradesh Circle
517172,517172,Tirupathi NSH,Tirupathi NSH,Andhra Pradesh Circle
517192,517194,Tirupathi NSH,Tirupathi NSH,Andhra Pradesh Circle
517503,517506,Tirupathi NSH,Tirupathi NSH,Andhra Pradesh Circle
517507,517510,Tirupathi NSH,Tirupathi NSH,Andhra Pradesh Circle
517520,517520,Tirupathi NSH,Tirupathi NSH,Andhra Pradesh Circle
517526,517526,Tirupathi NSH,Tirupathi NSH,Andhra Pradesh Circle
517536,517536,Tirupathi NSH,Tirupathi NSH,Andhra Pradesh Circle
517541,517541,Tirupathi NSH,Tirupathi NSH,Andhra Pradesh Circle
517551,517551,Tirupathi NSH,Tirupathi NSH,Andhra Pradesh Circle
517561,517561,Tirupathi NSH,Tirupathi NSH,Andhra Pradesh Circle
517569,517569,Tirupathi NSH,Tirupathi NSH,Andhra Pradesh Circle
517571,517571,Tirupathi NSH,Tirupathi NSH,Andhra Pradesh Circle
517581,517584,Tirupathi NSH,Tirupathi NSH,Andhra Pradesh Circle
517586,517592,Tirupathi NSH,Tirupathi NSH,Andhra Pradesh Circle
517599,517599,Tirupathi NSH,Tirupathi NSH,Andhra Pradesh Circle
517619,517620,Tirupathi NSH,Tirupathi NSH,Andhra Pradesh Circle
517640,517646,Tirupathi NSH,Tirupathi NSH,Andhra Pradesh Circle
520001,520015,Vijayawada NSH,Vijayawada NSH,Andhra Pradesh Circle
521001,521004,Vijayawada NSH,Vijayawada NSH,Andhra Pradesh Circle
521101,521102,Vijayawada NSH,Vijayawada NSH,Andhra Pradesh Circle
521104,521111,Vijayawada NSH,Vijayawada NSH,Andhra Pradesh Circle
521120,521122,Vijayawada NSH,Vijayawada NSH,Andhra Pradesh Circle
521125,521126,Vijayawada NSH,Vijayawada NSH,Andhra Pradesh Circle
521130,521139,Vijayawada NSH,Vijayawada NSH,Andhra Pradesh Circle
521148,521151,Vijayawada NSH,Vijayawada NSH,Andhra Pradesh Circle
521153,521153,Vijayawada NSH,Vijayawada NSH,Andhra Pradesh Circle
521156,521158,Vijayawada NSH,Vijayawada NSH,Andhra Pradesh Circle
521162,521165,Vijayawada NSH,Vijayawada NSH,Andhra Pradesh Circle
521170,521170,Vijayawada NSH,Vijayawada NSH,Andhra Pradesh Circle
521175,521175,Vijayawada NSH,Vijayawada NSH,Andhra Pradesh Circle
521178,521178,Vijayawada NSH,Vijayawada NSH,Andhra Pradesh Circle
521180,521185,Vijayawada NSH,Vijayawada NSH,Andhra Pradesh Circle
521190,521190,Vijayawada NSH,Vijayawada NSH,Andhra Pradesh Circle
521201,521202,Vijayawada NSH,Vijayawada NSH,Andhra Pradesh Circle
521207,521207,Vijayawada NSH,Vijayawada NSH,Andhra Pradesh Circle
521211,521215,Vijayawada NSH,Vijayawada NSH,Andhra Pradesh Circle
521225,521231,Vijayawada NSH,Vijayawada NSH,Andhra Pradesh Circle
521235,521235,Vijayawada NSH,Vijayawada NSH,Andhra Pradesh Circle
521241,521241,Vijayawada NSH,Vijayawada NSH,Andhra Pradesh Circle
521245,521247,Vijayawada NSH,Vijayawada NSH,Andhra Pradesh Circle
521250,521250,Vijayawada NSH,Vijayawada NSH,Andhra Pradesh Circle
521256,521256,Vijayawada NSH,Vijayawada NSH,Andhra Pradesh Circle
521260,521261,Vijayawada NSH,Vijayawada NSH,Andhra Pradesh Circle
521263,521263,Vijayawada NSH,Vijayawada NSH,Andhra Pradesh Circle
521286,521286,Vijayawada NSH,Vijayawada NSH,Andhra Pradesh Circle
521301,521301,Vijayawada NSH,Vijayawada NSH,Andhra Pradesh Circle
521311,521312,Vijayawada NSH,Vijayawada NSH,Andhra Pradesh Circle
521320,521333,Vijayawada NSH,Vijayawada NSH,Andhra Pradesh Circle
521340,521340,Vijayawada NSH,Vijayawada NSH,Andhra Pradesh Circle
521343,521345,Vijayawada NSH,Vijayawada NSH,Andhra Pradesh Circle
521356,521356,Vijayawada NSH,Vijayawada NSH,Andhra Pradesh Circle
521366,521366,Vijayawada NSH,Vijayawada NSH,Andhra Pradesh Circle
521369,521369,Vijayawada NSH,Vijayawada NSH,Andhra Pradesh Circle
521390,521390,Vijayawada NSH,Vijayawada NSH,Andhra Pradesh Circle
521401,521403,Vijayawada NSH,Vijayawada NSH,Andhra Pradesh Circle
521456,521457,Vijayawada NSH,Vijayawada NSH,Andhra Pradesh Circle
530001,530005,Visakhapatnam NSH,Visakhapatnam NSH,Andhra Pradesh Circle
530007,530009,Visakhapatnam NSH,Visakhapatnam NSH,Andhra Pradesh Circle
530016,530018,Visakhapatnam NSH,Visakhapatnam NSH,Andhra Pradesh Circle
530020,530020,Visakhapatnam NSH,Visakhapatnam NSH,Andhra Pradesh Circle
530022,530022,Visakhapatnam NSH,Visakhapatnam NSH,Andhra Pradesh Circle
530024,530024,Visakhapatnam NSH,Visakhapatnam NSH,Andhra Pradesh Circle
530026,530029,Visakhapatnam NSH,Visakhapatnam NSH,Andhra Pradesh Circle
530031,530032,Visakhapatnam NSH,Visakhapatnam NSH,Andhra Pradesh Circle
530040,530041,Visakhapatnam NSH,Visakhapatnam NSH,Andhra Pradesh Circle
530043,530049,Visakhapatnam NSH,Visakhapatnam NSH,Andhra Pradesh Circle
530051,530052,Visakhapatnam NSH,Visakhapatnam NSH,Andhra Pradesh Circle
530053,530053,Visakhapatnam NSH,Visakhapatnam NSH,Andhra Pradesh Circle
531001,531002,Visakhapatnam NSH,Visakhapatnam NSH,Andhra Pradesh Circle
531011,531011,Visakhapatnam NSH,Visakhapatnam NSH,Andhra Pradesh Circle
531019,531036,Visakhapatnam NSH,Visakhapatnam NSH,Andhra Pradesh Circle
531055,531055,Visakhapatnam NSH,Visakhapatnam NSH,Andhra Pradesh Circle
531060,531061,Visakhapatnam NSH,Visakhapatnam NSH,Andhra Pradesh Circle
531075,531075,Visakhapatnam NSH,Visakhapatnam NSH,Andhra Pradesh Circle
531077,531077,Visakhapatnam NSH,Visakhapatnam NSH,Andhra Pradesh Circle
531081,531085,Visakhapatnam NSH,Visakhapatnam NSH,Andhra Pradesh Circle
531087,531087,Visakhapatnam NSH,Visakhapatnam NSH,Andhra Pradesh Circle
531105,531105,Visakhapatnam NSH,Visakhapatnam NSH,Andhra Pradesh Circle
531111,531111,Visakhapatnam NSH,Visakhapatnam NSH,Andhra Pradesh Circle
531113,531118,Visakhapatnam NSH,Visakhapatnam NSH,Andhra Pradesh Circle
531126,531127,Visakhapatnam NSH,Visakhapatnam NSH,Andhra Pradesh Circle
531133,531133,Visakhapatnam NSH,Visakhapatnam NSH,Andhra Pradesh Circle
531149,531149,Visakhapatnam NSH,Visakhapatnam NSH,Andhra Pradesh Circle
531151,531151,Visakhapatnam NSH,Visakhapatnam NSH,Andhra Pradesh Circle
531162,531163,Visakhapatnam NSH,Visakhapatnam NSH,Andhra Pradesh Circle
531173,531173,Visakhapatnam NSH,Visakhapatnam NSH,Andhra Pradesh Circle
531219,531219,Visakhapatnam NSH,Visakhapatnam NSH,Andhra Pradesh Circle
524001,524005,Tirupathi NSH,Nellore ICH,Andhra Pradesh Circle
515001,515006,Tirupathi NSH,Anantapur ICH,Andhra Pradesh Circle
515101,515872,Tirupathi NSH,Anantapur ICH,Andhra Pradesh Circle
516001,516005,Tirupathi NSH,Cuddapah ICH,Andhra Pradesh Circle
516101,516505,Tirupathi NSH,Cuddapah ICH,Andhra Pradesh Circle
518001,518009,Tirupathi NSH,Kurnool ICH,Andhra Pradesh Circle
530055,530059,Visakhapatnam NSH,Visakhapatnam NSH,Andhra Pradesh Circle
518010,518674,Tirupathi NSH,Kurnool ICH,Andhra Pradesh Circle
524101,524421,Tirupathi NSH,Nellore ICH,Andhra Pradesh Circle
522001,522004,Vijayawada NSH,Guntur ICH,Andhra Pradesh Circle
522005,522005,Vijayawada NSH,Guntur ICH,Andhra Pradesh Circle
522006,522008,Vijayawada NSH,Guntur ICH,Andhra Pradesh Circle
522009,522999,Vijayawada NSH,Guntur ICH,Andhra Pradesh Circle
523001,523003,Vijayawada NSH,Ongole ICH,Andhra Pradesh Circle
523101,523999,Vijayawada NSH,Ongole ICH,Andhra Pradesh Circle
534001,534001,Vijayawada NSH,Eluru ICH,Andhra Pradesh Circle
534007,534007,Vijayawada NSH,Eluru ICH,Andhra Pradesh Circle
534003,534003,Vijayawada NSH,Eluru ICH,Andhra Pradesh Circle
534002,534002,Vijayawada NSH,Eluru ICH,Andhra Pradesh Circle
534008,534475,Vijayawada NSH,Eluru ICH,Andhra Pradesh Circle
533101,533101,Visakhapatnam NSH,Rajahmundry ICH,Andhra Pradesh Circle
533001,533007,Visakhapatnam NSH,Rajahmundry ICH,Andhra Pradesh Circle
533016,533016,Visakhapatnam NSH,Rajahmundry ICH,Andhra Pradesh Circle
533102,533577,Visakhapatnam NSH,Rajahmundry ICH,Andhra Pradesh Circle
532001,532005,Visakhapatnam NSH,Srikakulam ICH,Andhra Pradesh Circle
532185,532187,Visakhapatnam NSH,Srikakulam ICH,Andhra Pradesh Circle
532122,532168,Visakhapatnam NSH,Srikakulam ICH,Andhra Pradesh Circle
532190,532484,Visakhapatnam NSH,Srikakulam ICH,Andhra Pradesh Circle
535001,535001,Visakhapatnam NSH,Vizianagaram ICH,Andhra Pradesh Circle
535002,535003,Visakhapatnam NSH,Vizianagaram ICH,Andhra Pradesh Circle
535004,535594,Visakhapatnam NSH,Vizianagaram ICH,Andhra Pradesh Circle
781001,781040,Guwahati NSH,Guwahati NSH,Assam Circle
781101,781150,Guwahati NSH,Guwahati NSH,Assam Circle
781171,781171,Guwahati NSH,Guwahati NSH,Assam Circle
781301,781382,Guwahati NSH,Guwahati NSH,Assam Circle
782401,782403,Guwahati NSH,Guwahati NSH,Assam Circle
783101,783136,Guwahati NSH,Guwahati NSH,Assam Circle
788818,788820,Guwahati NSH,Guwahati NSH,Assam Circle
794000,794999,Guwahati NSH,Guwahati NSH,Assam Circle
785001,785001,Guwahati NSH,Jorhat ICH,Assam Circle
785004,785010,Guwahati NSH,Jorhat ICH,Assam Circle
785013,785015,Guwahati NSH,Jorhat ICH,Assam Circle
785101,785102,Guwahati NSH,Jorhat ICH,Assam Circle
785104,785108,Guwahati NSH,Jorhat ICH,Assam Circle
785110,785112,Guwahati NSH,Jorhat ICH,Assam Circle
785601,785603,Guwahati NSH,Jorhat ICH,Assam Circle
785609,785616,Guwahati NSH,Jorhat ICH,Assam Circle
785618,785619,Guwahati NSH,Jorhat ICH,Assam Circle
785621,785622,Guwahati NSH,Jorhat ICH,Assam Circle
785625,785626,Guwahati NSH,Jorhat ICH,Assam Circle
785630,785636,Guwahati NSH,Jorhat ICH,Assam Circle
785640,785640,Guwahati NSH,Jorhat ICH,Assam Circle
785661,785667,Guwahati NSH,Jorhat ICH,Assam Circle
785669,785674,Guwahati NSH,Jorhat ICH,Assam Circle
785688,785693,Guwahati NSH,Jorhat ICH,Assam Circle
785696,785701,Guwahati NSH,Jorhat ICH,Assam Circle
785720,785720,Guwahati NSH,Jorhat ICH,Assam Circle
786001,786012,Guwahati NSH,Dibrugarh ICH,Assam Circle
786101,786103,Guwahati NSH,Dibrugarh ICH,Assam Circle
786125,786183,Guwahati NSH,Dibrugarh ICH,Assam Circle
786184,786184,Guwahati NSH,Dibrugarh ICH,Assam Circle
786187,786192,Guwahati NSH,Dibrugarh ICH,Assam Circle
786601,786692,Guwahati NSH,Dibrugarh ICH,Assam Circle
787000,787999,Guwahati NSH,Dibrugarh ICH,Assam Circle
782101,782107,Guwahati NSH,Nagaon ICH,Assam Circle
782135,782144,Guwahati NSH,Nagaon ICH,Assam Circle
782425,782429,Guwahati NSH,Nagaon ICH,Assam Circle
782439,782442,Guwahati NSH,Nagaon ICH,Assam Circle
782445,782448,Guwahati NSH,Nagaon ICH,Assam Circle
782450,782450,Guwahati NSH,Nagaon ICH,Assam Circle
782460,782462,Guwahati NSH,Nagaon ICH,Assam Circle
782470,782470,Guwahati NSH,Nagaon ICH,Assam Circle
782480,782482,Guwahati NSH,Nagaon ICH,Assam Circle
782485,782486,Guwahati NSH,Nagaon ICH,Assam Circle
782490,782490,Guwahati NSH,Nagaon ICH,Assam Circle
783301,783376,Guwahati NSH,NEW BONGAIGAON ICH,Assam Circle
783380,783394,Guwahati NSH,NEW BONGAIGAON ICH,Assam Circle
784001,784105,Guwahati NSH,Tezpur ICH,Assam Circle
784110,784529,Guwahati NSH,Tezpur ICH,Assam Circle
788001,788015,Guwahati NSH,Silchar ICH,Assam Circle
788025,788026,Guwahati NSH,Silchar ICH,Assam Circle
788030,788031,Guwahati NSH,Silchar ICH,Assam Circle
788098,788099,Guwahati NSH,Silchar ICH,Assam Circle
788101,788104,Guwahati NSH,Silchar ICH,Assam Circle
788106,788121,Guwahati NSH,Silchar ICH,Assam Circle
788123,788123,Guwahati NSH,Silchar ICH,Assam Circle
788126,788127,Guwahati NSH,Silchar ICH,Assam Circle
788150,788152,Guwahati NSH,Silchar ICH,Assam Circle
788155,788156,Guwahati NSH,Silchar ICH,Assam Circle
788160,788166,Guwahati NSH,Silchar ICH,Assam Circle
788168,788168,Guwahati NSH,Silchar ICH,Assam Circle
788701,788702,Guwahati NSH,Silchar ICH,Assam Circle
788709,788713,Guwahati NSH,Silchar ICH,Assam Circle
788719,788720,Guwahati NSH,Silchar ICH,Assam Circle
788722,788728,Guwahati NSH,Silchar ICH,Assam Circle
788781,788781,Guwahati NSH,Silchar ICH,Assam Circle
788801,788806,Guwahati NSH,Silchar ICH,Assam Circle
788835,788931,Guwahati NSH,Silchar ICH,Assam Circle
790000,790999,Guwahati NSH,Tezpur ICH,Assam Circle
797001,797004,Guwahati NSH,Dimapur ICH,Assam Circle
797006,797006,Guwahati NSH,Dimapur ICH,Assam Circle
797099,797099,Guwahati NSH,Dimapur ICH,Assam Circle
797101,797101,Guwahati NSH,Dimapur ICH,Assam Circle
797103,797103,Guwahati NSH,Dimapur ICH,Assam Circle
797104,797111,Guwahati NSH,Dimapur ICH,Assam Circle
797112,797113,Guwahati NSH,Dimapur ICH,Assam Circle
797114,797114,Guwahati NSH,Dimapur ICH,Assam Circle
797115,797118,Guwahati NSH,Dimapur ICH,Assam Circle
797119,797120,Guwahati NSH,Dimapur ICH,Assam Circle
798601,798604,Guwahati NSH,Dimapur ICH,Assam Circle
798607,798607,Guwahati NSH,Dimapur ICH,Assam Circle
798611,798618,Guwahati NSH,Dimapur ICH,Assam Circle
798620,798623,Guwahati NSH,Dimapur ICH,Assam Circle
798625,798628,Guwahati NSH,Dimapur ICH,Assam Circle
791001,791001,Guwahati NSH,Itanagar ICH,North Eastern Circle
791002,791002,Guwahati NSH,Itanagar ICH,North Eastern Circle
791101,791101,Guwahati NSH,Itanagar ICH,North Eastern Circle
791102,791102,Guwahati NSH,Itanagar ICH,North Eastern Circle
791103,791103,Guwahati NSH,Itanagar ICH,North Eastern Circle
791104,791104,Guwahati NSH,Itanagar ICH,North Eastern Circle
791109,791109,Guwahati NSH,Itanagar ICH,North Eastern Circle
791110,791110,Guwahati NSH,Itanagar ICH,North Eastern Circle
791111,791111,Guwahati NSH,Itanagar ICH,North Eastern Circle
791112,791112,Guwahati NSH,Itanagar ICH,North Eastern Circle
791113,791113,Guwahati NSH,Itanagar ICH,North Eastern Circle
791114,791114,Guwahati NSH,Itanagar ICH,North Eastern Circle
791118,791118,Guwahati NSH,Itanagar ICH,North Eastern Circle
791119,791119,Guwahati NSH,Itanagar ICH,North Eastern Circle
791120,791120,Guwahati NSH,Itanagar ICH,North Eastern Circle
791121,791121,Guwahati NSH,Itanagar ICH,North Eastern Circle
791122,791122,Guwahati NSH,Itanagar ICH,North Eastern Circle
791123,791123,Guwahati NSH,Itanagar ICH,North Eastern Circle
791125,791125,Guwahati NSH,Itanagar ICH,North Eastern Circle
792051,792051,Guwahati NSH,Itanagar ICH,North Eastern Circle
792061,792061,Guwahati NSH,Itanagar ICH,North Eastern Circle
785680,785687,Guwahati NSH,Jorhat ICH,Assam Circle
785702,785705,Guwahati NSH,Jorhat ICH,Assam Circle
782120,782128,Guwahati NSH,Nagaon ICH,Assam Circle
782410,782413,Guwahati NSH,Nagaon ICH,Assam Circle
782435,782436,Guwahati NSH,Nagaon ICH,Assam Circle
788733,788738,Guwahati NSH,Silchar ICH,Assam Circle
793001,793009,Guwahati NSH,Shillong ICH,North Eastern Circle
793010,793010,Guwahati NSH,Shillong ICH,North Eastern Circle
793011,793012,Guwahati NSH,Shillong ICH,North Eastern Circle
793014,793019,Guwahati NSH,Shillong ICH,North Eastern Circle
793021,793022,Guwahati NSH,Shillong ICH,North Eastern Circle
793101,793110,Guwahati NSH,Shillong ICH,North Eastern Circle
793112,793116,Guwahati NSH,Shillong ICH,North Eastern Circle
793119,793123,Guwahati NSH,Shillong ICH,North Eastern Circle
793126,793126,Guwahati NSH,Shillong ICH,North Eastern Circle
793150,793151,Guwahati NSH,Shillong ICH,North Eastern Circle
793160,793161,Guwahati NSH,Shillong ICH,North Eastern Circle
793200,793200,Guwahati NSH,Shillong ICH,North Eastern Circle
793210,793210,Guwahati NSH,Shillong ICH,North Eastern Circle
795001,795005,Guwahati NSH,Imphal ICH,North Eastern Circle
795008,795008,Guwahati NSH,Imphal ICH,North Eastern Circle
795010,795010,Guwahati NSH,Imphal ICH,North Eastern Circle
795113,795113,Guwahati NSH,Imphal ICH,North Eastern Circle
795140,795140,Guwahati NSH,Imphal ICH,North Eastern Circle
795006,795006,Guwahati NSH,Imphal ICH,North Eastern Circle
795011,795112,Guwahati NSH,Imphal ICH,North Eastern Circle
795114,795139,Guwahati NSH,Imphal ICH,North Eastern Circle
795141,795999,Guwahati NSH,Imphal ICH,North Eastern Circle
796001,796999,Guwahati NSH,Aizawl ICH,North Eastern Circle
799001,799010,Guwahati NSH,Agartala ICH,North Eastern Circle
799011,799015,Guwahati NSH,Agartala ICH,North Eastern Circle
799022,799022,Guwahati NSH,Agartala ICH,North Eastern Circle
799035,799035,Guwahati NSH,Agartala ICH,North Eastern Circle
799045,799045,Guwahati NSH,Agartala ICH,North Eastern Circle
799046,799046,Guwahati NSH,Agartala ICH,North Eastern Circle
799101,799105,Guwahati NSH,Agartala ICH,North Eastern Circle
799113,799115,Guwahati NSH,Agartala ICH,North Eastern Circle
799120,799120,Guwahati NSH,Agartala ICH,North Eastern Circle
799125,799125,Guwahati NSH,Agartala ICH,North Eastern Circle
799130,799132,Guwahati NSH,Agartala ICH,North Eastern Circle
799141,799145,Guwahati NSH,Agartala ICH,North Eastern Circle
799150,799150,Guwahati NSH,Agartala ICH,North Eastern Circle
799153,799153,Guwahati NSH,Agartala ICH,North Eastern Circle
799155,799157,Guwahati NSH,Agartala ICH,North Eastern Circle
799210,799212,Guwahati NSH,Agartala ICH,North Eastern Circle
799201,799205,Guwahati NSH,Agartala ICH,North Eastern Circle
799207,799207,Guwahati NSH,Agartala ICH,North Eastern Circle
799250,799254,Guwahati NSH,Agartala ICH,North Eastern Circle
799256,799256,Guwahati NSH,Agartala ICH,North Eastern Circle
799260,799264,Guwahati NSH,Agartala ICH,North Eastern Circle
799269,799271,Guwahati NSH,Agartala ICH,North Eastern Circle
799273,799273,Guwahati NSH,Agartala ICH,North Eastern Circle
799275,799275,Guwahati NSH,Agartala ICH,North Eastern Circle
799277,799281,Guwahati NSH,Agartala ICH,North Eastern Circle
799284,799290,Guwahati NSH,Agartala ICH,North Eastern Circle
800001,800032,Patna NSH,Patna NSH,Bihar Circle
800033,801299,Patna NSH,Patna NSH,Bihar Circle
802000,802131,Patna NSH,Patna NSH,Bihar Circle
802133,802199,Patna NSH,Patna NSH,Bihar Circle
802200,802210,Patna NSH,Patna NSH,Bihar Circle
802222,802223,Patna NSH,Patna NSH,Bihar Circle
802237,802237,Patna NSH,Patna NSH,Bihar Circle
802300,802399,Patna NSH,Patna NSH,Bihar Circle
804401,804406,Patna NSH,Patna NSH,Bihar Circle
804408,804499,Patna NSH,Patna NSH,Bihar Circle
801301,801308,Patna NSH,Patna NSH,Bihar Circle
803110,803121,Patna NSH,Patna NSH,Bihar Circle
803216,803216,Patna NSH,Patna NSH,Bihar Circle
844101,844111,Patna NSH,Patna NSH,Bihar Circle
844113,844119,Patna NSH,Patna NSH,Bihar Circle
844121,844126,Patna NSH,Patna NSH,Bihar Circle
844128,844999,Patna NSH,Patna NSH,Bihar Circle
803109,803109,Patna NSH,Kiul ICH,Bihar Circle
805101,805112,Patna NSH,Kiul ICH,Bihar Circle
805121,805131,Patna NSH,Kiul ICH,Bihar Circle
811101,811107,Patna NSH,Kiul ICH,Bihar Circle
811112,811112,Patna NSH,Kiul ICH,Bihar Circle
811201,811202,Patna NSH,Kiul ICH,Bihar Circle
811211,811214,Patna NSH,Kiul ICH,Bihar Circle
811301,811305,Patna NSH,Kiul ICH,Bihar Circle
811307,811317,Patna NSH,Kiul ICH,Bihar Circle
812001,812007,Patna NSH,Bhagalpur ICH,Bihar Circle
813101,813110,Patna NSH,Bhagalpur ICH,Bihar Circle
813201,813207,Patna NSH,Bhagalpur ICH,Bihar Circle
813209,813214,Patna NSH,Bhagalpur ICH,Bihar Circle
813221,813222,Patna NSH,Bhagalpur ICH,Bihar Circle
814131,814131,Patna NSH,Bhagalpur ICH,Bihar Circle
841101,841101,Patna NSH,Chhapra ICH,Bihar Circle
841201,841228,Patna NSH,Chhapra ICH,Bihar Circle
841231,841245,Patna NSH,Chhapra ICH,Bihar Circle
841286,841287,Patna NSH,Chhapra ICH,Bihar Circle
841301,841302,Patna NSH,Chhapra ICH,Bihar Circle
841305,841305,Patna NSH,Chhapra ICH,Bihar Circle
841311,841313,Patna NSH,Chhapra ICH,Bihar Circle
841316,841316,Patna NSH,Chhapra ICH,Bihar Circle
841401,841428,Patna NSH,Chhapra ICH,Bihar Circle
841434,841443,Patna NSH,Chhapra ICH,Bihar Circle
841446,841446,Patna NSH,Chhapra ICH,Bihar Circle
841447,841447,Patna NSH,Chhapra ICH,Bihar Circle
841460,841460,Patna NSH,Chhapra ICH,Bihar Circle
841501,841509,Patna NSH,Chhapra ICH,Bihar Circle
853201,853206,Patna NSH,Bhagalpur ICH,Bihar Circle
802132,802132,Patna NSH,Gaya ICH,Bihar Circle
802211,802221,Patna NSH,Gaya ICH,Bihar Circle
802226,802226,Patna NSH,Gaya ICH,Bihar Circle
804407,804407,Patna NSH,Gaya ICH,Bihar Circle
824219,824221,Patna NSH,Gaya ICH,Bihar Circle
821015,821015,Patna NSH,Gaya ICH,Bihar Circle
821101,821115,Patna NSH,Gaya ICH,Bihar Circle
821301,821312,Patna NSH,Gaya ICH,Bihar Circle
824205,824211,Patna NSH,Gaya ICH,Bihar Circle
823001,823005,Patna NSH,Gaya ICH,Bihar Circle
823311,823311,Patna NSH,Gaya ICH,Bihar Circle
824101,824103,Patna NSH,Gaya ICH,Bihar Circle
824111,824116,Patna NSH,Gaya ICH,Bihar Circle
824118,824118,Patna NSH,Gaya ICH,Bihar Circle
824120,824127,Patna NSH,Gaya ICH,Bihar Circle
824129,824129,Patna NSH,Gaya ICH,Bihar Circle
824143,824143,Patna NSH,Gaya ICH,Bihar Circle
824217,824217,Patna NSH,Gaya ICH,Bihar Circle
824231,824237,Patna NSH,Gaya ICH,Bihar Circle
824301,824304,Patna NSH,Gaya ICH,Bihar Circle
845101,845107,Patna NSH,ICH Motihari,Bihar Circle
845301,845307,Patna NSH,ICH Motihari,Bihar Circle
845315,845315,Patna NSH,ICH Motihari,Bihar Circle
845401,845402,Patna NSH,ICH Motihari,Bihar Circle
845405,845406,Patna NSH,ICH Motihari,Bihar Circle
845411,845440,Patna NSH,ICH Motihari,Bihar Circle
845455,845459,Patna NSH,ICH Motihari,Bihar Circle
851101,851101,Patna NSH,Barauni ICH,Bihar Circle
851110,851121,Patna NSH,Barauni ICH,Bihar Circle
851126,851135,Patna NSH,Barauni ICH,Bihar Circle
851201,851206,Patna NSH,Barauni ICH,Bihar Circle
851210,851218,Patna NSH,Barauni ICH,Bihar Circle
848201,848204,Patna NSH,Barauni ICH,Bihar Circle
824201,824203,Patna NSH,Gaya ICH,Bihar Circle
852161,852161,Patna NSH,Barauni ICH,Bihar Circle
852201,852202,Patna NSH,ICH SAHARSA,Bihar Circle
852212,852221,Patna NSH,ICH SAHARSA,Bihar Circle
852119,852119,Patna NSH,ICH SAHARSA,Bihar Circle
852121,852132,Patna NSH,ICH SAHARSA,Bihar Circle
852134,852134,Patna NSH,ICH SAHARSA,Bihar Circle
852137,852139,Patna NSH,ICH SAHARSA,Bihar Circle
852101,852101,Patna NSH,ICH SAHARSA,Bihar Circle
852105,852116,Patna NSH,ICH SAHARSA,Bihar Circle
854338,854340,Patna NSH,ICH SAHARSA,Bihar Circle
847451,847451,Patna NSH,ICH SAHARSA,Bihar Circle
847452,847452,Patna NSH,ICH SAHARSA,Bihar Circle
852133,852133,Patna NSH,ICH SAHARSA,Bihar Circle
854105,854105,Patna NSH,ICH KATIHAR,Bihar Circle
854110,854110,Patna NSH,ICH KATIHAR,Bihar Circle
854112,854117,Patna NSH,ICH KATIHAR,Bihar Circle
854201,854205,Patna NSH,ICH KATIHAR,Bihar Circle
854301,854306,Patna NSH,ICH KATIHAR,Bihar Circle
854311,854312,Patna NSH,ICH KATIHAR,Bihar Circle
854315,854318,Patna NSH,ICH KATIHAR,Bihar Circle
854325,854337,Patna NSH,ICH KATIHAR,Bihar Circle
855101,855102,Patna NSH,ICH KATIHAR,Bihar Circle
855105,855108,Patna NSH,ICH KATIHAR,Bihar Circle
855113,855117,Patna NSH,ICH KATIHAR,Bihar Circle
842004,842006,Patna NSH,Muzaffarpur ICH,Bihar Circle
843101,843109,Patna NSH,Muzaffarpur ICH,Bihar Circle
843111,843113,Patna NSH,Muzaffarpur ICH,Bihar Circle
843115,843132,Patna NSH,Muzaffarpur ICH,Bihar Circle
843312,843312,Patna NSH,Muzaffarpur ICH,Bihar Circle
843321,843321,Patna NSH,Muzaffarpur ICH,Bihar Circle
843360,843360,Patna NSH,Muzaffarpur ICH,Bihar Circle
844112,844112,Patna NSH,Muzaffarpur ICH,Bihar Circle
844120,844120,Patna NSH,Muzaffarpur ICH,Bihar Circle
844127,844127,Patna NSH,Muzaffarpur ICH,Bihar Circle
843301,843302,Patna NSH,Muzaffarpur ICH,Bihar Circle
843311,843311,Patna NSH,Muzaffarpur ICH,Bihar Circle
843313,843320,Patna NSH,Muzaffarpur ICH,Bihar Circle
843322,843335,Patna NSH,Muzaffarpur ICH,Bihar Circle
848101,848104,Patna NSH,Muzaffarpur ICH,Bihar Circle
848113,848115,Patna NSH,Muzaffarpur ICH,Bihar Circle
848117,848117,Patna NSH,Muzaffarpur ICH,Bihar Circle
848121,848122,Patna NSH,Muzaffarpur ICH,Bihar Circle
848125,848125,Patna NSH,Muzaffarpur ICH,Bihar Circle
848127,848127,Patna NSH,Muzaffarpur ICH,Bihar Circle
848129,848134,Patna NSH,Muzaffarpur ICH,Bihar Circle
848160,848160,Patna NSH,Muzaffarpur ICH,Bihar Circle
848205,848211,Patna NSH,Muzaffarpur ICH,Bihar Circle
848213,848213,Patna NSH,Muzaffarpur ICH,Bihar Circle
848216,848216,Patna NSH,Muzaffarpur ICH,Bihar Circle
848236,848236,Patna NSH,Muzaffarpur ICH,Bihar Circle
848301,848302,Patna NSH,Muzaffarpur ICH,Bihar Circle
848501,848506,Patna NSH,Muzaffarpur ICH,Bihar Circle
846001,846009,Patna NSH,ICH Darbhanga,Bihar Circle
846010,846010,Patna NSH,ICH Darbhanga,Bihar Circle
847101,847109,Patna NSH,ICH Darbhanga,Bihar Circle
847115,847115,Patna NSH,ICH Darbhanga,Bihar Circle
847121,847123,Patna NSH,ICH Darbhanga,Bihar Circle
847201,847204,Patna NSH,ICH Darbhanga,Bihar Circle
847211,847215,Patna NSH,ICH Darbhanga,Bihar Circle
847222,847236,Patna NSH,ICH Darbhanga,Bihar Circle
847238,847240,Patna NSH,ICH Darbhanga,Bihar Circle
847301,847308,Patna NSH,ICH Darbhanga,Bihar Circle
847337,847337,Patna NSH,ICH Darbhanga,Bihar Circle
847401,847405,Patna NSH,ICH Darbhanga,Bihar Circle
847407,847412,Patna NSH,ICH Darbhanga,Bihar Circle
847421,847424,Patna NSH,ICH Darbhanga,Bihar Circle
847427,847429,Patna NSH,ICH Darbhanga,Bihar Circle
492001,492001,Raipur NSH,Raipur NSH,Chhattisgarh Circle
492002,492003,Raipur NSH,Raipur NSH,Chhattisgarh Circle
492004,492004,Raipur NSH,Raipur NSH,Chhattisgarh Circle
492005,492005,Raipur NSH,Raipur NSH,Chhattisgarh Circle
492008,492010,Raipur NSH,Raipur NSH,Chhattisgarh Circle
492014,492018,Raipur NSH,Raipur NSH,Chhattisgarh Circle
492099,492099,Raipur NSH,Raipur NSH,Chhattisgarh Circle
492101,493999,Raipur NSH,Raipur NSH,Chhattisgarh Circle
495001,495001,Raipur NSH,Bilaspur ICH,Chhattisgarh Circle
495004,495006,Raipur NSH,Bilaspur ICH,Chhattisgarh Circle
495003,495003,Raipur NSH,Bilaspur ICH,Chhattisgarh Circle
495009,495999,Raipur NSH,Bilaspur ICH,Chhattisgarh Circle
496001,496001,Raipur NSH,Raigarh ICH,Chhattisgarh Circle
496005,496999,Raipur NSH,Raigarh ICH,Chhattisgarh Circle
497001,497001,Raipur NSH,AMBIKAPUR ICH,Chhattisgarh Circle
497101,497999,Raipur NSH,AMBIKAPUR ICH,Chhattisgarh Circle
494001,494001,Raipur NSH,Jagdalpur ICH,Chhattisgarh Circle
494010,494999,Raipur NSH,Jagdalpur ICH,Chhattisgarh Circle
110001,110999,New Delhi NSH,New Delhi NSH,Delhi Circle
194101,194101,New Delhi NSH,ICH Leh,Jammu and Kashmir Circle
194102,194104,New Delhi NSH,ICH Leh,Jammu and Kashmir Circle
194106,194107,New Delhi NSH,ICH Leh,Jammu and Kashmir Circle
194109,194109,New Delhi NSH,ICH Leh,Jammu and Kashmir Circle
194201,194202,New Delhi NSH,ICH Leh,Jammu and Kashmir Circle
194301,194303,New Delhi NSH,ICH Leh,Jammu and Kashmir Circle
194401,194401,New Delhi NSH,ICH Leh,Jammu and Kashmir Circle
380001,380063,Ahmedabad NSH,Ahmedabad NSH,Gujarat Circle
380064,380999,Ahmedabad NSH,Ahmedabad NSH,Gujarat Circle
382000,382999,Ahmedabad NSH,Ahmedabad NSH,Gujarat Circle
360000,360007,Rajkot NSH,Rajkot NSH,Gujarat Circle
360008,360509,Rajkot NSH,Rajkot NSH,Gujarat Circle
360591,360999,Rajkot NSH,Rajkot NSH,Gujarat Circle
363621,363654,Rajkot NSH,Rajkot NSH,Gujarat Circle
363656,363670,Rajkot NSH,Rajkot NSH,Gujarat Circle
394000,394100,Surat NSH,Surat NSH,Gujarat Circle
394101,394101,Surat NSH,Surat NSH,Gujarat Circle
394102,394104,Surat NSH,Surat NSH,Gujarat Circle
394105,394105,Surat NSH,Surat NSH,Gujarat Circle
394106,394106,Surat NSH,Surat NSH,Gujarat Circle
394107,394107,Surat NSH,Surat NSH,Gujarat Circle
394108,394114,Surat NSH,Surat NSH,Gujarat Circle
394116,394149,Surat NSH,Surat NSH,Gujarat Circle
394150,394150,Surat NSH,Surat NSH,Gujarat Circle
394151,394209,Surat NSH,Surat NSH,Gujarat Circle
394210,394210,Surat NSH,Surat NSH,Gujarat Circle
394211,394220,Surat NSH,Surat NSH,Gujarat Circle
394221,394221,Surat NSH,Surat NSH,Gujarat Circle
394222,394229,Surat NSH,Surat NSH,Gujarat Circle
394230,394230,Surat NSH,Surat NSH,Gujarat Circle
394231,394509,Surat NSH,Surat NSH,Gujarat Circle
394510,394510,Surat NSH,Surat NSH,Gujarat Circle
394511,394517,Surat NSH,Surat NSH,Gujarat Circle
394518,394518,Surat NSH,Surat NSH,Gujarat Circle
394519,394519,Surat NSH,Surat NSH,Gujarat Circle
394520,394520,Surat NSH,Surat NSH,Gujarat Circle
394521,394549,Surat NSH,Surat NSH,Gujarat Circle
394550,394550,Surat NSH,Surat NSH,Gujarat Circle
394551,394809,Surat NSH,Surat NSH,Gujarat Circle
394811,394999,Surat NSH,Surat NSH,Gujarat Circle
395000,395023,Surat NSH,Surat NSH,Gujarat Circle
490001,490001,Raipur NSH,Durg ICH,Chhattisgarh Circle
490002,490011,Raipur NSH,Durg ICH,Chhattisgarh Circle
194000,194000,New Delhi NSH,ICH Leh,Jammu and Kashmir Circle
395024,395999,Surat NSH,Surat NSH,Gujarat Circle
396510,396510,Surat NSH,Surat NSH,Gujarat Circle
383000,383002,Ahmedabad NSH,Himatnagar ICH,Gujarat Circle
383003,383999,Ahmedabad NSH,Himatnagar ICH,Gujarat Circle
384000,384005,Ahmedabad NSH,Mehsana ICH,Gujarat Circle
384006,384999,Ahmedabad NSH,Mehsana ICH,Gujarat Circle
385340,385340,Ahmedabad NSH,Mehsana ICH,Gujarat Circle
385350,385350,Ahmedabad NSH,Mehsana ICH,Gujarat Circle
385360,385360,Ahmedabad NSH,Mehsana ICH,Gujarat Circle
385000,385001,Ahmedabad NSH,Palanpur ICH,Gujarat Circle
492012,492013,Raipur NSH,Raipur NSH,Chhattisgarh Circle
385002,385339,Ahmedabad NSH,Palanpur ICH,Gujarat Circle
385341,385349,Ahmedabad NSH,Palanpur ICH,Gujarat Circle
385351,385359,Ahmedabad NSH,Palanpur ICH,Gujarat Circle
385361,385999,Ahmedabad NSH,Palanpur ICH,Gujarat Circle
390000,390025,Ahmedabad NSH,Vadodara ICH,Gujarat Circle
390026,390999,Ahmedabad NSH,Vadodara ICH,Gujarat Circle
391000,391799,Ahmedabad NSH,Vadodara ICH,Gujarat Circle
387000,387999,Ahmedabad NSH,Anand ICH,Gujarat Circle
388000,388001,Ahmedabad NSH,Anand ICH,Gujarat Circle
388002,388269,Ahmedabad NSH,Anand ICH,Gujarat Circle
388271,388709,Ahmedabad NSH,Anand ICH,Gujarat Circle
388711,388712,Ahmedabad NSH,Anand ICH,Gujarat Circle
388714,388999,Ahmedabad NSH,Anand ICH,Gujarat Circle
388270,388270,Ahmedabad NSH,Godhra ICH,Gujarat Circle
388710,388710,Ahmedabad NSH,Godhra ICH,Gujarat Circle
388713,388713,Ahmedabad NSH,Godhra ICH,Gujarat Circle
389000,389002,Ahmedabad NSH,Godhra ICH,Gujarat Circle
389003,389999,Ahmedabad NSH,Godhra ICH,Gujarat Circle
360510,360540,Rajkot NSH,Jamnagar ICH,Gujarat Circle
361000,361008,Rajkot NSH,Jamnagar ICH,Gujarat Circle
361009,361999,Rajkot NSH,Jamnagar ICH,Gujarat Circle
363655,363655,Rajkot NSH,Jamnagar ICH,Gujarat Circle
360545,360590,Rajkot NSH,Junagadh ICH,Gujarat Circle
362000,362002,Rajkot NSH,Junagadh ICH,Gujarat Circle
362015,362015,Rajkot NSH,Junagadh ICH,Gujarat Circle
362037,362037,Rajkot NSH,Junagadh ICH,Gujarat Circle
362003,362014,Rajkot NSH,Junagadh ICH,Gujarat Circle
362016,362036,Rajkot NSH,Junagadh ICH,Gujarat Circle
362038,362999,Rajkot NSH,Junagadh ICH,Gujarat Circle
363000,363040,Rajkot NSH,Surendranagar ICH,Gujarat Circle
363041,363620,Rajkot NSH,Surendranagar ICH,Gujarat Circle
363671,363999,Rajkot NSH,Surendranagar ICH,Gujarat Circle
365000,365001,Rajkot NSH,Amreli ICH,Gujarat Circle
365002,365999,Rajkot NSH,Amreli ICH,Gujarat Circle
364515,364530,Rajkot NSH,Amreli ICH,Gujarat Circle
364000,364006,Rajkot NSH,Bhavnagar ICH,Gujarat Circle
364007,364514,Rajkot NSH,Bhavnagar ICH,Gujarat Circle
364531,364999,Rajkot NSH,Bhavnagar ICH,Gujarat Circle
370000,370001,Rajkot NSH,Bhuj ICH,Gujarat Circle
370002,370999,Rajkot NSH,Bhuj ICH,Gujarat Circle
396000,396001,Surat NSH,Valsad ICH,Gujarat Circle
396002,396509,Surat NSH,Valsad ICH,Gujarat Circle
396511,396999,Surat NSH,Valsad ICH,Gujarat Circle
391800,391999,Surat NSH,Bharuch ICH,Gujarat Circle
392000,392015,Surat NSH,Bharuch ICH,Gujarat Circle
392016,392999,Surat NSH,Bharuch ICH,Gujarat Circle
393000,393999,Surat NSH,Bharuch ICH,Gujarat Circle
394115,394115,Surat NSH,Bharuch ICH,Gujarat Circle
394810,394810,Surat NSH,Bharuch ICH,Gujarat Circle
133001,133010,Ambala NSH,Ambala NSH,Haryana Circle
133101,133999,Ambala NSH,Ambala NSH,Haryana Circle
134001,134008,Ambala NSH,Ambala NSH,Haryana Circle
134101,135999,Ambala NSH,Ambala NSH,Haryana Circle
124001,124001,Rohtak NSH,Rohtak NSH,Haryana Circle
173102,173102,Ambala NSH,ICH KALKA,Himachal Pradesh Circle
173104,173104,Ambala NSH,ICH KALKA,Himachal Pradesh Circle
173201,173202,Ambala NSH,ICH KALKA,Himachal Pradesh Circle
173204,173211,Ambala NSH,ICH KALKA,Himachal Pradesh Circle
173212,173212,Ambala NSH,ICH KALKA,Himachal Pradesh Circle
173213,173215,Ambala NSH,ICH KALKA,Himachal Pradesh Circle
173217,173218,Ambala NSH,ICH KALKA,Himachal Pradesh Circle
173220,173223,Ambala NSH,ICH KALKA,Himachal Pradesh Circle
173225,173225,Ambala NSH,ICH KALKA,Himachal Pradesh Circle
173229,173230,Ambala NSH,ICH KALKA,Himachal Pradesh Circle
173233,173236,Ambala NSH,ICH KALKA,Himachal Pradesh Circle
174101,174103,Ambala NSH,ICH KALKA,Himachal Pradesh Circle
132001,132001,Ambala NSH,Karnal ICH,Haryana Circle
132002,132998,Ambala NSH,Karnal ICH,Haryana Circle
136000,136998,Ambala NSH,Karnal ICH,Haryana Circle
121001,121015,NSH Gurgaon,FARIDABAD  ICH,Haryana Circle
121101,121999,NSH Gurgaon,FARIDABAD  ICH,Haryana Circle
125001,125001,Rohtak NSH,Hisar ICH,Haryana Circle
125002,125999,Rohtak NSH,Hisar ICH,Haryana Circle
131001,131001,Rohtak NSH,ICH Sonepat,Haryana Circle
131002,131998,Rohtak NSH,ICH Sonepat,Haryana Circle
176034,176035,Pathankot NSH,Pathankot NSH,Himachal Pradesh Circle
176051,176051,Pathankot NSH,Pathankot NSH,Himachal Pradesh Circle
176053,176053,Pathankot NSH,Pathankot NSH,Himachal Pradesh Circle
176055,176056,Pathankot NSH,Pathankot NSH,Himachal Pradesh Circle
176058,176058,Pathankot NSH,Pathankot NSH,Himachal Pradesh Circle
176099,176099,Pathankot NSH,Pathankot NSH,Himachal Pradesh Circle
171001,171014,Shimla NSH,Shimla NSH,Himachal Pradesh Circle
171015,171199,Shimla NSH,Shimla NSH,Himachal Pradesh Circle
174301,174309,Pathankot NSH,HAMIRPUR(HP) ICH,Himachal Pradesh Circle
174311,174312,Pathankot NSH,HAMIRPUR(HP) ICH,Himachal Pradesh Circle
174314,174317,Pathankot NSH,HAMIRPUR(HP) ICH,Himachal Pradesh Circle
174319,174321,Pathankot NSH,HAMIRPUR(HP) ICH,Himachal Pradesh Circle
176039,176045,Pathankot NSH,HAMIRPUR(HP) ICH,Himachal Pradesh Circle
176048,176049,Pathankot NSH,HAMIRPUR(HP) ICH,Himachal Pradesh Circle
176108,176111,Pathankot NSH,HAMIRPUR(HP) ICH,Himachal Pradesh Circle
176601,176601,Pathankot NSH,HAMIRPUR(HP) ICH,Himachal Pradesh Circle
177001,177001,Pathankot NSH,HAMIRPUR(HP) ICH,Himachal Pradesh Circle
177005,177007,Pathankot NSH,HAMIRPUR(HP) ICH,Himachal Pradesh Circle
177020,177029,Pathankot NSH,HAMIRPUR(HP) ICH,Himachal Pradesh Circle
177031,177031,Pathankot NSH,HAMIRPUR(HP) ICH,Himachal Pradesh Circle
177033,177033,Pathankot NSH,HAMIRPUR(HP) ICH,Himachal Pradesh Circle
177038,177042,Pathankot NSH,HAMIRPUR(HP) ICH,Himachal Pradesh Circle
177044,177045,Pathankot NSH,HAMIRPUR(HP) ICH,Himachal Pradesh Circle
177048,177048,Pathankot NSH,HAMIRPUR(HP) ICH,Himachal Pradesh Circle
177109,177110,Pathankot NSH,HAMIRPUR(HP) ICH,Himachal Pradesh Circle
177118,177119,Pathankot NSH,HAMIRPUR(HP) ICH,Himachal Pradesh Circle
177201,177213,Pathankot NSH,HAMIRPUR(HP) ICH,Himachal Pradesh Circle
177219,177220,Pathankot NSH,HAMIRPUR(HP) ICH,Himachal Pradesh Circle
177301,177301,Pathankot NSH,HAMIRPUR(HP) ICH,Himachal Pradesh Circle
177401,177401,Pathankot NSH,HAMIRPUR(HP) ICH,Himachal Pradesh Circle
177501,177501,Pathankot NSH,HAMIRPUR(HP) ICH,Himachal Pradesh Circle
177601,177601,Pathankot NSH,HAMIRPUR(HP) ICH,Himachal Pradesh Circle
124002,124999,Rohtak NSH,Rohtak NSH,Haryana Circle
176001,176028,Pathankot NSH,Pathankot NSH,Himachal Pradesh Circle
176038,176038,Pathankot NSH,Pathankot NSH,Himachal Pradesh Circle
174400,174499,Pathankot NSH,HAMIRPUR(HP) ICH,Himachal Pradesh Circle
174500,174599,Pathankot NSH,HAMIRPUR(HP) ICH,Himachal Pradesh Circle
172001,172001,Shimla NSH,Rampur Bsr ICH,Himachal Pradesh Circle
172002,172999,Shimla NSH,Rampur Bsr ICH,Himachal Pradesh Circle
180001,180007,Jammu NSH,Jammu NSH,Jammu and Kashmir Circle
180009,180013,Jammu NSH,Jammu NSH,Jammu and Kashmir Circle
180015,180016,Jammu NSH,Jammu NSH,Jammu and Kashmir Circle
180017,180017,Jammu NSH,Jammu NSH,Jammu and Kashmir Circle
180018,180020,Jammu NSH,Jammu NSH,Jammu and Kashmir Circle
181008,181008,Jammu NSH,Jammu NSH,Jammu and Kashmir Circle
181101,181102,Jammu NSH,Jammu NSH,Jammu and Kashmir Circle
181111,181111,Jammu NSH,Jammu NSH,Jammu and Kashmir Circle
181121,181121,Jammu NSH,Jammu NSH,Jammu and Kashmir Circle
181122,181122,Jammu NSH,Jammu NSH,Jammu and Kashmir Circle
181123,181124,Jammu NSH,Jammu NSH,Jammu and Kashmir Circle
181131,181132,Jammu NSH,Jammu NSH,Jammu and Kashmir Circle
181133,181133,Jammu NSH,Jammu NSH,Jammu and Kashmir Circle
181141,181141,Jammu NSH,Jammu NSH,Jammu and Kashmir Circle
181143,181143,Jammu NSH,Jammu NSH,Jammu and Kashmir Circle
181145,181145,Jammu NSH,Jammu NSH,Jammu and Kashmir Circle
181152,181152,Jammu NSH,Jammu NSH,Jammu and Kashmir Circle
181201,181203,Jammu NSH,Jammu NSH,Jammu and Kashmir Circle
181204,181204,Jammu NSH,Jammu NSH,Jammu and Kashmir Circle
181205,181205,Jammu NSH,Jammu NSH,Jammu and Kashmir Circle
181206,181208,Jammu NSH,Jammu NSH,Jammu and Kashmir Circle
181221,181221,Jammu NSH,Jammu NSH,Jammu and Kashmir Circle
181224,181224,Jammu NSH,Jammu NSH,Jammu and Kashmir Circle
182101,182101,Jammu NSH,Jammu NSH,Jammu and Kashmir Circle
182104,182104,Jammu NSH,Jammu NSH,Jammu and Kashmir Circle
182121,182122,Jammu NSH,Jammu NSH,Jammu and Kashmir Circle
182124,182128,Jammu NSH,Jammu NSH,Jammu and Kashmir Circle
182141,182148,Jammu NSH,Jammu NSH,Jammu and Kashmir Circle
182161,182161,Jammu NSH,Jammu NSH,Jammu and Kashmir Circle
182201,182207,Jammu NSH,Jammu NSH,Jammu and Kashmir Circle
182221,182222,Jammu NSH,Jammu NSH,Jammu and Kashmir Circle
182301,182301,Jammu NSH,Jammu NSH,Jammu and Kashmir Circle
182311,182313,Jammu NSH,Jammu NSH,Jammu and Kashmir Circle
182315,182315,Jammu NSH,Jammu NSH,Jammu and Kashmir Circle
182320,182320,Jammu NSH,Jammu NSH,Jammu and Kashmir Circle
184101,184102,Jammu NSH,Jammu NSH,Jammu and Kashmir Circle
184104,184104,Jammu NSH,Jammu NSH,Jammu and Kashmir Circle
184120,184121,Jammu NSH,Jammu NSH,Jammu and Kashmir Circle
184141,184145,Jammu NSH,Jammu NSH,Jammu and Kashmir Circle
184148,184148,Jammu NSH,Jammu NSH,Jammu and Kashmir Circle
184151,184152,Jammu NSH,Jammu NSH,Jammu and Kashmir Circle
184201,184206,Jammu NSH,Jammu NSH,Jammu and Kashmir Circle
184210,184210,Jammu NSH,Jammu NSH,Jammu and Kashmir Circle
185101,185102,Jammu NSH,Jammu NSH,Jammu and Kashmir Circle
185121,185121,Jammu NSH,Jammu NSH,Jammu and Kashmir Circle
185131,185133,Jammu NSH,Jammu NSH,Jammu and Kashmir Circle
185135,185135,Jammu NSH,Jammu NSH,Jammu and Kashmir Circle
185151,185156,Jammu NSH,Jammu NSH,Jammu and Kashmir Circle
185201,185203,Jammu NSH,Jammu NSH,Jammu and Kashmir Circle
185211,185212,Jammu NSH,Jammu NSH,Jammu and Kashmir Circle
185233,185234,Jammu NSH,Jammu NSH,Jammu and Kashmir Circle
190001,190012,Srinagar NSH,Srinagar NSH,Jammu and Kashmir Circle
190014,190015,Srinagar NSH,Srinagar NSH,Jammu and Kashmir Circle
190017,190021,Srinagar NSH,Srinagar NSH,Jammu and Kashmir Circle
190023,190025,Srinagar NSH,Srinagar NSH,Jammu and Kashmir Circle
191101,191101,Srinagar NSH,Srinagar NSH,Jammu and Kashmir Circle
191102,191103,Srinagar NSH,Srinagar NSH,Jammu and Kashmir Circle
191111,191113,Srinagar NSH,Srinagar NSH,Jammu and Kashmir Circle
191121,191121,Srinagar NSH,Srinagar NSH,Jammu and Kashmir Circle
191131,191132,Srinagar NSH,Srinagar NSH,Jammu and Kashmir Circle
191201,191202,Srinagar NSH,Srinagar NSH,Jammu and Kashmir Circle
192101,192101,Srinagar NSH,Srinagar NSH,Jammu and Kashmir Circle
192121,192126,Srinagar NSH,Srinagar NSH,Jammu and Kashmir Circle
192129,192129,Srinagar NSH,Srinagar NSH,Jammu and Kashmir Circle
192201,192202,Srinagar NSH,Srinagar NSH,Jammu and Kashmir Circle
192210,192212,Srinagar NSH,Srinagar NSH,Jammu and Kashmir Circle
192221,192221,Srinagar NSH,Srinagar NSH,Jammu and Kashmir Circle
192231,192233,Srinagar NSH,Srinagar NSH,Jammu and Kashmir Circle
192301,192305,Srinagar NSH,Srinagar NSH,Jammu and Kashmir Circle
192401,192401,Srinagar NSH,Srinagar NSH,Jammu and Kashmir Circle
193101,193101,Srinagar NSH,Srinagar NSH,Jammu and Kashmir Circle
193103,193103,Srinagar NSH,Srinagar NSH,Jammu and Kashmir Circle
193108,193109,Srinagar NSH,Srinagar NSH,Jammu and Kashmir Circle
193121,193123,Srinagar NSH,Srinagar NSH,Jammu and Kashmir Circle
193201,193201,Srinagar NSH,Srinagar NSH,Jammu and Kashmir Circle
193221,193225,Srinagar NSH,Srinagar NSH,Jammu and Kashmir Circle
193301,193303,Srinagar NSH,Srinagar NSH,Jammu and Kashmir Circle
193306,193306,Srinagar NSH,Srinagar NSH,Jammu and Kashmir Circle
193401,193404,Srinagar NSH,Srinagar NSH,Jammu and Kashmir Circle
193411,193411,Srinagar NSH,Srinagar NSH,Jammu and Kashmir Circle
193501,193505,Srinagar NSH,Srinagar NSH,Jammu and Kashmir Circle
825101,825101,Ranchi NSH,Ranchi NSH,Jharkhand Circle
825301,825303,Ranchi NSH,Ranchi NSH,Jharkhand Circle
825311,825317,Ranchi NSH,Ranchi NSH,Jharkhand Circle
825319,825319,Ranchi NSH,Ranchi NSH,Jharkhand Circle
825321,825321,Ranchi NSH,Ranchi NSH,Jharkhand Circle
825325,825326,Ranchi NSH,Ranchi NSH,Jharkhand Circle
825330,825330,Ranchi NSH,Ranchi NSH,Jharkhand Circle
825336,825336,Ranchi NSH,Ranchi NSH,Jharkhand Circle
825402,825402,Ranchi NSH,Ranchi NSH,Jharkhand Circle
825411,825411,Ranchi NSH,Ranchi NSH,Jharkhand Circle
825415,825415,Ranchi NSH,Ranchi NSH,Jharkhand Circle
829101,829103,Ranchi NSH,Ranchi NSH,Jharkhand Circle
829105,829106,Ranchi NSH,Ranchi NSH,Jharkhand Circle
829108,829110,Ranchi NSH,Ranchi NSH,Jharkhand Circle
829117,829119,Ranchi NSH,Ranchi NSH,Jharkhand Circle
829122,829122,Ranchi NSH,Ranchi NSH,Jharkhand Circle
829124,829126,Ranchi NSH,Ranchi NSH,Jharkhand Circle
829130,829131,Ranchi NSH,Ranchi NSH,Jharkhand Circle
829133,829135,Ranchi NSH,Ranchi NSH,Jharkhand Circle
829143,829143,Ranchi NSH,Ranchi NSH,Jharkhand Circle
829150,829150,Ranchi NSH,Ranchi NSH,Jharkhand Circle
834001,834012,Ranchi NSH,Ranchi NSH,Jharkhand Circle
834017,834017,Ranchi NSH,Ranchi NSH,Jharkhand Circle
835101,835103,Ranchi NSH,Ranchi NSH,Jharkhand Circle
835201,835235,Ranchi NSH,Ranchi NSH,Jharkhand Circle
835301,835303,Ranchi NSH,Ranchi NSH,Jharkhand Circle
835325,835325,Ranchi NSH,Ranchi NSH,Jharkhand Circle
822101,822102,Ranchi NSH,Daltonganj ICH,Jharkhand Circle
822110,822126,Ranchi NSH,Daltonganj ICH,Jharkhand Circle
822128,822129,Ranchi NSH,Daltonganj ICH,Jharkhand Circle
822131,822134,Ranchi NSH,Daltonganj ICH,Jharkhand Circle
829201,829210,Ranchi NSH,Daltonganj ICH,Jharkhand Circle
825103,825103,Ranchi NSH,ICH Koderma,Jharkhand Circle
825109,825109,Ranchi NSH,ICH Koderma,Jharkhand Circle
825132,825132,Ranchi NSH,ICH Koderma,Jharkhand Circle
825318,825318,Ranchi NSH,ICH Koderma,Jharkhand Circle
825323,825323,Ranchi NSH,ICH Koderma,Jharkhand Circle
825401,825401,Ranchi NSH,ICH Koderma,Jharkhand Circle
825403,825410,Ranchi NSH,ICH Koderma,Jharkhand Circle
825413,825414,Ranchi NSH,ICH Koderma,Jharkhand Circle
825418,825418,Ranchi NSH,ICH Koderma,Jharkhand Circle
825421,825421,Ranchi NSH,ICH Koderma,Jharkhand Circle
813208,813208,Ranchi NSH,BDeoghar ICH,Jharkhand Circle
814101,814103,Ranchi NSH,BDeoghar ICH,Jharkhand Circle
814110,814114,Ranchi NSH,BDeoghar ICH,Jharkhand Circle
814115,814117,Ranchi NSH,BDeoghar ICH,Jharkhand Circle
814118,814120,Ranchi NSH,BDeoghar ICH,Jharkhand Circle
814133,814133,Ranchi NSH,BDeoghar ICH,Jharkhand Circle
814141,814158,Ranchi NSH,BDeoghar ICH,Jharkhand Circle
814160,814160,Ranchi NSH,BDeoghar ICH,Jharkhand Circle
814165,814167,Ranchi NSH,BDeoghar ICH,Jharkhand Circle
190000,190000,Srinagar NSH,Srinagar NSH,Jammu and Kashmir Circle
815351,815355,Ranchi NSH,BDeoghar ICH,Jharkhand Circle
815357,815357,Ranchi NSH,BDeoghar ICH,Jharkhand Circle
815359,815359,Ranchi NSH,BDeoghar ICH,Jharkhand Circle
816101,816110,Ranchi NSH,BDeoghar ICH,Jharkhand Circle
816115,816118,Ranchi NSH,BDeoghar ICH,Jharkhand Circle
816120,816120,Ranchi NSH,BDeoghar ICH,Jharkhand Circle
816129,816129,Ranchi NSH,BDeoghar ICH,Jharkhand Circle
815301,815302,Ranchi NSH,Dhanbad ICH,Jharkhand Circle
815311,815318,Ranchi NSH,Dhanbad ICH,Jharkhand Circle
825102,825102,Ranchi NSH,Dhanbad ICH,Jharkhand Circle
825106,825106,Ranchi NSH,Dhanbad ICH,Jharkhand Circle
825108,825108,Ranchi NSH,Dhanbad ICH,Jharkhand Circle
825167,825167,Ranchi NSH,Dhanbad ICH,Jharkhand Circle
825320,825320,Ranchi NSH,Dhanbad ICH,Jharkhand Circle
825322,825322,Ranchi NSH,Dhanbad ICH,Jharkhand Circle
825324,825324,Ranchi NSH,Dhanbad ICH,Jharkhand Circle
825329,825329,Ranchi NSH,Dhanbad ICH,Jharkhand Circle
825412,825412,Ranchi NSH,Dhanbad ICH,Jharkhand Circle
826001,826001,Ranchi NSH,Dhanbad ICH,Jharkhand Circle
826003,826010,Ranchi NSH,Dhanbad ICH,Jharkhand Circle
826012,826013,Ranchi NSH,Dhanbad ICH,Jharkhand Circle
827001,827001,Ranchi NSH,Dhanbad ICH,Jharkhand Circle
827003,827004,Ranchi NSH,Dhanbad ICH,Jharkhand Circle
827006,827006,Ranchi NSH,Dhanbad ICH,Jharkhand Circle
827009,827010,Ranchi NSH,Dhanbad ICH,Jharkhand Circle
827012,827015,Ranchi NSH,Dhanbad ICH,Jharkhand Circle
827302,827302,Ranchi NSH,Dhanbad ICH,Jharkhand Circle
828101,828101,Ranchi NSH,Dhanbad ICH,Jharkhand Circle
828103,828117,Ranchi NSH,Dhanbad ICH,Jharkhand Circle
828119,828135,Ranchi NSH,Dhanbad ICH,Jharkhand Circle
828142,828142,Ranchi NSH,Dhanbad ICH,Jharkhand Circle
828201,828207,Ranchi NSH,Dhanbad ICH,Jharkhand Circle
828301,828307,Ranchi NSH,Dhanbad ICH,Jharkhand Circle
828309,828309,Ranchi NSH,Dhanbad ICH,Jharkhand Circle
828401,828404,Ranchi NSH,Dhanbad ICH,Jharkhand Circle
829104,829104,Ranchi NSH,Dhanbad ICH,Jharkhand Circle
829107,829107,Ranchi NSH,Dhanbad ICH,Jharkhand Circle
829111,829114,Ranchi NSH,Dhanbad ICH,Jharkhand Circle
829116,829116,Ranchi NSH,Dhanbad ICH,Jharkhand Circle
829121,829121,Ranchi NSH,Dhanbad ICH,Jharkhand Circle
829123,829123,Ranchi NSH,Dhanbad ICH,Jharkhand Circle
829127,829129,Ranchi NSH,Dhanbad ICH,Jharkhand Circle
829132,829132,Ranchi NSH,Dhanbad ICH,Jharkhand Circle
829144,829144,Ranchi NSH,Dhanbad ICH,Jharkhand Circle
829149,829149,Ranchi NSH,Dhanbad ICH,Jharkhand Circle
829301,829301,Ranchi NSH,Dhanbad ICH,Jharkhand Circle
831001,831007,Ranchi NSH,Jamshedpur ICH,Jharkhand Circle
831009,831009,Ranchi NSH,Jamshedpur ICH,Jharkhand Circle
831011,831017,Ranchi NSH,Jamshedpur ICH,Jharkhand Circle
831019,831020,Ranchi NSH,Jamshedpur ICH,Jharkhand Circle
832101,832109,Ranchi NSH,Jamshedpur ICH,Jharkhand Circle
832111,832113,Ranchi NSH,Jamshedpur ICH,Jharkhand Circle
832301,832304,Ranchi NSH,Jamshedpur ICH,Jharkhand Circle
832401,832404,Ranchi NSH,Jamshedpur ICH,Jharkhand Circle
833101,833106,Ranchi NSH,Jamshedpur ICH,Jharkhand Circle
833201,833204,Ranchi NSH,Jamshedpur ICH,Jharkhand Circle
833212,833223,Ranchi NSH,Jamshedpur ICH,Jharkhand Circle
560001,560119,Bengaluru NSH,Bengaluru NSH,Karnataka Circle
560300,560300,Bengaluru NSH,Bengaluru NSH,Karnataka Circle
560500,560500,Bengaluru NSH,Bengaluru NSH,Karnataka Circle
561101,561201,Bengaluru NSH,Bengaluru NSH,Karnataka Circle
561203,562999,Bengaluru NSH,Bengaluru NSH,Karnataka Circle
575001,575030,Mangaluru NSH,Mangaluru NSH,Karnataka Circle
580001,580032,Hubballi Dharwad NSH,Hubballi Dharwad NSH,Karnataka Circle
580112,581229,Hubballi Dharwad NSH,Hubballi Dharwad NSH,Karnataka Circle
581309,581313,Hubballi Dharwad NSH,Hubballi Dharwad NSH,Karnataka Circle
581315,581315,Hubballi Dharwad NSH,Hubballi Dharwad NSH,Karnataka Circle
581318,581318,Hubballi Dharwad NSH,Hubballi Dharwad NSH,Karnataka Circle
581325,581325,Hubballi Dharwad NSH,Hubballi Dharwad NSH,Karnataka Circle
581329,581329,Hubballi Dharwad NSH,Hubballi Dharwad NSH,Karnataka Circle
581331,581331,Hubballi Dharwad NSH,Hubballi Dharwad NSH,Karnataka Circle
581336,581337,Hubballi Dharwad NSH,Hubballi Dharwad NSH,Karnataka Circle
581340,581340,Hubballi Dharwad NSH,Hubballi Dharwad NSH,Karnataka Circle
581346,581347,Hubballi Dharwad NSH,Hubballi Dharwad NSH,Karnataka Circle
581349,581349,Hubballi Dharwad NSH,Hubballi Dharwad NSH,Karnataka Circle
581355,581356,Hubballi Dharwad NSH,Hubballi Dharwad NSH,Karnataka Circle
581358,581359,Hubballi Dharwad NSH,Hubballi Dharwad NSH,Karnataka Circle
581363,581383,Hubballi Dharwad NSH,Hubballi Dharwad NSH,Karnataka Circle
581385,581395,Hubballi Dharwad NSH,Hubballi Dharwad NSH,Karnataka Circle
581397,581399,Hubballi Dharwad NSH,Hubballi Dharwad NSH,Karnataka Circle
581401,581420,Hubballi Dharwad NSH,Hubballi Dharwad NSH,Karnataka Circle
581422,581422,Hubballi Dharwad NSH,Hubballi Dharwad NSH,Karnataka Circle
581424,581439,Hubballi Dharwad NSH,Hubballi Dharwad NSH,Karnataka Circle
581441,581499,Hubballi Dharwad NSH,Hubballi Dharwad NSH,Karnataka Circle
582101,582999,Hubballi Dharwad NSH,Hubballi Dharwad NSH,Karnataka Circle
572101,572108,Bengaluru NSH,Tumakuru ICH,Karnataka Circle
572111,572999,Bengaluru NSH,Tumakuru ICH,Karnataka Circle
561202,561202,Bengaluru NSH,Tumakuru ICH,Karnataka Circle
563101,563104,Bengaluru NSH,BANGARPET ICH,Karnataka Circle
563111,563999,Bengaluru NSH,BANGARPET ICH,Karnataka Circle
577001,577009,Bengaluru NSH,DAVANAGERE ICH,Karnataka Circle
577213,577213,Bengaluru NSH,DAVANAGERE ICH,Karnataka Circle
577215,577215,Bengaluru NSH,DAVANAGERE ICH,Karnataka Circle
577217,577219,Bengaluru NSH,DAVANAGERE ICH,Karnataka Circle
577221,577221,Bengaluru NSH,DAVANAGERE ICH,Karnataka Circle
577223,577225,Bengaluru NSH,DAVANAGERE ICH,Karnataka Circle
577230,577231,Bengaluru NSH,DAVANAGERE ICH,Karnataka Circle
577601,577601,Bengaluru NSH,DAVANAGERE ICH,Karnataka Circle
573103,573103,Bengaluru NSH,Arsikere ICH,Karnataka Circle
573101,573102,Bengaluru NSH,Arsikere ICH,Karnataka Circle
573104,573999,Bengaluru NSH,Arsikere ICH,Karnataka Circle
577228,577228,Bengaluru NSH,Arsikere ICH,Karnataka Circle
577547,577550,Bengaluru NSH,Arsikere ICH,Karnataka Circle
577201,577205,Bengaluru NSH,SHIVAMOGGA ICH,Karnataka Circle
577245,577245,Bengaluru NSH,SHIVAMOGGA ICH,Karnataka Circle
577229,577229,Bengaluru NSH,SHIVAMOGGA ICH,Karnataka Circle
577401,577453,Bengaluru NSH,SHIVAMOGGA ICH,Karnataka Circle
577115,577115,Bengaluru NSH,SHIVAMOGGA ICH,Karnataka Circle
577301,577302,Bengaluru NSH,SHIVAMOGGA ICH,Karnataka Circle
570001,570034,Bengaluru NSH,Mysuru ICH,Karnataka Circle
571101,571189,Bengaluru NSH,Mysuru ICH,Karnataka Circle
571201,571299,Bengaluru NSH,Mysuru ICH,Karnataka Circle
571301,571399,Bengaluru NSH,Mysuru ICH,Karnataka Circle
571401,571499,Bengaluru NSH,Mysuru ICH,Karnataka Circle
571601,571699,Bengaluru NSH,Mysuru ICH,Karnataka Circle
571802,571812,Bengaluru NSH,Mysuru ICH,Karnataka Circle
581330,581330,Hubballi Dharwad NSH,Kumta ICH,Karnataka Circle
581322,581322,Hubballi Dharwad NSH,Kumta ICH,Karnataka Circle
581343,581343,Hubballi Dharwad NSH,Kumta ICH,Karnataka Circle
581362,581362,Hubballi Dharwad NSH,Kumta ICH,Karnataka Circle
581301,581308,Hubballi Dharwad NSH,Kumta ICH,Karnataka Circle
581314,581314,Hubballi Dharwad NSH,Kumta ICH,Karnataka Circle
581316,581317,Hubballi Dharwad NSH,Kumta ICH,Karnataka Circle
581319,581321,Hubballi Dharwad NSH,Kumta ICH,Karnataka Circle
581323,581324,Hubballi Dharwad NSH,Kumta ICH,Karnataka Circle
581326,581328,Hubballi Dharwad NSH,Kumta ICH,Karnataka Circle
581332,581335,Hubballi Dharwad NSH,Kumta ICH,Karnataka Circle
581338,581339,Hubballi Dharwad NSH,Kumta ICH,Karnataka Circle
581341,581342,Hubballi Dharwad NSH,Kumta ICH,Karnataka Circle
581344,581345,Hubballi Dharwad NSH,Kumta ICH,Karnataka Circle
581348,581348,Hubballi Dharwad NSH,Kumta ICH,Karnataka Circle
581350,581354,Hubballi Dharwad NSH,Kumta ICH,Karnataka Circle
577501,577546,Bengaluru NSH,DAVANAGERE ICH,Karnataka Circle
577101,577114,Bengaluru NSH,Arsikere ICH,Karnataka Circle
581357,581357,Hubballi Dharwad NSH,Kumta ICH,Karnataka Circle
581360,581361,Hubballi Dharwad NSH,Kumta ICH,Karnataka Circle
581384,581384,Hubballi Dharwad NSH,Kumta ICH,Karnataka Circle
581396,581396,Hubballi Dharwad NSH,Kumta ICH,Karnataka Circle
581400,581400,Hubballi Dharwad NSH,Kumta ICH,Karnataka Circle
581421,581421,Hubballi Dharwad NSH,Kumta ICH,Karnataka Circle
581423,581423,Hubballi Dharwad NSH,Kumta ICH,Karnataka Circle
581440,581440,Hubballi Dharwad NSH,Kumta ICH,Karnataka Circle
583201,583201,Hubballi Dharwad NSH,Hosapete ICH,Karnataka Circle
583203,583203,Hubballi Dharwad NSH,Hosapete ICH,Karnataka Circle
583211,583211,Hubballi Dharwad NSH,Hosapete ICH,Karnataka Circle
583225,583225,Hubballi Dharwad NSH,Hosapete ICH,Karnataka Circle
586101,586109,Hubballi Dharwad NSH,Vijayapura ICH,Karnataka Circle
586110,586217,Hubballi Dharwad NSH,Vijayapura ICH,Karnataka Circle
587101,587104,Hubballi Dharwad NSH,Bagalkot ICH,Karnataka Circle
587111,587111,Hubballi Dharwad NSH,Bagalkot ICH,Karnataka Circle
587112,587330,Hubballi Dharwad NSH,Bagalkot ICH,Karnataka Circle
590001,590019,Hubballi Dharwad NSH,Belagavi ICH,Karnataka Circle
590020,591999,Hubballi Dharwad NSH,Belagavi ICH,Karnataka Circle
584101,584104,Hyderabad NSH,Raichur ICH,Karnataka Circle
584105,584203,Hyderabad NSH,Raichur ICH,Karnataka Circle
585101,585107,Hyderabad NSH,Kalaburagi ICH,Karnataka Circle
585108,585999,Hyderabad NSH,Kalaburagi ICH,Karnataka Circle
682000,682006,Kochi NSH,Kochi NSH,Kerala Circle
682007,682008,Kochi NSH,Kochi NSH,Kerala Circle
682009,682010,Kochi NSH,Kochi NSH,Kerala Circle
682011,682011,Kochi NSH,Kochi NSH,Kerala Circle
682012,682013,Kochi NSH,Kochi NSH,Kerala Circle
682015,682020,Kochi NSH,Kochi NSH,Kerala Circle
682021,682022,Kochi NSH,Kochi NSH,Kerala Circle
682023,682026,Kochi NSH,Kochi NSH,Kerala Circle
682027,682027,Kochi NSH,Kochi NSH,Kerala Circle
682028,682029,Kochi NSH,Kochi NSH,Kerala Circle
682030,682030,Kochi NSH,Kochi NSH,Kerala Circle
682031,682032,Kochi NSH,Kochi NSH,Kerala Circle
682033,682034,Kochi NSH,Kochi NSH,Kerala Circle
682035,682036,Kochi NSH,Kochi NSH,Kerala Circle
682037,682037,Kochi NSH,Kochi NSH,Kerala Circle
682038,682038,Kochi NSH,Kochi NSH,Kerala Circle
682039,682040,Kochi NSH,Kochi NSH,Kerala Circle
682041,682041,Kochi NSH,Kochi NSH,Kerala Circle
682042,682042,Kochi NSH,Kochi NSH,Kerala Circle
682050,682052,Kochi NSH,Kochi NSH,Kerala Circle
682301,682317,Kochi NSH,Kochi NSH,Kerala Circle
682501,682559,Kochi NSH,Kochi NSH,Kerala Circle
683101,683112,Kochi NSH,Kochi NSH,Kerala Circle
683501,683503,Kochi NSH,Kochi NSH,Kerala Circle
683511,683522,Kochi NSH,Kochi NSH,Kerala Circle
683541,683550,Kochi NSH,Kochi NSH,Kerala Circle
683556,683556,Kochi NSH,Kochi NSH,Kerala Circle
683561,683565,Kochi NSH,Kochi NSH,Kerala Circle
683571,683581,Kochi NSH,Kochi NSH,Kerala Circle
683585,683585,Kochi NSH,Kochi NSH,Kerala Circle
683587,683587,Kochi NSH,Kochi NSH,Kerala Circle
683589,683589,Kochi NSH,Kochi NSH,Kerala Circle
683594,683594,Kochi NSH,Kochi NSH,Kerala Circle
686664,686664,Kochi NSH,Kochi NSH,Kerala Circle
686666,686666,Kochi NSH,Kochi NSH,Kerala Circle
686681,686681,Kochi NSH,Kochi NSH,Kerala Circle
686691,686693,Kochi NSH,Kochi NSH,Kerala Circle
695001,695099,Trivandrum NSH,Trivandrum NSH,Kerala Circle
695101,695104,Trivandrum NSH,Trivandrum NSH,Kerala Circle
695121,695146,Trivandrum NSH,Trivandrum NSH,Kerala Circle
695301,695318,Trivandrum NSH,Trivandrum NSH,Kerala Circle
695501,695527,Trivandrum NSH,Trivandrum NSH,Kerala Circle
695528,695528,Trivandrum NSH,Trivandrum NSH,Kerala Circle
695541,695589,Trivandrum NSH,Trivandrum NSH,Kerala Circle
695601,695615,Trivandrum NSH,Trivandrum NSH,Kerala Circle
671121,671124,Kochi NSH,KASARGOD ICH,Kerala Circle
671310,671326,Kochi NSH,KASARGOD ICH,Kerala Circle
671348,671348,Kochi NSH,KASARGOD ICH,Kerala Circle
671351,671351,Kochi NSH,KASARGOD ICH,Kerala Circle
671531,671534,Kochi NSH,KASARGOD ICH,Kerala Circle
671541,671543,Kochi NSH,KASARGOD ICH,Kerala Circle
671551,671552,Kochi NSH,KASARGOD ICH,Kerala Circle
685501,685583,Kochi NSH,Thodupuzha ICH,Kerala Circle
685584,685584,Kochi NSH,Thodupuzha ICH,Kerala Circle
685585,685620,Kochi NSH,Thodupuzha ICH,Kerala Circle
686001,686022,Kochi NSH,Kottayam ICH,Kerala Circle
686041,686041,Kochi NSH,Kottayam ICH,Kerala Circle
686101,686106,Kochi NSH,Kottayam ICH,Kerala Circle
686121,686123,Kochi NSH,Kottayam ICH,Kerala Circle
686141,686141,Kochi NSH,Kottayam ICH,Kerala Circle
686143,686144,Kochi NSH,Kottayam ICH,Kerala Circle
686146,686146,Kochi NSH,Kottayam ICH,Kerala Circle
686501,686522,Kochi NSH,Kottayam ICH,Kerala Circle
686531,686548,Kochi NSH,Kottayam ICH,Kerala Circle
686555,686555,Kochi NSH,Kottayam ICH,Kerala Circle
686560,686564,Kochi NSH,Kottayam ICH,Kerala Circle
686571,686587,Kochi NSH,Kottayam ICH,Kerala Circle
686601,686613,Kochi NSH,Kottayam ICH,Kerala Circle
686616,686616,Kochi NSH,Kottayam ICH,Kerala Circle
686630,686637,Kochi NSH,Kottayam ICH,Kerala Circle
686651,686653,Kochi NSH,Kottayam ICH,Kerala Circle
686661,686663,Kochi NSH,Thodupuzha ICH,Kerala Circle
686665,686665,Kochi NSH,Thodupuzha ICH,Kerala Circle
686667,686673,Kochi NSH,Thodupuzha ICH,Kerala Circle
688001,688999,Kochi NSH,Alappuzha ICH,Kerala Circle
673601,673604,Kochi NSH,Kozhikode ICH,Kerala Circle
673611,673614,Kochi NSH,Kozhikode ICH,Kerala Circle
673616,673616,Kochi NSH,Kozhikode ICH,Kerala Circle
673620,673620,Kochi NSH,Kozhikode ICH,Kerala Circle
673001,673012,Kochi NSH,Kozhikode ICH,Kerala Circle
673014,673021,Kochi NSH,Kozhikode ICH,Kerala Circle
673027,673029,Kochi NSH,Kozhikode ICH,Kerala Circle
673032,673032,Kochi NSH,Kozhikode ICH,Kerala Circle
673529,673529,Kochi NSH,Kozhikode ICH,Kerala Circle
673541,673542,Kochi NSH,Kozhikode ICH,Kerala Circle
673570,673578,Kochi NSH,Kozhikode ICH,Kerala Circle
673579,673582,Kochi NSH,Kozhikode ICH,Kerala Circle
673585,673586,Kochi NSH,Kozhikode ICH,Kerala Circle
673591,673593,Kochi NSH,Kozhikode ICH,Kerala Circle
673595,673596,Kochi NSH,Kozhikode ICH,Kerala Circle
670001,670014,Kochi NSH,Kannur ICH,Kerala Circle
670017,670018,Kochi NSH,Kannur ICH,Kerala Circle
670101,670103,Kochi NSH,Kannur ICH,Kerala Circle
670105,670107,Kochi NSH,Kannur ICH,Kerala Circle
670141,670143,Kochi NSH,Kannur ICH,Kerala Circle
670301,670310,Kochi NSH,Kannur ICH,Kerala Circle
670325,670325,Kochi NSH,Kannur ICH,Kerala Circle
670327,670327,Kochi NSH,Kannur ICH,Kerala Circle
670331,670331,Kochi NSH,Kannur ICH,Kerala Circle
670334,670334,Kochi NSH,Kannur ICH,Kerala Circle
670353,670353,Kochi NSH,Kannur ICH,Kerala Circle
670358,670358,Kochi NSH,Kannur ICH,Kerala Circle
670501,670504,Kochi NSH,Kannur ICH,Kerala Circle
670511,670511,Kochi NSH,Kannur ICH,Kerala Circle
670521,670521,Kochi NSH,Kannur ICH,Kerala Circle
670561,670563,Kochi NSH,Kannur ICH,Kerala Circle
670567,670567,Kochi NSH,Kannur ICH,Kerala Circle
679105,679106,Kochi NSH,Thrissur ICH,Kerala Circle
679531,679532,Kochi NSH,Thrissur ICH,Kerala Circle
679561,679564,Kochi NSH,Thrissur ICH,Kerala Circle
680001,680001,Kochi NSH,Thrissur ICH,Kerala Circle
680002,680003,Kochi NSH,Thrissur ICH,Kerala Circle
680004,680004,Kochi NSH,Thrissur ICH,Kerala Circle
680005,680009,Kochi NSH,Thrissur ICH,Kerala Circle
680010,680010,Kochi NSH,Thrissur ICH,Kerala Circle
680011,680011,Kochi NSH,Thrissur ICH,Kerala Circle
680012,680014,Kochi NSH,Thrissur ICH,Kerala Circle
680020,680022,Kochi NSH,Thrissur ICH,Kerala Circle
680026,680026,Kochi NSH,Thrissur ICH,Kerala Circle
680027,680028,Kochi NSH,Thrissur ICH,Kerala Circle
680051,680051,Kochi NSH,Thrissur ICH,Kerala Circle
680101,680104,Kochi NSH,Thrissur ICH,Kerala Circle
680121,680125,Kochi NSH,Thrissur ICH,Kerala Circle
680301,680312,Kochi NSH,Thrissur ICH,Kerala Circle
680317,680317,Kochi NSH,Thrissur ICH,Kerala Circle
680501,680524,Kochi NSH,Thrissur ICH,Kerala Circle
680541,680546,Kochi NSH,Thrissur ICH,Kerala Circle
680551,680553,Kochi NSH,Thrissur ICH,Kerala Circle
680555,680555,Kochi NSH,Thrissur ICH,Kerala Circle
680561,680571,Kochi NSH,Thrissur ICH,Kerala Circle
680581,680582,Kochi NSH,Thrissur ICH,Kerala Circle
680583,680591,Kochi NSH,Thrissur ICH,Kerala Circle
680594,680594,Kochi NSH,Thrissur ICH,Kerala Circle
680596,680596,Kochi NSH,Thrissur ICH,Kerala Circle
680601,680602,Kochi NSH,Thrissur ICH,Kerala Circle
680604,680604,Kochi NSH,Thrissur ICH,Kerala Circle
680611,680620,Kochi NSH,Thrissur ICH,Kerala Circle
680623,680623,Kochi NSH,Thrissur ICH,Kerala Circle
680631,680631,Kochi NSH,Thrissur ICH,Kerala Circle
680641,680642,Kochi NSH,Thrissur ICH,Kerala Circle
680651,680656,Kochi NSH,Thrissur ICH,Kerala Circle
680661,680671,Kochi NSH,Thrissur ICH,Kerala Circle
680681,680689,Kochi NSH,Thrissur ICH,Kerala Circle
680691,680691,Kochi NSH,Thrissur ICH,Kerala Circle
680697,680697,Kochi NSH,Thrissur ICH,Kerala Circle
680699,680699,Kochi NSH,Thrissur ICH,Kerala Circle
680701,680703,Kochi NSH,Thrissur ICH,Kerala Circle
680711,680712,Kochi NSH,Thrissur ICH,Kerala Circle
680721,680722,Kochi NSH,Thrissur ICH,Kerala Circle
680724,680724,Kochi NSH,Thrissur ICH,Kerala Circle
680731,680734,Kochi NSH,Thrissur ICH,Kerala Circle
680741,680741,Kochi NSH,Thrissur ICH,Kerala Circle
680751,680751,Kochi NSH,Thrissur ICH,Kerala Circle
673661,673661,Kochi NSH,Kozhikode ICH,Kerala Circle
673655,673655,Kochi NSH,Kozhikode ICH,Kerala Circle
673647,673647,Kochi NSH,Kozhikode ICH,Kerala Circle
673101,673102,Kochi NSH,Kozhikode ICH,Kerala Circle
673104,673106,Kochi NSH,Kozhikode ICH,Kerala Circle
673121,673124,Kochi NSH,Kozhikode ICH,Kerala Circle
673301,673307,Kochi NSH,Kozhikode ICH,Kerala Circle
673308,673313,Kochi NSH,Kozhikode ICH,Kerala Circle
673315,673315,Kochi NSH,Kozhikode ICH,Kerala Circle
673316,673316,Kochi NSH,Kozhikode ICH,Kerala Circle
673317,673317,Kochi NSH,Kozhikode ICH,Kerala Circle
673323,673323,Kochi NSH,Kozhikode ICH,Kerala Circle
673328,673328,Kochi NSH,Kozhikode ICH,Kerala Circle
673501,673509,Kochi NSH,Kozhikode ICH,Kerala Circle
673513,673513,Kochi NSH,Kozhikode ICH,Kerala Circle
673517,673517,Kochi NSH,Kozhikode ICH,Kerala Circle
673521,673526,Kochi NSH,Kozhikode ICH,Kerala Circle
673527,673527,Kochi NSH,Kozhikode ICH,Kerala Circle
673528,673528,Kochi NSH,Kozhikode ICH,Kerala Circle
673631,673642,Kochi NSH,Kozhikode ICH,Kerala Circle
673645,673645,Kochi NSH,Kozhikode ICH,Kerala Circle
676101,676109,Kochi NSH,TIRUR ICH,Kerala Circle
676121,676123,Kochi NSH,TIRUR ICH,Kerala Circle
676301,676307,Kochi NSH,TIRUR ICH,Kerala Circle
676309,676309,Kochi NSH,TIRUR ICH,Kerala Circle
676311,676312,Kochi NSH,TIRUR ICH,Kerala Circle
676317,676317,Kochi NSH,TIRUR ICH,Kerala Circle
676319,676320,Kochi NSH,TIRUR ICH,Kerala Circle
676501,676510,Kochi NSH,TIRUR ICH,Kerala Circle
676514,676514,Kochi NSH,TIRUR ICH,Kerala Circle
676517,676517,Kochi NSH,TIRUR ICH,Kerala Circle
676519,676519,Kochi NSH,TIRUR ICH,Kerala Circle
676521,676523,Kochi NSH,TIRUR ICH,Kerala Circle
676525,676525,Kochi NSH,TIRUR ICH,Kerala Circle
676528,676528,Kochi NSH,TIRUR ICH,Kerala Circle
676541,676542,Kochi NSH,TIRUR ICH,Kerala Circle
676551,676553,Kochi NSH,TIRUR ICH,Kerala Circle
676561,676562,Kochi NSH,TIRUR ICH,Kerala Circle
679321,679334,Kochi NSH,TIRUR ICH,Kerala Circle
679338,679341,Kochi NSH,TIRUR ICH,Kerala Circle
679357,679357,Kochi NSH,TIRUR ICH,Kerala Circle
679571,679587,Kochi NSH,TIRUR ICH,Kerala Circle
679591,679591,Kochi NSH,TIRUR ICH,Kerala Circle
673314,673314,Kochi NSH,TIRUR ICH,Kerala Circle
670571,670571,Kochi NSH,Kannur ICH,Kerala Circle
670581,670582,Kochi NSH,Kannur ICH,Kerala Circle
670591,670595,Kochi NSH,Kannur ICH,Kerala Circle
670601,670602,Kochi NSH,Kannur ICH,Kerala Circle
670604,670604,Kochi NSH,Kannur ICH,Kerala Circle
670611,670613,Kochi NSH,Kannur ICH,Kerala Circle
670621,670622,Kochi NSH,Kannur ICH,Kerala Circle
670631,670633,Kochi NSH,Kannur ICH,Kerala Circle
670641,670646,Kochi NSH,Kannur ICH,Kerala Circle
670649,670651,Kochi NSH,Kannur ICH,Kerala Circle
670661,670663,Kochi NSH,Kannur ICH,Kerala Circle
670671,670676,Kochi NSH,Kannur ICH,Kerala Circle
670691,670694,Kochi NSH,Kannur ICH,Kerala Circle
670701,670706,Kochi NSH,Kannur ICH,Kerala Circle
670708,670708,Kochi NSH,Kannur ICH,Kerala Circle
670721,670721,Kochi NSH,Kannur ICH,Kerala Circle
670731,670731,Kochi NSH,Kannur ICH,Kerala Circle
670741,670741,Kochi NSH,Kannur ICH,Kerala Circle
678012,678014,Coimbatore NSH,Palakkad ICH,Kerala Circle
678101,678104,Coimbatore NSH,Palakkad ICH,Kerala Circle
678501,678508,Coimbatore NSH,Palakkad ICH,Kerala Circle
678510,678510,Coimbatore NSH,Palakkad ICH,Kerala Circle
678512,678512,Coimbatore NSH,Palakkad ICH,Kerala Circle
678531,678534,Coimbatore NSH,Palakkad ICH,Kerala Circle
678541,678546,Coimbatore NSH,Palakkad ICH,Kerala Circle
678551,678557,Coimbatore NSH,Palakkad ICH,Kerala Circle
678571,678574,Coimbatore NSH,Palakkad ICH,Kerala Circle
678581,678583,Coimbatore NSH,Palakkad ICH,Kerala Circle
678591,678598,Coimbatore NSH,Palakkad ICH,Kerala Circle
678601,678601,Coimbatore NSH,Palakkad ICH,Kerala Circle
678611,678613,Coimbatore NSH,Palakkad ICH,Kerala Circle
678621,678624,Coimbatore NSH,Palakkad ICH,Kerala Circle
678631,678633,Coimbatore NSH,Palakkad ICH,Kerala Circle
678641,678642,Coimbatore NSH,Palakkad ICH,Kerala Circle
678651,678651,Coimbatore NSH,Palakkad ICH,Kerala Circle
678661,678661,Coimbatore NSH,Palakkad ICH,Kerala Circle
678671,678671,Coimbatore NSH,Palakkad ICH,Kerala Circle
678681,678688,Coimbatore NSH,Palakkad ICH,Kerala Circle
678701,678706,Coimbatore NSH,Palakkad ICH,Kerala Circle
678721,678722,Coimbatore NSH,Palakkad ICH,Kerala Circle
678731,678732,Coimbatore NSH,Palakkad ICH,Kerala Circle
678762,678762,Coimbatore NSH,Palakkad ICH,Kerala Circle
679101,679104,Coimbatore NSH,Palakkad ICH,Kerala Circle
679121,679123,Coimbatore NSH,Palakkad ICH,Kerala Circle
679301,679309,Coimbatore NSH,Palakkad ICH,Kerala Circle
679313,679313,Coimbatore NSH,Palakkad ICH,Kerala Circle
679335,679337,Coimbatore NSH,Palakkad ICH,Kerala Circle
679501,679506,Coimbatore NSH,Palakkad ICH,Kerala Circle
679511,679516,Coimbatore NSH,Palakkad ICH,Kerala Circle
679521,679523,Coimbatore NSH,Palakkad ICH,Kerala Circle
679533,679536,Coimbatore NSH,Palakkad ICH,Kerala Circle
679551,679554,Coimbatore NSH,Palakkad ICH,Kerala Circle
689000,689999,Trivandrum NSH,Tiruvalla ICH,Kerala Circle
690101,690108,Trivandrum NSH,Kollam ICH,Kerala Circle
690110,690110,Trivandrum NSH,Kollam ICH,Kerala Circle
690112,690112,Trivandrum NSH,Kollam ICH,Kerala Circle
690501,690540,Trivandrum NSH,Kollam ICH,Kerala Circle
690542,690542,Trivandrum NSH,Kollam ICH,Kerala Circle
690544,690544,Trivandrum NSH,Kollam ICH,Kerala Circle
690546,690548,Trivandrum NSH,Kollam ICH,Kerala Circle
690558,690559,Trivandrum NSH,Kollam ICH,Kerala Circle
690561,690561,Trivandrum NSH,Kollam ICH,Kerala Circle
690571,690574,Trivandrum NSH,Kollam ICH,Kerala Circle
691001,691016,Trivandrum NSH,Kollam ICH,Kerala Circle
691019,691021,Trivandrum NSH,Kollam ICH,Kerala Circle
691301,691312,Trivandrum NSH,Kollam ICH,Kerala Circle
691319,691319,Trivandrum NSH,Kollam ICH,Kerala Circle
691322,691322,Trivandrum NSH,Kollam ICH,Kerala Circle
691331,691334,Trivandrum NSH,Kollam ICH,Kerala Circle
691500,691512,Trivandrum NSH,Kollam ICH,Kerala Circle
691515,691516,Trivandrum NSH,Kollam ICH,Kerala Circle
691520,691527,Trivandrum NSH,Kollam ICH,Kerala Circle
691530,691538,Trivandrum NSH,Kollam ICH,Kerala Circle
691540,691541,Trivandrum NSH,Kollam ICH,Kerala Circle
691543,691543,Trivandrum NSH,Kollam ICH,Kerala Circle
691551,691557,Trivandrum NSH,Kollam ICH,Kerala Circle
691559,691560,Trivandrum NSH,Kollam ICH,Kerala Circle
691566,691566,Trivandrum NSH,Kollam ICH,Kerala Circle
691571,691574,Trivandrum NSH,Kollam ICH,Kerala Circle
691576,691579,Trivandrum NSH,Kollam ICH,Kerala Circle
691581,691585,Trivandrum NSH,Kollam ICH,Kerala Circle
691589,691602,Trivandrum NSH,Kollam ICH,Kerala Circle
400001,400104,Mumbai NSH,Mumbai NSH,Maharashtra Circle
401101,401103,Mumbai NSH,Mumbai NSH,Maharashtra Circle
401105,401107,Mumbai NSH,Mumbai NSH,Maharashtra Circle
401201,401204,Mumbai NSH,Mumbai NSH,Maharashtra Circle
401207,401209,Mumbai NSH,Mumbai NSH,Maharashtra Circle
401303,401305,Mumbai NSH,Mumbai NSH,Maharashtra Circle
401401,401405,Mumbai NSH,Mumbai NSH,Maharashtra Circle
401501,401506,Mumbai NSH,Mumbai NSH,Maharashtra Circle
401601,401608,Mumbai NSH,Mumbai NSH,Maharashtra Circle
401701,401703,Mumbai NSH,Mumbai NSH,Maharashtra Circle
440001,440003,Nagpur NSH,Nagpur NSH,Maharashtra Circle
440005,440008,Nagpur NSH,Nagpur NSH,Maharashtra Circle
440010,440010,Nagpur NSH,Nagpur NSH,Maharashtra Circle
440012,440015,Nagpur NSH,Nagpur NSH,Maharashtra Circle
440016,440016,Nagpur NSH,Nagpur NSH,Maharashtra Circle
440017,440020,Nagpur NSH,Nagpur NSH,Maharashtra Circle
440021,440021,Nagpur NSH,Nagpur NSH,Maharashtra Circle
440022,440022,Nagpur NSH,Nagpur NSH,Maharashtra Circle
440023,440023,Nagpur NSH,Nagpur NSH,Maharashtra Circle
440024,440027,Nagpur NSH,Nagpur NSH,Maharashtra Circle
440029,440030,Nagpur NSH,Nagpur NSH,Maharashtra Circle
440032,440037,Nagpur NSH,Nagpur NSH,Maharashtra Circle
441001,441001,Nagpur NSH,Nagpur NSH,Maharashtra Circle
441101,441113,Nagpur NSH,Nagpur NSH,Maharashtra Circle
441122,441123,Nagpur NSH,Nagpur NSH,Maharashtra Circle
441214,441214,Nagpur NSH,Nagpur NSH,Maharashtra Circle
441301,441306,Nagpur NSH,Nagpur NSH,Maharashtra Circle
441401,441404,Nagpur NSH,Nagpur NSH,Maharashtra Circle
441501,441502,Nagpur NSH,Nagpur NSH,Maharashtra Circle
442001,442001,Nagpur NSH,Nagpur NSH,Maharashtra Circle
442101,442106,Nagpur NSH,Nagpur NSH,Maharashtra Circle
442201,442203,Nagpur NSH,Nagpur NSH,Maharashtra Circle
442301,442307,Nagpur NSH,Nagpur NSH,Maharashtra Circle
422001,422013,Nashik Road NSH,Nashik Road NSH,Maharashtra Circle
422101,422102,Nashik Road NSH,Nashik Road NSH,Maharashtra Circle
422103,422104,Nashik Road NSH,Nashik Road NSH,Maharashtra Circle
422105,422105,Nashik Road NSH,Nashik Road NSH,Maharashtra Circle
422112,422113,Nashik Road NSH,Nashik Road NSH,Maharashtra Circle
422201,422215,Nashik Road NSH,Nashik Road NSH,Maharashtra Circle
422221,422221,Nashik Road NSH,Nashik Road NSH,Maharashtra Circle
422222,422222,Nashik Road NSH,Nashik Road NSH,Maharashtra Circle
422301,422306,Nashik Road NSH,Nashik Road NSH,Maharashtra Circle
422308,422308,Nashik Road NSH,Nashik Road NSH,Maharashtra Circle
422402,422403,Nashik Road NSH,Nashik Road NSH,Maharashtra Circle
422501,422501,Nashik Road NSH,Nashik Road NSH,Maharashtra Circle
422502,422502,Nashik Road NSH,Nashik Road NSH,Maharashtra Circle
422606,422606,Nashik Road NSH,Nashik Road NSH,Maharashtra Circle
423101,423102,Nashik Road NSH,Nashik Road NSH,Maharashtra Circle
423104,423106,Nashik Road NSH,Nashik Road NSH,Maharashtra Circle
423108,423108,Nashik Road NSH,Nashik Road NSH,Maharashtra Circle
423110,423111,Nashik Road NSH,Nashik Road NSH,Maharashtra Circle
423117,423117,Nashik Road NSH,Nashik Road NSH,Maharashtra Circle
423201,423206,Nashik Road NSH,Nashik Road NSH,Maharashtra Circle
423208,423208,Nashik Road NSH,Nashik Road NSH,Maharashtra Circle
423301,423303,Nashik Road NSH,Nashik Road NSH,Maharashtra Circle
423401,423403,Nashik Road NSH,Nashik Road NSH,Maharashtra Circle
423501,423502,Nashik Road NSH,Nashik Road NSH,Maharashtra Circle
424109,424109,Nashik Road NSH,Nashik Road NSH,Maharashtra Circle
410301,410302,Pune NSH,Pune NSH,Maharashtra Circle
410401,410403,Pune NSH,Pune NSH,Maharashtra Circle
410405,410406,Pune NSH,Pune NSH,Maharashtra Circle
410501,410513,Pune NSH,Pune NSH,Maharashtra Circle
410515,410517,Pune NSH,Pune NSH,Maharashtra Circle
411001,411009,Pune NSH,Pune NSH,Maharashtra Circle
411011,411028,Pune NSH,Pune NSH,Maharashtra Circle
411030,411048,Pune NSH,Pune NSH,Maharashtra Circle
411051,411052,Pune NSH,Pune NSH,Maharashtra Circle
411057,411058,Pune NSH,Pune NSH,Maharashtra Circle
411060,411062,Pune NSH,Pune NSH,Maharashtra Circle
411067,411071,Pune NSH,Pune NSH,Maharashtra Circle
411073,411073,Pune NSH,Pune NSH,Maharashtra Circle
411081,411081,Pune NSH,Pune NSH,Maharashtra Circle
411085,411085,Pune NSH,Pune NSH,Maharashtra Circle
412101,412110,Pune NSH,Pune NSH,Maharashtra Circle
412112,412112,Pune NSH,Pune NSH,Maharashtra Circle
412115,412115,Pune NSH,Pune NSH,Maharashtra Circle
412201,412206,Pune NSH,Pune NSH,Maharashtra Circle
412207,412207,Pune NSH,Pune NSH,Maharashtra Circle
412208,412216,Pune NSH,Pune NSH,Maharashtra Circle
412218,412220,Pune NSH,Pune NSH,Maharashtra Circle
412301,412301,Pune NSH,Pune NSH,Maharashtra Circle
412303,412306,Pune NSH,Pune NSH,Maharashtra Circle
412307,412308,Pune NSH,Pune NSH,Maharashtra Circle
412311,412312,Pune NSH,Pune NSH,Maharashtra Circle
412401,412406,Pune NSH,Pune NSH,Maharashtra Circle
412408,412412,Pune NSH,Pune NSH,Maharashtra Circle
413102,413106,Pune NSH,Pune NSH,Maharashtra Circle
413110,413110,Pune NSH,Pune NSH,Maharashtra Circle
413114,413116,Pune NSH,Pune NSH,Maharashtra Circle
413120,413120,Pune NSH,Pune NSH,Maharashtra Circle
413130,413130,Pune NSH,Pune NSH,Maharashtra Circle
413132,413133,Pune NSH,Pune NSH,Maharashtra Circle
413801,413802,Pune NSH,Pune NSH,Maharashtra Circle
400601,400615,THANE NSH,THANE NSH,Maharashtra Circle
400701,400701,THANE NSH,THANE NSH,Maharashtra Circle
400703,400703,THANE NSH,THANE NSH,Maharashtra Circle
400705,400706,THANE NSH,THANE NSH,Maharashtra Circle
400708,400710,THANE NSH,THANE NSH,Maharashtra Circle
421000,421999,THANE NSH,THANE NSH,Maharashtra Circle
441205,441209,Nagpur NSH,Chandrapur ICH,Maharashtra Circle
441212,441213,Nagpur NSH,Chandrapur ICH,Maharashtra Circle
441215,441228,Nagpur NSH,Chandrapur ICH,Maharashtra Circle
423112,423113,Nashik Road NSH,Nashik Road NSH,Maharashtra Circle
441601,441924,Nagpur NSH,Gondia ICH,Maharashtra Circle
442401,442919,Nagpur NSH,Chandrapur ICH,Maharashtra Circle
442920,442920,Nagpur NSH,Chandrapur ICH,Maharashtra Circle
443001,443404,Nagpur NSH,Malkapur ICH,Maharashtra Circle
444001,444126,Nagpur NSH,Akola ICH,Maharashtra Circle
444201,444301,Nagpur NSH,Malkapur ICH,Maharashtra Circle
444302,444302,Nagpur NSH,Akola ICH,Maharashtra Circle
444303,444310,Nagpur NSH,Malkapur ICH,Maharashtra Circle
444311,444311,Nagpur NSH,Akola ICH,Maharashtra Circle
444312,444312,Nagpur NSH,Malkapur ICH,Maharashtra Circle
444401,444511,Nagpur NSH,Akola ICH,Maharashtra Circle
444601,444915,Nagpur NSH,Amravati ICH,Maharashtra Circle
445001,445402,Nagpur NSH,Yeotmal ICH,Maharashtra Circle
425403,425419,Nashik Road NSH,Dhule ICH,Maharashtra Circle
425421,425452,Nashik Road NSH,Dhule ICH,Maharashtra Circle
431401,431402,Nashik Road NSH,Parbhani ICH,Maharashtra Circle
431501,431521,Nashik Road NSH,Parbhani ICH,Maharashtra Circle
431523,431523,Nashik Road NSH,Parbhani ICH,Maharashtra Circle
431530,431530,Nashik Road NSH,Parbhani ICH,Maharashtra Circle
431536,431537,Nashik Road NSH,Parbhani ICH,Maharashtra Circle
431540,431542,Nashik Road NSH,Parbhani ICH,Maharashtra Circle
431601,431606,Nashik Road NSH,NANDED ICH,Maharashtra Circle
431701,431703,Nashik Road NSH,Parbhani ICH,Maharashtra Circle
431704,431704,Nashik Road NSH,NANDED ICH,Maharashtra Circle
431705,431705,Nashik Road NSH,Parbhani ICH,Maharashtra Circle
431707,431719,Nashik Road NSH,NANDED ICH,Maharashtra Circle
431731,431731,Nashik Road NSH,NANDED ICH,Maharashtra Circle
431736,431736,Nashik Road NSH,NANDED ICH,Maharashtra Circle
431741,431743,Nashik Road NSH,NANDED ICH,Maharashtra Circle
431745,431746,Nashik Road NSH,NANDED ICH,Maharashtra Circle
431750,431750,Nashik Road NSH,NANDED ICH,Maharashtra Circle
431801,431811,Nashik Road NSH,NANDED ICH,Maharashtra Circle
413207,413207,Nashik Road NSH,Chhatrapati Sambhajinagar ICH,Maharashtra Circle
413229,413229,Nashik Road NSH,Chhatrapati Sambhajinagar ICH,Maharashtra Circle
413249,413249,Nashik Road NSH,Chhatrapati Sambhajinagar ICH,Maharashtra Circle
414202,414205,Nashik Road NSH,Chhatrapati Sambhajinagar ICH,Maharashtra Circle
414208,414208,Nashik Road NSH,Chhatrapati Sambhajinagar ICH,Maharashtra Circle
423701,423703,Nashik Road NSH,Chhatrapati Sambhajinagar ICH,Maharashtra Circle
431001,431012,Nashik Road NSH,Chhatrapati Sambhajinagar ICH,Maharashtra Circle
431101,431105,Nashik Road NSH,Chhatrapati Sambhajinagar ICH,Maharashtra Circle
431107,431107,Nashik Road NSH,Chhatrapati Sambhajinagar ICH,Maharashtra Circle
431109,431118,Nashik Road NSH,Chhatrapati Sambhajinagar ICH,Maharashtra Circle
431120,431132,Nashik Road NSH,Chhatrapati Sambhajinagar ICH,Maharashtra Circle
431133,431133,Nashik Road NSH,Chhatrapati Sambhajinagar ICH,Maharashtra Circle
431134,431135,Nashik Road NSH,Chhatrapati Sambhajinagar ICH,Maharashtra Circle
431136,431136,Nashik Road NSH,Chhatrapati Sambhajinagar ICH,Maharashtra Circle
431137,431137,Nashik Road NSH,Chhatrapati Sambhajinagar ICH,Maharashtra Circle
431142,431144,Nashik Road NSH,Chhatrapati Sambhajinagar ICH,Maharashtra Circle
431147,431148,Nashik Road NSH,Chhatrapati Sambhajinagar ICH,Maharashtra Circle
431150,431154,Nashik Road NSH,Chhatrapati Sambhajinagar ICH,Maharashtra Circle
431202,431209,Nashik Road NSH,Chhatrapati Sambhajinagar ICH,Maharashtra Circle
431211,431214,Nashik Road NSH,Chhatrapati Sambhajinagar ICH,Maharashtra Circle
424301,424318,Nashik Road NSH,Dhule ICH,Maharashtra Circle
424001,424006,Nashik Road NSH,Dhule ICH,Maharashtra Circle
425001,425402,Nashik Road NSH,Bhusawal ICH,Maharashtra Circle
425420,425420,Nashik Road NSH,Bhusawal ICH,Maharashtra Circle
425501,425524,Nashik Road NSH,Bhusawal ICH,Maharashtra Circle
424101,424108,Nashik Road NSH,Bhusawal ICH,Maharashtra Circle
424110,424300,Nashik Road NSH,Bhusawal ICH,Maharashtra Circle
413001,413008,Pune NSH,Solapur ICH,Maharashtra Circle
413101,413101,Pune NSH,Solapur ICH,Maharashtra Circle
413107,413109,Pune NSH,Solapur ICH,Maharashtra Circle
413111,413113,Pune NSH,Solapur ICH,Maharashtra Circle
413118,413118,Pune NSH,Solapur ICH,Maharashtra Circle
413201,413201,Pune NSH,Ahilyanagar ICH,Maharashtra Circle
413202,413203,Pune NSH,Solapur ICH,Maharashtra Circle
413204,413205,Pune NSH,Ahilyanagar ICH,Maharashtra Circle
413206,413206,Pune NSH,Solapur ICH,Maharashtra Circle
413208,413223,Pune NSH,Solapur ICH,Maharashtra Circle
413226,413228,Pune NSH,Solapur ICH,Maharashtra Circle
413248,413248,Pune NSH,Solapur ICH,Maharashtra Circle
413250,413253,Pune NSH,Solapur ICH,Maharashtra Circle
413255,413255,Pune NSH,Solapur ICH,Maharashtra Circle
413301,413310,Pune NSH,Solapur ICH,Maharashtra Circle
413314,413315,Pune NSH,Solapur ICH,Maharashtra Circle
413317,413317,Pune NSH,Solapur ICH,Maharashtra Circle
413319,413319,Pune NSH,Solapur ICH,Maharashtra Circle
413322,413322,Pune NSH,Solapur ICH,Maharashtra Circle
413324,413324,Pune NSH,Solapur ICH,Maharashtra Circle
413401,413406,Pune NSH,Solapur ICH,Maharashtra Circle
413409,413412,Pune NSH,Solapur ICH,Maharashtra Circle
413501,413509,Pune NSH,Solapur ICH,Maharashtra Circle
413525,413526,Pune NSH,Solapur ICH,Maharashtra Circle
413528,413528,Pune NSH,Solapur ICH,Maharashtra Circle
413510,413511,Pune NSH,Latur ICH,Maharashtra Circle
413534,413534,Pune NSH,Solapur ICH,Maharashtra Circle
413512,413512,Pune NSH,Latur ICH,Maharashtra Circle
413513,413524,Pune NSH,Latur ICH,Maharashtra Circle
413582,413582,Pune NSH,Solapur ICH,Maharashtra Circle
413601,413606,Pune NSH,Solapur ICH,Maharashtra Circle
413527,413527,Pune NSH,Latur ICH,Maharashtra Circle
413608,413608,Pune NSH,Solapur ICH,Maharashtra Circle
413623,413626,Pune NSH,Solapur ICH,Maharashtra Circle
413701,413723,Pune NSH,Ahilyanagar ICH,Maharashtra Circle
413725,413726,Pune NSH,Ahilyanagar ICH,Maharashtra Circle
414001,414003,Pune NSH,Ahilyanagar ICH,Maharashtra Circle
414701,414701,Pune NSH,Ahilyanagar ICH,Maharashtra Circle
431522,431522,Pune NSH,Latur ICH,Maharashtra Circle
400702,400702,THANE NSH,Panvel ICH,Maharashtra Circle
400704,400704,THANE NSH,Panvel ICH,Maharashtra Circle
400707,400707,THANE NSH,Panvel ICH,Maharashtra Circle
402101,402117,THANE NSH,Panvel ICH,Maharashtra Circle
402120,402120,THANE NSH,Panvel ICH,Maharashtra Circle
402122,402122,THANE NSH,Panvel ICH,Maharashtra Circle
402125,402126,THANE NSH,Panvel ICH,Maharashtra Circle
402201,402205,THANE NSH,Panvel ICH,Maharashtra Circle
402207,402209,THANE NSH,Panvel ICH,Maharashtra Circle
402301,402309,THANE NSH,Panvel ICH,Maharashtra Circle
402401,402404,THANE NSH,Panvel ICH,Maharashtra Circle
410101,410102,THANE NSH,Panvel ICH,Maharashtra Circle
410201,410204,THANE NSH,Panvel ICH,Maharashtra Circle
410206,410210,THANE NSH,Panvel ICH,Maharashtra Circle
410216,410216,THANE NSH,Panvel ICH,Maharashtra Circle
410218,410218,THANE NSH,Panvel ICH,Maharashtra Circle
410220,410222,THANE NSH,Panvel ICH,Maharashtra Circle
415213,415213,THANE NSH,Panvel ICH,Maharashtra Circle
413224,413224,Pune NSH,Solapur ICH,Maharashtra Circle
414101,414103,Pune NSH,Ahilyanagar ICH,Maharashtra Circle
414105,414106,Pune NSH,Ahilyanagar ICH,Maharashtra Circle
414113,414113,Pune NSH,Ahilyanagar ICH,Maharashtra Circle
414110,414111,Pune NSH,Ahilyanagar ICH,Maharashtra Circle
414201,414201,Pune NSH,Ahilyanagar ICH,Maharashtra Circle
414301,414306,Pune NSH,Ahilyanagar ICH,Maharashtra Circle
414401,414403,Pune NSH,Ahilyanagar ICH,Maharashtra Circle
414501,414505,Pune NSH,Ahilyanagar ICH,Maharashtra Circle
414601,414607,Pune NSH,Ahilyanagar ICH,Maharashtra Circle
414609,414609,Pune NSH,Ahilyanagar ICH,Maharashtra Circle
422601,422605,Pune NSH,Ahilyanagar ICH,Maharashtra Circle
422608,422608,Pune NSH,Ahilyanagar ICH,Maharashtra Circle
422610,422611,Pune NSH,Ahilyanagar ICH,Maharashtra Circle
422620,422620,Pune NSH,Ahilyanagar ICH,Maharashtra Circle
422622,422622,Pune NSH,Ahilyanagar ICH,Maharashtra Circle
423107,423107,Pune NSH,Ahilyanagar ICH,Maharashtra Circle
423109,423109,Pune NSH,Ahilyanagar ICH,Maharashtra Circle
423601,423605,Pune NSH,Ahilyanagar ICH,Maharashtra Circle
423607,423607,Pune NSH,Ahilyanagar ICH,Maharashtra Circle
413529,413530,Pune NSH,Latur ICH,Maharashtra Circle
413531,413531,Pune NSH,Latur ICH,Maharashtra Circle
413532,413532,Pune NSH,Latur ICH,Maharashtra Circle
413544,413544,Pune NSH,Latur ICH,Maharashtra Circle
413581,413581,Pune NSH,Latur ICH,Maharashtra Circle
413607,413607,Pune NSH,Latur ICH,Maharashtra Circle
403001,403006,Mumbai NSH,Panaji ICH,Maharashtra Circle
403007,403999,Mumbai NSH,Panaji ICH,Maharashtra Circle
416510,416525,Mumbai NSH,Panaji ICH,Maharashtra Circle
416528,416529,Mumbai NSH,Panaji ICH,Maharashtra Circle
416531,416531,Mumbai NSH,Panaji ICH,Maharashtra Circle
416534,416534,Mumbai NSH,Panaji ICH,Maharashtra Circle
416549,416550,Mumbai NSH,Panaji ICH,Maharashtra Circle
416601,416606,Mumbai NSH,Panaji ICH,Maharashtra Circle
416608,416616,Mumbai NSH,Panaji ICH,Maharashtra Circle
416620,416620,Mumbai NSH,Panaji ICH,Maharashtra Circle
416623,416623,Mumbai NSH,Panaji ICH,Maharashtra Circle
416626,416626,Mumbai NSH,Panaji ICH,Maharashtra Circle
416628,416628,Mumbai NSH,Panaji ICH,Maharashtra Circle
416630,416630,Mumbai NSH,Panaji ICH,Maharashtra Circle
416632,416632,Mumbai NSH,Panaji ICH,Maharashtra Circle
416703,416703,Mumbai NSH,Panaji ICH,Maharashtra Circle
416801,416801,Mumbai NSH,Panaji ICH,Maharashtra Circle
416803,416807,Mumbai NSH,Panaji ICH,Maharashtra Circle
416810,416813,Mumbai NSH,Panaji ICH,Maharashtra Circle
415202,415203,Mumbai NSH,Ratnagiri ICH,Maharashtra Circle
415208,415208,Mumbai NSH,Ratnagiri ICH,Maharashtra Circle
415214,415214,Mumbai NSH,Ratnagiri ICH,Maharashtra Circle
415601,415611,Mumbai NSH,Ratnagiri ICH,Maharashtra Circle
415612,415612,Mumbai NSH,Ratnagiri ICH,Maharashtra Circle
415613,415617,Mumbai NSH,Ratnagiri ICH,Maharashtra Circle
415619,415621,Mumbai NSH,Ratnagiri ICH,Maharashtra Circle
415626,415626,Mumbai NSH,Ratnagiri ICH,Maharashtra Circle
415628,415629,Mumbai NSH,Ratnagiri ICH,Maharashtra Circle
415634,415634,Mumbai NSH,Ratnagiri ICH,Maharashtra Circle
415635,415635,Mumbai NSH,Ratnagiri ICH,Maharashtra Circle
415637,415637,Mumbai NSH,Ratnagiri ICH,Maharashtra Circle
415639,415641,Mumbai NSH,Ratnagiri ICH,Maharashtra Circle
415643,415643,Mumbai NSH,Ratnagiri ICH,Maharashtra Circle
415701,415703,Mumbai NSH,Ratnagiri ICH,Maharashtra Circle
415705,415706,Mumbai NSH,Ratnagiri ICH,Maharashtra Circle
415708,415720,Mumbai NSH,Ratnagiri ICH,Maharashtra Circle
415722,415722,Mumbai NSH,Ratnagiri ICH,Maharashtra Circle
415724,415724,Mumbai NSH,Ratnagiri ICH,Maharashtra Circle
415726,415730,Mumbai NSH,Ratnagiri ICH,Maharashtra Circle
415801,415807,Mumbai NSH,Ratnagiri ICH,Maharashtra Circle
416701,416702,Mumbai NSH,Ratnagiri ICH,Maharashtra Circle
416704,416705,Mumbai NSH,Ratnagiri ICH,Maharashtra Circle
416707,416707,Mumbai NSH,Ratnagiri ICH,Maharashtra Circle
416709,416709,Mumbai NSH,Ratnagiri ICH,Maharashtra Circle
416712,416713,Mumbai NSH,Ratnagiri ICH,Maharashtra Circle
412801,412806,Pune NSH,Satara ICH,Maharashtra Circle
415001,415004,Pune NSH,Satara ICH,Maharashtra Circle
415010,415015,Pune NSH,Satara ICH,Maharashtra Circle
415019,415023,Pune NSH,Satara ICH,Maharashtra Circle
415102,415112,Pune NSH,Satara ICH,Maharashtra Circle
415114,415116,Pune NSH,Satara ICH,Maharashtra Circle
415122,415122,Pune NSH,Satara ICH,Maharashtra Circle
415124,415124,Pune NSH,Satara ICH,Maharashtra Circle
415205,415207,Pune NSH,Satara ICH,Maharashtra Circle
415209,415209,Pune NSH,Satara ICH,Maharashtra Circle
415211,415212,Pune NSH,Satara ICH,Maharashtra Circle
415312,415312,Pune NSH,Satara ICH,Maharashtra Circle
415501,415528,Pune NSH,Satara ICH,Maharashtra Circle
415530,415530,Pune NSH,Satara ICH,Maharashtra Circle
415536,415540,Pune NSH,Satara ICH,Maharashtra Circle
415301,415311,Pune NSH,Miraj ICH,Maharashtra Circle
415313,415313,Pune NSH,Miraj ICH,Maharashtra Circle
415315,415315,Pune NSH,Miraj ICH,Maharashtra Circle
415401,415415,Pune NSH,Miraj ICH,Maharashtra Circle
415418,415418,Pune NSH,Miraj ICH,Maharashtra Circle
416301,416317,Pune NSH,Miraj ICH,Maharashtra Circle
416401,416409,Pune NSH,Miraj ICH,Maharashtra Circle
416410,416410,Pune NSH,Miraj ICH,Maharashtra Circle
416411,416415,Pune NSH,Miraj ICH,Maharashtra Circle
416416,416416,Pune NSH,Miraj ICH,Maharashtra Circle
416417,416420,Pune NSH,Miraj ICH,Maharashtra Circle
416429,416429,Pune NSH,Miraj ICH,Maharashtra Circle
416436,416437,Pune NSH,Miraj ICH,Maharashtra Circle
415101,415101,Pune NSH,Kolhapur ICH,Maharashtra Circle
416001,416008,Pune NSH,Kolhapur ICH,Maharashtra Circle
416010,416013,Pune NSH,Kolhapur ICH,Maharashtra Circle
416101,416116,Pune NSH,Kolhapur ICH,Maharashtra Circle
416118,416122,Pune NSH,Kolhapur ICH,Maharashtra Circle
416138,416138,Pune NSH,Kolhapur ICH,Maharashtra Circle
416143,416144,Pune NSH,Kolhapur ICH,Maharashtra Circle
416146,416146,Pune NSH,Kolhapur ICH,Maharashtra Circle
416201,416216,Pune NSH,Kolhapur ICH,Maharashtra Circle
416218,416221,Pune NSH,Kolhapur ICH,Maharashtra Circle
416223,416223,Pune NSH,Kolhapur ICH,Maharashtra Circle
416229,416230,Pune NSH,Kolhapur ICH,Maharashtra Circle
416232,416232,Pune NSH,Kolhapur ICH,Maharashtra Circle
416234,416236,Pune NSH,Kolhapur ICH,Maharashtra Circle
416501,416509,Pune NSH,Kolhapur ICH,Maharashtra Circle
416526,416526,Pune NSH,Kolhapur ICH,Maharashtra Circle
416551,416552,Pune NSH,Kolhapur ICH,Maharashtra Circle
413728,413728,Pune NSH,Ahilyanagar ICH,Maharashtra Circle
413736,413739,Pune NSH,Ahilyanagar ICH,Maharashtra Circle
414005,414006,Pune NSH,Ahilyanagar ICH,Maharashtra Circle
462001,462047,Bhopal NSH,Bhopal NSH,Madhya Pradesh Circle
462066,462066,Bhopal NSH,Bhopal NSH,Madhya Pradesh Circle
462100,462100,Bhopal NSH,Bhopal NSH,Madhya Pradesh Circle
462101,462120,Bhopal NSH,Bhopal NSH,Madhya Pradesh Circle
463106,463111,Bhopal NSH,Bhopal NSH,Madhya Pradesh Circle
464001,464337,Bhopal NSH,Bhopal NSH,Madhya Pradesh Circle
464551,464993,Bhopal NSH,Bhopal NSH,Madhya Pradesh Circle
465661,465697,Bhopal NSH,Bhopal NSH,Madhya Pradesh Circle
466001,466665,Bhopal NSH,Bhopal NSH,Madhya Pradesh Circle
452001,452001,Indore NSH,Indore NSH,Madhya Pradesh Circle
452002,452002,Indore NSH,Indore NSH,Madhya Pradesh Circle
452003,452003,Indore NSH,Indore NSH,Madhya Pradesh Circle
452005,452005,Indore NSH,Indore NSH,Madhya Pradesh Circle
452006,452006,Indore NSH,Indore NSH,Madhya Pradesh Circle
452007,452007,Indore NSH,Indore NSH,Madhya Pradesh Circle
452009,452009,Indore NSH,Indore NSH,Madhya Pradesh Circle
452010,452010,Indore NSH,Indore NSH,Madhya Pradesh Circle
452011,452011,Indore NSH,Indore NSH,Madhya Pradesh Circle
452012,452012,Indore NSH,Indore NSH,Madhya Pradesh Circle
452013,452013,Indore NSH,Indore NSH,Madhya Pradesh Circle
452014,452014,Indore NSH,Indore NSH,Madhya Pradesh Circle
452015,452015,Indore NSH,Indore NSH,Madhya Pradesh Circle
452016,452016,Indore NSH,Indore NSH,Madhya Pradesh Circle
452018,452018,Indore NSH,Indore NSH,Madhya Pradesh Circle
452020,452020,Indore NSH,Indore NSH,Madhya Pradesh Circle
453001,453001,Indore NSH,Indore NSH,Madhya Pradesh Circle
453111,453111,Indore NSH,Indore NSH,Madhya Pradesh Circle
453112,453112,Indore NSH,Indore NSH,Madhya Pradesh Circle
453115,453115,Indore NSH,Indore NSH,Madhya Pradesh Circle
453220,453220,Indore NSH,Indore NSH,Madhya Pradesh Circle
453331,453331,Indore NSH,Indore NSH,Madhya Pradesh Circle
453441,453441,Indore NSH,Indore NSH,Madhya Pradesh Circle
453446,453446,Indore NSH,Indore NSH,Madhya Pradesh Circle
453551,453551,Indore NSH,Indore NSH,Madhya Pradesh Circle
453552,453552,Indore NSH,Indore NSH,Madhya Pradesh Circle
453555,453555,Indore NSH,Indore NSH,Madhya Pradesh Circle
453556,453556,Indore NSH,Indore NSH,Madhya Pradesh Circle
453661,453661,Indore NSH,Indore NSH,Madhya Pradesh Circle
453771,453771,Indore NSH,Indore NSH,Madhya Pradesh Circle
454001,454001,Indore NSH,Indore NSH,Madhya Pradesh Circle
454010,454010,Indore NSH,Indore NSH,Madhya Pradesh Circle
454111,454111,Indore NSH,Indore NSH,Madhya Pradesh Circle
454116,454116,Indore NSH,Indore NSH,Madhya Pradesh Circle
454221,454221,Indore NSH,Indore NSH,Madhya Pradesh Circle
454331,454331,Indore NSH,Indore NSH,Madhya Pradesh Circle
454335,454335,Indore NSH,Indore NSH,Madhya Pradesh Circle
454441,454441,Indore NSH,Indore NSH,Madhya Pradesh Circle
454446,454446,Indore NSH,Indore NSH,Madhya Pradesh Circle
454449,454449,Indore NSH,Indore NSH,Madhya Pradesh Circle
454552,454552,Indore NSH,Indore NSH,Madhya Pradesh Circle
454660,454660,Indore NSH,Indore NSH,Madhya Pradesh Circle
454665,454665,Indore NSH,Indore NSH,Madhya Pradesh Circle
454773,454773,Indore NSH,Indore NSH,Madhya Pradesh Circle
454774,454774,Indore NSH,Indore NSH,Madhya Pradesh Circle
454775,454775,Indore NSH,Indore NSH,Madhya Pradesh Circle
455001,455001,Indore NSH,Indore NSH,Madhya Pradesh Circle
455111,455111,Indore NSH,Indore NSH,Madhya Pradesh Circle
455115,455115,Indore NSH,Indore NSH,Madhya Pradesh Circle
455116,455116,Indore NSH,Indore NSH,Madhya Pradesh Circle
455118,455118,Indore NSH,Indore NSH,Madhya Pradesh Circle
455221,455221,Indore NSH,Indore NSH,Madhya Pradesh Circle
455223,455223,Indore NSH,Indore NSH,Madhya Pradesh Circle
455227,455227,Indore NSH,Indore NSH,Madhya Pradesh Circle
455332,455332,Indore NSH,Indore NSH,Madhya Pradesh Circle
455336,455336,Indore NSH,Indore NSH,Madhya Pradesh Circle
455339,455339,Indore NSH,Indore NSH,Madhya Pradesh Circle
455440,455440,Indore NSH,Indore NSH,Madhya Pradesh Circle
455459,455459,Indore NSH,Indore NSH,Madhya Pradesh Circle
460001,460668,Bhopal NSH,Itarsi ICH,Madhya Pradesh Circle
461001,461110,Bhopal NSH,Itarsi ICH,Madhya Pradesh Circle
461111,461115,Bhopal NSH,Itarsi ICH,Madhya Pradesh Circle
461116,461116,Bhopal NSH,Itarsi ICH,Madhya Pradesh Circle
461122,461122,Bhopal NSH,Itarsi ICH,Madhya Pradesh Circle
461221,461441,Bhopal NSH,Itarsi ICH,Madhya Pradesh Circle
461446,461551,Bhopal NSH,Itarsi ICH,Madhya Pradesh Circle
461661,461990,Bhopal NSH,Itarsi ICH,Madhya Pradesh Circle
480661,480661,Bhopal NSH,Jabalpur ICH,Madhya Pradesh Circle
480667,480667,Bhopal NSH,Jabalpur ICH,Madhya Pradesh Circle
480771,480771,Bhopal NSH,Jabalpur ICH,Madhya Pradesh Circle
480880,480882,Bhopal NSH,Jabalpur ICH,Madhya Pradesh Circle
480884,480884,Bhopal NSH,Jabalpur ICH,Madhya Pradesh Circle
480886,480888,Bhopal NSH,Jabalpur ICH,Madhya Pradesh Circle
480990,480991,Bhopal NSH,Jabalpur ICH,Madhya Pradesh Circle
480994,480994,Bhopal NSH,Jabalpur ICH,Madhya Pradesh Circle
480996,480997,Bhopal NSH,Jabalpur ICH,Madhya Pradesh Circle
480999,480999,Bhopal NSH,Jabalpur ICH,Madhya Pradesh Circle
481661,481661,Bhopal NSH,Jabalpur ICH,Madhya Pradesh Circle
481662,481666,Bhopal NSH,Jabalpur ICH,Madhya Pradesh Circle
481668,481668,Bhopal NSH,Jabalpur ICH,Madhya Pradesh Circle
481672,481672,Bhopal NSH,Jabalpur ICH,Madhya Pradesh Circle
481768,481768,Bhopal NSH,Jabalpur ICH,Madhya Pradesh Circle
481771,481771,Bhopal NSH,Jabalpur ICH,Madhya Pradesh Circle
481776,481776,Bhopal NSH,Jabalpur ICH,Madhya Pradesh Circle
481778,481778,Bhopal NSH,Jabalpur ICH,Madhya Pradesh Circle
481879,481880,Bhopal NSH,Jabalpur ICH,Madhya Pradesh Circle
481882,481884,Bhopal NSH,Jabalpur ICH,Madhya Pradesh Circle
481885,481885,Bhopal NSH,Jabalpur ICH,Madhya Pradesh Circle
481990,481990,Bhopal NSH,Jabalpur ICH,Madhya Pradesh Circle
481995,481996,Bhopal NSH,Jabalpur ICH,Madhya Pradesh Circle
481998,481998,Bhopal NSH,Jabalpur ICH,Madhya Pradesh Circle
482001,482005,Bhopal NSH,Jabalpur ICH,Madhya Pradesh Circle
482008,482011,Bhopal NSH,Jabalpur ICH,Madhya Pradesh Circle
482020,482021,Bhopal NSH,Jabalpur ICH,Madhya Pradesh Circle
482051,482051,Bhopal NSH,Jabalpur ICH,Madhya Pradesh Circle
482056,482056,Bhopal NSH,Jabalpur ICH,Madhya Pradesh Circle
483001,483001,Bhopal NSH,Jabalpur ICH,Madhya Pradesh Circle
483053,483053,Bhopal NSH,Jabalpur ICH,Madhya Pradesh Circle
483105,483105,Bhopal NSH,Jabalpur ICH,Madhya Pradesh Circle
483110,483110,Bhopal NSH,Jabalpur ICH,Madhya Pradesh Circle
483113,483113,Bhopal NSH,Jabalpur ICH,Madhya Pradesh Circle
483119,483220,Bhopal NSH,Jabalpur ICH,Madhya Pradesh Circle
487001,487001,Bhopal NSH,Jabalpur ICH,Madhya Pradesh Circle
487110,487110,Bhopal NSH,Jabalpur ICH,Madhya Pradesh Circle
487114,487114,Bhopal NSH,Jabalpur ICH,Madhya Pradesh Circle
487118,487118,Bhopal NSH,Jabalpur ICH,Madhya Pradesh Circle
487221,487221,Bhopal NSH,Jabalpur ICH,Madhya Pradesh Circle
487225,487225,Bhopal NSH,Jabalpur ICH,Madhya Pradesh Circle
487330,487330,Bhopal NSH,Jabalpur ICH,Madhya Pradesh Circle
487334,487334,Bhopal NSH,Jabalpur ICH,Madhya Pradesh Circle
487337,487337,Bhopal NSH,Jabalpur ICH,Madhya Pradesh Circle
487441,487445,Bhopal NSH,Jabalpur ICH,Madhya Pradesh Circle
487551,487551,Bhopal NSH,Jabalpur ICH,Madhya Pradesh Circle
487555,487881,Bhopal NSH,Jabalpur ICH,Madhya Pradesh Circle
473001,473001,Bhopal NSH,Guna ICH,Madhya Pradesh Circle
473101,473226,Bhopal NSH,Guna ICH,Madhya Pradesh Circle
473249,473249,Bhopal NSH,Guna ICH,Madhya Pradesh Circle
473287,473287,Bhopal NSH,Guna ICH,Madhya Pradesh Circle
473331,473447,Bhopal NSH,Guna ICH,Madhya Pradesh Circle
471001,471625,Bhopal NSH,Gwalior ICH,Madhya Pradesh Circle
472001,472447,Bhopal NSH,Gwalior ICH,Madhya Pradesh Circle
474001,474020,Bhopal NSH,Gwalior ICH,Madhya Pradesh Circle
475001,475686,Bhopal NSH,Gwalior ICH,Madhya Pradesh Circle
476001,476554,Bhopal NSH,Gwalior ICH,Madhya Pradesh Circle
477001,477660,Bhopal NSH,Gwalior ICH,Madhya Pradesh Circle
473551,473995,Bhopal NSH,Gwalior ICH,Madhya Pradesh Circle
470001,470021,Bhopal NSH,Sagar ICH,Madhya Pradesh Circle
470051,470881,Bhopal NSH,Sagar ICH,Madhya Pradesh Circle
481001,481102,Bhopal NSH,BALAGHAT ICH,Madhya Pradesh Circle
481105,481556,Bhopal NSH,BALAGHAT ICH,Madhya Pradesh Circle
483222,483222,Bhopal NSH,Katni ICH,Madhya Pradesh Circle
483225,483225,Bhopal NSH,Katni ICH,Madhya Pradesh Circle
483330,483332,Bhopal NSH,Katni ICH,Madhya Pradesh Circle
483334,483334,Bhopal NSH,Katni ICH,Madhya Pradesh Circle
483336,483336,Bhopal NSH,Katni ICH,Madhya Pradesh Circle
483440,483440,Bhopal NSH,Katni ICH,Madhya Pradesh Circle
483442,483442,Bhopal NSH,Katni ICH,Madhya Pradesh Circle
483501,483501,Bhopal NSH,Katni ICH,Madhya Pradesh Circle
483504,483504,Bhopal NSH,Katni ICH,Madhya Pradesh Circle
483770,483770,Bhopal NSH,Katni ICH,Madhya Pradesh Circle
483773,483773,Bhopal NSH,Katni ICH,Madhya Pradesh Circle
483775,483775,Bhopal NSH,Katni ICH,Madhya Pradesh Circle
483880,483880,Bhopal NSH,Katni ICH,Madhya Pradesh Circle
483990,483990,Bhopal NSH,Katni ICH,Madhya Pradesh Circle
484001,484001,Bhopal NSH,Katni ICH,Madhya Pradesh Circle
484110,484110,Bhopal NSH,Katni ICH,Madhya Pradesh Circle
484113,484114,Bhopal NSH,Katni ICH,Madhya Pradesh Circle
484116,484117,Bhopal NSH,Katni ICH,Madhya Pradesh Circle
484120,484120,Bhopal NSH,Katni ICH,Madhya Pradesh Circle
484220,484220,Bhopal NSH,Katni ICH,Madhya Pradesh Circle
484224,484224,Bhopal NSH,Katni ICH,Madhya Pradesh Circle
484330,484330,Bhopal NSH,Katni ICH,Madhya Pradesh Circle
484334,484334,Bhopal NSH,Katni ICH,Madhya Pradesh Circle
484336,484336,Bhopal NSH,Katni ICH,Madhya Pradesh Circle
484440,484440,Bhopal NSH,Katni ICH,Madhya Pradesh Circle
484444,484444,Bhopal NSH,Katni ICH,Madhya Pradesh Circle
484446,484447,Bhopal NSH,Katni ICH,Madhya Pradesh Circle
484551,484551,Bhopal NSH,Katni ICH,Madhya Pradesh Circle
484555,484555,Bhopal NSH,Katni ICH,Madhya Pradesh Circle
484660,484661,Bhopal NSH,Katni ICH,Madhya Pradesh Circle
484664,484665,Bhopal NSH,Katni ICH,Madhya Pradesh Circle
484669,484771,Bhopal NSH,Katni ICH,Madhya Pradesh Circle
484774,484774,Bhopal NSH,Katni ICH,Madhya Pradesh Circle
484776,484776,Bhopal NSH,Katni ICH,Madhya Pradesh Circle
484886,484887,Bhopal NSH,Katni ICH,Madhya Pradesh Circle
480001,480003,Bhopal NSH,Chhindwara ICH,Madhya Pradesh Circle
480005,480559,Bhopal NSH,Chhindwara ICH,Madhya Pradesh Circle
450001,450001,Indore NSH,KHANDWA ICH,Madhya Pradesh Circle
450051,450051,Indore NSH,KHANDWA ICH,Madhya Pradesh Circle
450110,450110,Indore NSH,KHANDWA ICH,Madhya Pradesh Circle
450112,450112,Indore NSH,KHANDWA ICH,Madhya Pradesh Circle
450114,450114,Indore NSH,KHANDWA ICH,Madhya Pradesh Circle
450116,450116,Indore NSH,KHANDWA ICH,Madhya Pradesh Circle
450117,450117,Indore NSH,KHANDWA ICH,Madhya Pradesh Circle
450119,450119,Indore NSH,KHANDWA ICH,Madhya Pradesh Circle
450221,450221,Indore NSH,KHANDWA ICH,Madhya Pradesh Circle
450331,450331,Indore NSH,KHANDWA ICH,Madhya Pradesh Circle
450332,450332,Indore NSH,KHANDWA ICH,Madhya Pradesh Circle
450337,450337,Indore NSH,KHANDWA ICH,Madhya Pradesh Circle
450445,450445,Indore NSH,KHANDWA ICH,Madhya Pradesh Circle
450551,450551,Indore NSH,KHANDWA ICH,Madhya Pradesh Circle
450554,450554,Indore NSH,KHANDWA ICH,Madhya Pradesh Circle
450661,450661,Indore NSH,KHANDWA ICH,Madhya Pradesh Circle
450771,450771,Indore NSH,KHANDWA ICH,Madhya Pradesh Circle
450881,450881,Indore NSH,KHANDWA ICH,Madhya Pradesh Circle
450991,450991,Indore NSH,KHANDWA ICH,Madhya Pradesh Circle
451001,451001,Indore NSH,KHANDWA ICH,Madhya Pradesh Circle
451111,451111,Indore NSH,KHANDWA ICH,Madhya Pradesh Circle
451113,451113,Indore NSH,KHANDWA ICH,Madhya Pradesh Circle
451115,451115,Indore NSH,KHANDWA ICH,Madhya Pradesh Circle
451220,451220,Indore NSH,KHANDWA ICH,Madhya Pradesh Circle
451221,451221,Indore NSH,KHANDWA ICH,Madhya Pradesh Circle
451224,451224,Indore NSH,KHANDWA ICH,Madhya Pradesh Circle
451225,451225,Indore NSH,KHANDWA ICH,Madhya Pradesh Circle
451228,451228,Indore NSH,KHANDWA ICH,Madhya Pradesh Circle
451331,451331,Indore NSH,KHANDWA ICH,Madhya Pradesh Circle
451332,451332,Indore NSH,KHANDWA ICH,Madhya Pradesh Circle
451335,451335,Indore NSH,KHANDWA ICH,Madhya Pradesh Circle
451440,451440,Indore NSH,KHANDWA ICH,Madhya Pradesh Circle
451441,451441,Indore NSH,KHANDWA ICH,Madhya Pradesh Circle
451442,451442,Indore NSH,KHANDWA ICH,Madhya Pradesh Circle
451447,451447,Indore NSH,KHANDWA ICH,Madhya Pradesh Circle
451449,451449,Indore NSH,KHANDWA ICH,Madhya Pradesh Circle
451551,451551,Indore NSH,KHANDWA ICH,Madhya Pradesh Circle
451556,451556,Indore NSH,KHANDWA ICH,Madhya Pradesh Circle
451660,451660,Indore NSH,KHANDWA ICH,Madhya Pradesh Circle
451666,451666,Indore NSH,KHANDWA ICH,Madhya Pradesh Circle
451770,451770,Indore NSH,KHANDWA ICH,Madhya Pradesh Circle
451881,451881,Indore NSH,KHANDWA ICH,Madhya Pradesh Circle
456001,456001,Indore NSH,Ujjain ICH,Madhya Pradesh Circle
456003,456003,Indore NSH,Ujjain ICH,Madhya Pradesh Circle
456006,456006,Indore NSH,Ujjain ICH,Madhya Pradesh Circle
456010,456010,Indore NSH,Ujjain ICH,Madhya Pradesh Circle
456221,456221,Indore NSH,Ujjain ICH,Madhya Pradesh Circle
456222,456222,Indore NSH,Ujjain ICH,Madhya Pradesh Circle
456224,456224,Indore NSH,Ujjain ICH,Madhya Pradesh Circle
456313,456313,Indore NSH,Ujjain ICH,Madhya Pradesh Circle
456331,456331,Indore NSH,Ujjain ICH,Madhya Pradesh Circle
456335,456335,Indore NSH,Ujjain ICH,Madhya Pradesh Circle
456337,456337,Indore NSH,Ujjain ICH,Madhya Pradesh Circle
456440,456440,Indore NSH,Ujjain ICH,Madhya Pradesh Circle
456441,456441,Indore NSH,Ujjain ICH,Madhya Pradesh Circle
456443,456443,Indore NSH,Ujjain ICH,Madhya Pradesh Circle
456550,456550,Indore NSH,Ujjain ICH,Madhya Pradesh Circle
456661,456661,Indore NSH,Ujjain ICH,Madhya Pradesh Circle
456664,456664,Indore NSH,Ujjain ICH,Madhya Pradesh Circle
456665,456665,Indore NSH,Ujjain ICH,Madhya Pradesh Circle
456668,456668,Indore NSH,Ujjain ICH,Madhya Pradesh Circle
456770,456770,Indore NSH,Ujjain ICH,Madhya Pradesh Circle
456771,456771,Indore NSH,Ujjain ICH,Madhya Pradesh Circle
456776,456776,Indore NSH,Ujjain ICH,Madhya Pradesh Circle
465001,465001,Indore NSH,Ujjain ICH,Madhya Pradesh Circle
465106,465106,Indore NSH,Ujjain ICH,Madhya Pradesh Circle
465110,465110,Indore NSH,Ujjain ICH,Madhya Pradesh Circle
465113,465113,Indore NSH,Ujjain ICH,Madhya Pradesh Circle
465116,465116,Indore NSH,Ujjain ICH,Madhya Pradesh Circle
465118,465118,Indore NSH,Ujjain ICH,Madhya Pradesh Circle
465220,465220,Indore NSH,Ujjain ICH,Madhya Pradesh Circle
465223,465223,Indore NSH,Ujjain ICH,Madhya Pradesh Circle
465226,465226,Indore NSH,Ujjain ICH,Madhya Pradesh Circle
465227,465227,Indore NSH,Ujjain ICH,Madhya Pradesh Circle
465230,465230,Indore NSH,Ujjain ICH,Madhya Pradesh Circle
465333,465333,Indore NSH,Ujjain ICH,Madhya Pradesh Circle
465335,465335,Indore NSH,Ujjain ICH,Madhya Pradesh Circle
465337,465337,Indore NSH,Ujjain ICH,Madhya Pradesh Circle
465339,465339,Indore NSH,Ujjain ICH,Madhya Pradesh Circle
465441,465441,Indore NSH,Ujjain ICH,Madhya Pradesh Circle
465445,465445,Indore NSH,Ujjain ICH,Madhya Pradesh Circle
465447,465447,Indore NSH,Ujjain ICH,Madhya Pradesh Circle
465449,465449,Indore NSH,Ujjain ICH,Madhya Pradesh Circle
465550,465550,Indore NSH,Ujjain ICH,Madhya Pradesh Circle
457001,457001,Indore NSH,Ratlam ICH,Madhya Pradesh Circle
457114,457114,Indore NSH,Ratlam ICH,Madhya Pradesh Circle
457118,457118,Indore NSH,Ratlam ICH,Madhya Pradesh Circle
457119,457119,Indore NSH,Ratlam ICH,Madhya Pradesh Circle
457222,457222,Indore NSH,Ratlam ICH,Madhya Pradesh Circle
457226,457226,Indore NSH,Ratlam ICH,Madhya Pradesh Circle
457331,457331,Indore NSH,Ratlam ICH,Madhya Pradesh Circle
457333,457333,Indore NSH,Ratlam ICH,Madhya Pradesh Circle
457336,457336,Indore NSH,Ratlam ICH,Madhya Pradesh Circle
457339,457339,Indore NSH,Ratlam ICH,Madhya Pradesh Circle
457340,457340,Indore NSH,Ratlam ICH,Madhya Pradesh Circle
457441,457441,Indore NSH,Ratlam ICH,Madhya Pradesh Circle
457550,457550,Indore NSH,Ratlam ICH,Madhya Pradesh Circle
457555,457555,Indore NSH,Ratlam ICH,Madhya Pradesh Circle
457661,457661,Indore NSH,Ratlam ICH,Madhya Pradesh Circle
457770,457770,Indore NSH,Ratlam ICH,Madhya Pradesh Circle
457772,457772,Indore NSH,Ratlam ICH,Madhya Pradesh Circle
457773,457773,Indore NSH,Ratlam ICH,Madhya Pradesh Circle
457775,457775,Indore NSH,Ratlam ICH,Madhya Pradesh Circle
457777,457777,Indore NSH,Ratlam ICH,Madhya Pradesh Circle
457779,457779,Indore NSH,Ratlam ICH,Madhya Pradesh Circle
457882,457882,Indore NSH,Ratlam ICH,Madhya Pradesh Circle
457885,457885,Indore NSH,Ratlam ICH,Madhya Pradesh Circle
457887,457887,Indore NSH,Ratlam ICH,Madhya Pradesh Circle
457888,457888,Indore NSH,Ratlam ICH,Madhya Pradesh Circle
457990,457990,Indore NSH,Ratlam ICH,Madhya Pradesh Circle
457993,457993,Indore NSH,Ratlam ICH,Madhya Pradesh Circle
458001,458001,Indore NSH,Ratlam ICH,Madhya Pradesh Circle
458002,458002,Indore NSH,Ratlam ICH,Madhya Pradesh Circle
458110,458110,Indore NSH,Ratlam ICH,Madhya Pradesh Circle
458113,458113,Indore NSH,Ratlam ICH,Madhya Pradesh Circle
458116,458116,Indore NSH,Ratlam ICH,Madhya Pradesh Circle
458118,458118,Indore NSH,Ratlam ICH,Madhya Pradesh Circle
458220,458220,Indore NSH,Ratlam ICH,Madhya Pradesh Circle
458226,458226,Indore NSH,Ratlam ICH,Madhya Pradesh Circle
458228,458228,Indore NSH,Ratlam ICH,Madhya Pradesh Circle
458330,458330,Indore NSH,Ratlam ICH,Madhya Pradesh Circle
458336,458336,Indore NSH,Ratlam ICH,Madhya Pradesh Circle
458339,458339,Indore NSH,Ratlam ICH,Madhya Pradesh Circle
458389,458389,Indore NSH,Ratlam ICH,Madhya Pradesh Circle
458441,458441,Indore NSH,Ratlam ICH,Madhya Pradesh Circle
458468,458468,Indore NSH,Ratlam ICH,Madhya Pradesh Circle
458470,458470,Indore NSH,Ratlam ICH,Madhya Pradesh Circle
458553,458553,Indore NSH,Ratlam ICH,Madhya Pradesh Circle
458556,458556,Indore NSH,Ratlam ICH,Madhya Pradesh Circle
458558,458558,Indore NSH,Ratlam ICH,Madhya Pradesh Circle
458664,458664,Indore NSH,Ratlam ICH,Madhya Pradesh Circle
458667,458667,Indore NSH,Ratlam ICH,Madhya Pradesh Circle
458669,458669,Indore NSH,Ratlam ICH,Madhya Pradesh Circle
458771,458771,Indore NSH,Ratlam ICH,Madhya Pradesh Circle
458775,458775,Indore NSH,Ratlam ICH,Madhya Pradesh Circle
458778,458778,Indore NSH,Ratlam ICH,Madhya Pradesh Circle
458880,458880,Indore NSH,Ratlam ICH,Madhya Pradesh Circle
458883,458883,Indore NSH,Ratlam ICH,Madhya Pradesh Circle
458888,458888,Indore NSH,Ratlam ICH,Madhya Pradesh Circle
458895,458895,Indore NSH,Ratlam ICH,Madhya Pradesh Circle
458990,458990,Indore NSH,Ratlam ICH,Madhya Pradesh Circle
485001,485005,Varanasi NSH,Satna ICH,Madhya Pradesh Circle
485111,485881,Varanasi NSH,Satna ICH,Madhya Pradesh Circle
486001,486556,Varanasi NSH,Satna ICH,Madhya Pradesh Circle
486661,486892,Varanasi NSH,Satna ICH,Madhya Pradesh Circle
488001,488448,Varanasi NSH,Satna ICH,Madhya Pradesh Circle
751001,751025,Bhubaneswar NSH,Bhubaneswar NSH,Odisha Circle
751028,751031,Bhubaneswar NSH,Bhubaneswar NSH,Odisha Circle
751032,751032,Bhubaneswar NSH,Bhubaneswar NSH,Odisha Circle
752015,752031,Bhubaneswar NSH,Bhubaneswar NSH,Odisha Circle
752033,752044,Bhubaneswar NSH,Bhubaneswar NSH,Odisha Circle
752047,752099,Bhubaneswar NSH,Bhubaneswar NSH,Odisha Circle
752100,752103,Bhubaneswar NSH,Bhubaneswar NSH,Odisha Circle
752115,752115,Bhubaneswar NSH,Bhubaneswar NSH,Odisha Circle
754012,754012,Bhubaneswar NSH,Bhubaneswar NSH,Odisha Circle
752001,752003,Bhubaneswar NSH,ICH PURI,Odisha Circle
752004,752004,Bhubaneswar NSH,ICH PURI,Odisha Circle
752010,752014,Bhubaneswar NSH,ICH PURI,Odisha Circle
752032,752032,Bhubaneswar NSH,ICH PURI,Odisha Circle
752045,752046,Bhubaneswar NSH,ICH PURI,Odisha Circle
752104,752111,Bhubaneswar NSH,ICH PURI,Odisha Circle
752113,752114,Bhubaneswar NSH,ICH PURI,Odisha Circle
752116,752116,Bhubaneswar NSH,ICH PURI,Odisha Circle
752118,752119,Bhubaneswar NSH,ICH PURI,Odisha Circle
752121,752121,Bhubaneswar NSH,ICH PURI,Odisha Circle
752120,752120,Bhubaneswar NSH,Cuttack ICH,Odisha Circle
753001,753015,Bhubaneswar NSH,Cuttack ICH,Odisha Circle
754001,754011,Bhubaneswar NSH,Cuttack ICH,Odisha Circle
754013,754013,Bhubaneswar NSH,Cuttack ICH,Odisha Circle
754014,754018,Bhubaneswar NSH,Cuttack ICH,Odisha Circle
754021,754022,Bhubaneswar NSH,Cuttack ICH,Odisha Circle
754023,754024,Bhubaneswar NSH,Jajpur Road ICH,Odisha Circle
754025,754080,Bhubaneswar NSH,Cuttack ICH,Odisha Circle
754081,754082,Bhubaneswar NSH,Jajpur Road ICH,Odisha Circle
754083,754295,Bhubaneswar NSH,Cuttack ICH,Odisha Circle
754296,754296,Bhubaneswar NSH,Jajpur Road ICH,Odisha Circle
754297,754299,Bhubaneswar NSH,Cuttack ICH,Odisha Circle
755001,755060,Bhubaneswar NSH,Jajpur Road ICH,Odisha Circle
755061,755061,Bhubaneswar NSH,Cuttack ICH,Odisha Circle
756001,756999,Bhubaneswar NSH,Balasore ICH,Odisha Circle
757001,757003,Bhubaneswar NSH,ICH Baripada,Odisha Circle
757004,757024,Bhubaneswar NSH,ICH Baripada,Odisha Circle
757025,757025,Bhubaneswar NSH,Balasore ICH,Odisha Circle
757028,757029,Bhubaneswar NSH,Balasore ICH,Odisha Circle
757052,757052,Bhubaneswar NSH,Balasore ICH,Odisha Circle
757056,757056,Bhubaneswar NSH,Balasore ICH,Odisha Circle
757082,757082,Bhubaneswar NSH,Balasore ICH,Odisha Circle
757100,757100,Bhubaneswar NSH,Balasore ICH,Odisha Circle
757026,757027,Bhubaneswar NSH,ICH Baripada,Odisha Circle
757030,757048,Bhubaneswar NSH,ICH Baripada,Odisha Circle
757049,757049,Bhubaneswar NSH,ICH Baripada,Odisha Circle
757050,757051,Bhubaneswar NSH,ICH Baripada,Odisha Circle
757053,757055,Bhubaneswar NSH,ICH Baripada,Odisha Circle
757057,757081,Bhubaneswar NSH,ICH Baripada,Odisha Circle
757083,757099,Bhubaneswar NSH,ICH Baripada,Odisha Circle
757101,757106,Bhubaneswar NSH,ICH Baripada,Odisha Circle
757107,757107,Bhubaneswar NSH,ICH Baripada,Odisha Circle
757108,757999,Bhubaneswar NSH,ICH Baripada,Odisha Circle
758001,758999,Bhubaneswar NSH,Jajpur Road ICH,Odisha Circle
759001,759148,Bhubaneswar NSH,Dhenkanal ICH,Odisha Circle
759149,759151,Bhubaneswar NSH,Dhenkanal ICH,Odisha Circle
768201,768204,Bhubaneswar NSH,ICH Jharsuguda,Odisha Circle
768210,768222,Bhubaneswar NSH,ICH Jharsuguda,Odisha Circle
768224,768228,Bhubaneswar NSH,ICH Jharsuguda,Odisha Circle
768233,768234,Bhubaneswar NSH,ICH Jharsuguda,Odisha Circle
770001,770002,Bhubaneswar NSH,ICH Jharsuguda,Odisha Circle
770011,770015,Bhubaneswar NSH,ICH Jharsuguda,Odisha Circle
770019,770022,Bhubaneswar NSH,ICH Jharsuguda,Odisha Circle
770024,770025,Bhubaneswar NSH,ICH Jharsuguda,Odisha Circle
763001,764000,Bhubaneswar NSH,Jeypore(K) ICH,Odisha Circle
768025,768200,Bhubaneswar NSH,Sambalpur ICH,Odisha Circle
760012,762999,Bhubaneswar NSH,Berhampur ICH,Odisha Circle
760001,760011,Bhubaneswar NSH,Berhampur ICH,Odisha Circle
768001,768006,Bhubaneswar NSH,Sambalpur ICH,Odisha Circle
768007,768024,Bhubaneswar NSH,Sambalpur ICH,Odisha Circle
764007,765999,Bhubaneswar NSH,Jeypore(K) ICH,Odisha Circle
764001,764006,Bhubaneswar NSH,Jeypore(K) ICH,Odisha Circle
769001,769006,Bhubaneswar NSH,Rourkela ICH,Odisha Circle
769007,769007,Bhubaneswar NSH,Rourkela ICH,Odisha Circle
769008,769015,Bhubaneswar NSH,Rourkela ICH,Odisha Circle
769016,769016,Bhubaneswar NSH,Rourkela ICH,Odisha Circle
769042,769042,Bhubaneswar NSH,Rourkela ICH,Odisha Circle
769043,769043,Bhubaneswar NSH,Rourkela ICH,Odisha Circle
770016,770018,Bhubaneswar NSH,Rourkela ICH,Odisha Circle
770023,770023,Bhubaneswar NSH,Rourkela ICH,Odisha Circle
770031,770044,Bhubaneswar NSH,Rourkela ICH,Odisha Circle
770046,770046,Bhubaneswar NSH,Rourkela ICH,Odisha Circle
770048,770048,Bhubaneswar NSH,Rourkela ICH,Odisha Circle
770051,770052,Bhubaneswar NSH,Rourkela ICH,Odisha Circle
770070,770070,Bhubaneswar NSH,Rourkela ICH,Odisha Circle
770072,770076,Bhubaneswar NSH,ICH Jharsuguda,Odisha Circle
766001,766999,Bhubaneswar NSH,Balangir ICH,Odisha Circle
767001,767002,Bhubaneswar NSH,Balangir ICH,Odisha Circle
767003,767064,Bhubaneswar NSH,Balangir ICH,Odisha Circle
767065,767065,Bhubaneswar NSH,Balangir ICH,Odisha Circle
767066,767070,Bhubaneswar NSH,Balangir ICH,Odisha Circle
767071,767071,Bhubaneswar NSH,Balangir ICH,Odisha Circle
767072,767999,Bhubaneswar NSH,Balangir ICH,Odisha Circle
140101,140101,Chandigarh NSH,Chandigarh NSH,Punjab Circle
140102,140102,Chandigarh NSH,Chandigarh NSH,Punjab Circle
140103,140103,Chandigarh NSH,Chandigarh NSH,Punjab Circle
140108,140108,Chandigarh NSH,Chandigarh NSH,Punjab Circle
140109,140109,Chandigarh NSH,Chandigarh NSH,Punjab Circle
140110,140110,Chandigarh NSH,Chandigarh NSH,Punjab Circle
140111,140111,Chandigarh NSH,Chandigarh NSH,Punjab Circle
140112,140113,Chandigarh NSH,Chandigarh NSH,Punjab Circle
140114,140114,Chandigarh NSH,Chandigarh NSH,Punjab Circle
140115,140115,Chandigarh NSH,Chandigarh NSH,Punjab Circle
140116,140116,Chandigarh NSH,Chandigarh NSH,Punjab Circle
140117,140117,Chandigarh NSH,Chandigarh NSH,Punjab Circle
140118,140118,Chandigarh NSH,Chandigarh NSH,Punjab Circle
140119,140119,Chandigarh NSH,Chandigarh NSH,Punjab Circle
140123,140123,Chandigarh NSH,Chandigarh NSH,Punjab Circle
140124,140124,Chandigarh NSH,Chandigarh NSH,Punjab Circle
140125,140125,Chandigarh NSH,Chandigarh NSH,Punjab Circle
140126,140127,Chandigarh NSH,Chandigarh NSH,Punjab Circle
140128,140128,Chandigarh NSH,Chandigarh NSH,Punjab Circle
140133,140133,Chandigarh NSH,Chandigarh NSH,Punjab Circle
140201,140201,Chandigarh NSH,Chandigarh NSH,Punjab Circle
140301,140301,Chandigarh NSH,Chandigarh NSH,Punjab Circle
140306,140306,Chandigarh NSH,Chandigarh NSH,Punjab Circle
140307,140308,Chandigarh NSH,Chandigarh NSH,Punjab Circle
140413,140413,Chandigarh NSH,Chandigarh NSH,Punjab Circle
140501,140501,Chandigarh NSH,Chandigarh NSH,Punjab Circle
140506,140506,Chandigarh NSH,Chandigarh NSH,Punjab Circle
140507,140507,Chandigarh NSH,Chandigarh NSH,Punjab Circle
140603,140604,Chandigarh NSH,Chandigarh NSH,Punjab Circle
140901,140901,Chandigarh NSH,Chandigarh NSH,Punjab Circle
160001,160001,Chandigarh NSH,Chandigarh NSH,Punjab Circle
160002,160002,Chandigarh NSH,Chandigarh NSH,Punjab Circle
160003,160003,Chandigarh NSH,Chandigarh NSH,Punjab Circle
160004,160004,Chandigarh NSH,Chandigarh NSH,Punjab Circle
160009,160009,Chandigarh NSH,Chandigarh NSH,Punjab Circle
160011,160011,Chandigarh NSH,Chandigarh NSH,Punjab Circle
160012,160012,Chandigarh NSH,Chandigarh NSH,Punjab Circle
160014,160014,Chandigarh NSH,Chandigarh NSH,Punjab Circle
160015,160015,Chandigarh NSH,Chandigarh NSH,Punjab Circle
160017,160017,Chandigarh NSH,Chandigarh NSH,Punjab Circle
160018,160018,Chandigarh NSH,Chandigarh NSH,Punjab Circle
160019,160019,Chandigarh NSH,Chandigarh NSH,Punjab Circle
160020,160020,Chandigarh NSH,Chandigarh NSH,Punjab Circle
160022,160022,Chandigarh NSH,Chandigarh NSH,Punjab Circle
160023,160023,Chandigarh NSH,Chandigarh NSH,Punjab Circle
160025,160025,Chandigarh NSH,Chandigarh NSH,Punjab Circle
160030,160030,Chandigarh NSH,Chandigarh NSH,Punjab Circle
160036,160036,Chandigarh NSH,Chandigarh NSH,Punjab Circle
160043,160043,Chandigarh NSH,Chandigarh NSH,Punjab Circle
160047,160047,Chandigarh NSH,Chandigarh NSH,Punjab Circle
160062,160062,Chandigarh NSH,Chandigarh NSH,Punjab Circle
160055,160055,Chandigarh NSH,Chandigarh NSH,Punjab Circle
160059,160059,Chandigarh NSH,Chandigarh NSH,Punjab Circle
160071,160071,Chandigarh NSH,Chandigarh NSH,Punjab Circle
160101,160101,Chandigarh NSH,Chandigarh NSH,Punjab Circle
160102,160102,Chandigarh NSH,Chandigarh NSH,Punjab Circle
160103,160103,Chandigarh NSH,Chandigarh NSH,Punjab Circle
160104,160104,Chandigarh NSH,Chandigarh NSH,Punjab Circle
141001,141001,Ludhiana NSH,Ludhiana NSH,Punjab Circle
141002,141002,Ludhiana NSH,Ludhiana NSH,Punjab Circle
141003,141003,Ludhiana NSH,Ludhiana NSH,Punjab Circle
141004,141004,Ludhiana NSH,Ludhiana NSH,Punjab Circle
141006,141006,Ludhiana NSH,Ludhiana NSH,Punjab Circle
141007,141007,Ludhiana NSH,Ludhiana NSH,Punjab Circle
141008,141008,Ludhiana NSH,Ludhiana NSH,Punjab Circle
141010,141010,Ludhiana NSH,Ludhiana NSH,Punjab Circle
141012,141012,Ludhiana NSH,Ludhiana NSH,Punjab Circle
141013,141013,Ludhiana NSH,Ludhiana NSH,Punjab Circle
141014,141014,Ludhiana NSH,Ludhiana NSH,Punjab Circle
141015,141015,Ludhiana NSH,Ludhiana NSH,Punjab Circle
141016,141016,Ludhiana NSH,Ludhiana NSH,Punjab Circle
141101,141101,Ludhiana NSH,Ludhiana NSH,Punjab Circle
141102,141102,Ludhiana NSH,Ludhiana NSH,Punjab Circle
141103,141103,Ludhiana NSH,Ludhiana NSH,Punjab Circle
141104,141104,Ludhiana NSH,Ludhiana NSH,Punjab Circle
141105,141105,Ludhiana NSH,Ludhiana NSH,Punjab Circle
141106,141106,Ludhiana NSH,Ludhiana NSH,Punjab Circle
141107,141107,Ludhiana NSH,Ludhiana NSH,Punjab Circle
141108,141108,Ludhiana NSH,Ludhiana NSH,Punjab Circle
141109,141109,Ludhiana NSH,Ludhiana NSH,Punjab Circle
141110,141110,Ludhiana NSH,Ludhiana NSH,Punjab Circle
141112,141112,Ludhiana NSH,Ludhiana NSH,Punjab Circle
141113,141113,Ludhiana NSH,Ludhiana NSH,Punjab Circle
141114,141114,Ludhiana NSH,Ludhiana NSH,Punjab Circle
141115,141115,Ludhiana NSH,Ludhiana NSH,Punjab Circle
141116,141116,Ludhiana NSH,Ludhiana NSH,Punjab Circle
141117,141117,Ludhiana NSH,Ludhiana NSH,Punjab Circle
141118,141118,Ludhiana NSH,Ludhiana NSH,Punjab Circle
141119,141119,Ludhiana NSH,Ludhiana NSH,Punjab Circle
141120,141120,Ludhiana NSH,Ludhiana NSH,Punjab Circle
141121,141121,Ludhiana NSH,Ludhiana NSH,Punjab Circle
141122,141122,Ludhiana NSH,Ludhiana NSH,Punjab Circle
141123,141123,Ludhiana NSH,Ludhiana NSH,Punjab Circle
141125,141125,Ludhiana NSH,Ludhiana NSH,Punjab Circle
141126,141126,Ludhiana NSH,Ludhiana NSH,Punjab Circle
141127,141127,Ludhiana NSH,Ludhiana NSH,Punjab Circle
141201,141201,Ludhiana NSH,Ludhiana NSH,Punjab Circle
141202,141202,Ludhiana NSH,Ludhiana NSH,Punjab Circle
141203,141203,Ludhiana NSH,Ludhiana NSH,Punjab Circle
141204,141204,Ludhiana NSH,Ludhiana NSH,Punjab Circle
141205,141205,Ludhiana NSH,Ludhiana NSH,Punjab Circle
141206,141206,Ludhiana NSH,Ludhiana NSH,Punjab Circle
141401,141401,Ludhiana NSH,Ludhiana NSH,Punjab Circle
141412,141412,Ludhiana NSH,Ludhiana NSH,Punjab Circle
141413,141413,Ludhiana NSH,Ludhiana NSH,Punjab Circle
141414,141414,Ludhiana NSH,Ludhiana NSH,Punjab Circle
141415,141415,Ludhiana NSH,Ludhiana NSH,Punjab Circle
141416,141416,Ludhiana NSH,Ludhiana NSH,Punjab Circle
141417,141417,Ludhiana NSH,Ludhiana NSH,Punjab Circle
141418,141418,Ludhiana NSH,Ludhiana NSH,Punjab Circle
141419,141419,Ludhiana NSH,Ludhiana NSH,Punjab Circle
141421,141421,Ludhiana NSH,Ludhiana NSH,Punjab Circle
142021,142021,Ludhiana NSH,Ludhiana NSH,Punjab Circle
142022,142022,Ludhiana NSH,Ludhiana NSH,Punjab Circle
142023,142023,Ludhiana NSH,Ludhiana NSH,Punjab Circle
142024,142024,Ludhiana NSH,Ludhiana NSH,Punjab Circle
142025,142025,Ludhiana NSH,Ludhiana NSH,Punjab Circle
142026,142026,Ludhiana NSH,Ludhiana NSH,Punjab Circle
142027,142027,Ludhiana NSH,Ludhiana NSH,Punjab Circle
142029,142029,Ludhiana NSH,Ludhiana NSH,Punjab Circle
142030,142030,Ludhiana NSH,Ludhiana NSH,Punjab Circle
142031,142031,Ludhiana NSH,Ludhiana NSH,Punjab Circle
142032,142032,Ludhiana NSH,Ludhiana NSH,Punjab Circle
142033,142033,Ludhiana NSH,Ludhiana NSH,Punjab Circle
142034,142034,Ludhiana NSH,Ludhiana NSH,Punjab Circle
142035,142035,Ludhiana NSH,Ludhiana NSH,Punjab Circle
142036,142036,Ludhiana NSH,Ludhiana NSH,Punjab Circle
148001,148001,Ludhiana NSH,Ludhiana NSH,Punjab Circle
148017,148017,Ludhiana NSH,Ludhiana NSH,Punjab Circle
148018,148018,Ludhiana NSH,Ludhiana NSH,Punjab Circle
148019,148019,Ludhiana NSH,Ludhiana NSH,Punjab Circle
148020,148020,Ludhiana NSH,Ludhiana NSH,Punjab Circle
148021,148021,Ludhiana NSH,Ludhiana NSH,Punjab Circle
148022,148022,Ludhiana NSH,Ludhiana NSH,Punjab Circle
148023,148023,Ludhiana NSH,Ludhiana NSH,Punjab Circle
148024,148024,Ludhiana NSH,Ludhiana NSH,Punjab Circle
148025,148025,Ludhiana NSH,Ludhiana NSH,Punjab Circle
148026,148026,Ludhiana NSH,Ludhiana NSH,Punjab Circle
148027,148027,Ludhiana NSH,Ludhiana NSH,Punjab Circle
148028,148028,Ludhiana NSH,Ludhiana NSH,Punjab Circle
148029,148030,Ludhiana NSH,Ludhiana NSH,Punjab Circle
148031,148031,Ludhiana NSH,Ludhiana NSH,Punjab Circle
148033,148033,Ludhiana NSH,Ludhiana NSH,Punjab Circle
148034,148034,Ludhiana NSH,Ludhiana NSH,Punjab Circle
148035,148035,Ludhiana NSH,Ludhiana NSH,Punjab Circle
148100,148100,Ludhiana NSH,Ludhiana NSH,Punjab Circle
148101,148102,Ludhiana NSH,Ludhiana NSH,Punjab Circle
148103,148103,Ludhiana NSH,Ludhiana NSH,Punjab Circle
148104,148104,Ludhiana NSH,Ludhiana NSH,Punjab Circle
148105,148105,Ludhiana NSH,Ludhiana NSH,Punjab Circle
148106,148106,Ludhiana NSH,Ludhiana NSH,Punjab Circle
148107,148107,Ludhiana NSH,Ludhiana NSH,Punjab Circle
148108,148108,Ludhiana NSH,Ludhiana NSH,Punjab Circle
140401,140404,Chandigarh NSH,Patiala ICH,Punjab Circle
140405,140408,Chandigarh NSH,Patiala ICH,Punjab Circle
140409,140412,Chandigarh NSH,Patiala ICH,Punjab Circle
140414,140499,Chandigarh NSH,Patiala ICH,Punjab Circle
140600,140602,Chandigarh NSH,Patiala ICH,Punjab Circle
140605,140699,Chandigarh NSH,Patiala ICH,Punjab Circle
140700,140799,Chandigarh NSH,Patiala ICH,Punjab Circle
140802,140802,Chandigarh NSH,Patiala ICH,Punjab Circle
141411,141411,Chandigarh NSH,Patiala ICH,Punjab Circle
141801,141801,Chandigarh NSH,Patiala ICH,Punjab Circle
147001,147001,Chandigarh NSH,Patiala ICH,Punjab Circle
147002,147002,Chandigarh NSH,Patiala ICH,Punjab Circle
147003,147003,Chandigarh NSH,Patiala ICH,Punjab Circle
147004,147004,Chandigarh NSH,Patiala ICH,Punjab Circle
147005,147005,Chandigarh NSH,Patiala ICH,Punjab Circle
147006,147006,Chandigarh NSH,Patiala ICH,Punjab Circle
147007,147007,Chandigarh NSH,Patiala ICH,Punjab Circle
147021,147021,Chandigarh NSH,Patiala ICH,Punjab Circle
147101,147102,Chandigarh NSH,Patiala ICH,Punjab Circle
147103,147103,Chandigarh NSH,Patiala ICH,Punjab Circle
147104,147104,Chandigarh NSH,Patiala ICH,Punjab Circle
147105,147105,Chandigarh NSH,Patiala ICH,Punjab Circle
147111,147111,Chandigarh NSH,Patiala ICH,Punjab Circle
147201,147201,Chandigarh NSH,Patiala ICH,Punjab Circle
147202,147202,Chandigarh NSH,Patiala ICH,Punjab Circle
147203,147203,Chandigarh NSH,Patiala ICH,Punjab Circle
147301,147301,Chandigarh NSH,Patiala ICH,Punjab Circle
142001,142001,Ludhiana NSH,Ferozepur ICH,Punjab Circle
142002,142003,Ludhiana NSH,Ferozepur ICH,Punjab Circle
142011,142011,Ludhiana NSH,Ferozepur ICH,Punjab Circle
142037,142040,Ludhiana NSH,Ferozepur ICH,Punjab Circle
142041,142044,Ludhiana NSH,Ferozepur ICH,Punjab Circle
142045,142045,Ludhiana NSH,Ferozepur ICH,Punjab Circle
142046,142046,Ludhiana NSH,Ferozepur ICH,Punjab Circle
142047,142047,Ludhiana NSH,Ferozepur ICH,Punjab Circle
142048,142049,Ludhiana NSH,Ferozepur ICH,Punjab Circle
142050,142050,Ludhiana NSH,Ferozepur ICH,Punjab Circle
142052,142052,Ludhiana NSH,Ferozepur ICH,Punjab Circle
142053,142057,Ludhiana NSH,Ferozepur ICH,Punjab Circle
142058,142058,Ludhiana NSH,Ferozepur ICH,Punjab Circle
142060,142060,Ludhiana NSH,Ferozepur ICH,Punjab Circle
151001,151005,Ludhiana NSH,Bathinda ICH,Punjab Circle
151007,151007,Ludhiana NSH,Bathinda ICH,Punjab Circle
151101,151106,Ludhiana NSH,Bathinda ICH,Punjab Circle
151108,151108,Ludhiana NSH,Bathinda ICH,Punjab Circle
151111,151111,Ludhiana NSH,Bathinda ICH,Punjab Circle
151201,151212,Ludhiana NSH,Bathinda ICH,Punjab Circle
151213,151213,Ludhiana NSH,Bathinda ICH,Punjab Circle
151214,151214,Ludhiana NSH,Bathinda ICH,Punjab Circle
151215,151215,Ludhiana NSH,Bathinda ICH,Punjab Circle
151301,151302,Ludhiana NSH,Bathinda ICH,Punjab Circle
151401,151401,Ludhiana NSH,Bathinda ICH,Punjab Circle
151501,151510,Ludhiana NSH,Bathinda ICH,Punjab Circle
151511,151511,Ludhiana NSH,Bathinda ICH,Punjab Circle
152001,152002,Ludhiana NSH,Ferozepur ICH,Punjab Circle
152020,152024,Ludhiana NSH,Ferozepur ICH,Punjab Circle
152025,152026,Ludhiana NSH,Bathinda ICH,Punjab Circle
152028,152028,Ludhiana NSH,Ferozepur ICH,Punjab Circle
152031,152032,Ludhiana NSH,Bathinda ICH,Punjab Circle
152033,152033,Ludhiana NSH,Ferozepur ICH,Punjab Circle
152101,152101,Ludhiana NSH,Bathinda ICH,Punjab Circle
152107,152107,Ludhiana NSH,Bathinda ICH,Punjab Circle
152112,152115,Ludhiana NSH,Bathinda ICH,Punjab Circle
152116,152118,Ludhiana NSH,Bathinda ICH,Punjab Circle
152121,152122,Ludhiana NSH,Bathinda ICH,Punjab Circle
152123,152124,Ludhiana NSH,Ferozepur ICH,Punjab Circle
152128,152132,Ludhiana NSH,Bathinda ICH,Punjab Circle
144525,144525,Ludhiana NSH,Jalandhar ICH,Punjab Circle
144526,144526,Ludhiana NSH,Jalandhar ICH,Punjab Circle
144527,144527,Ludhiana NSH,Jalandhar ICH,Punjab Circle
144528,144528,Ludhiana NSH,Jalandhar ICH,Punjab Circle
144529,144529,Ludhiana NSH,Jalandhar ICH,Punjab Circle
144530,144530,Ludhiana NSH,Jalandhar ICH,Punjab Circle
144531,144531,Ludhiana NSH,Jalandhar ICH,Punjab Circle
144532,144532,Ludhiana NSH,Jalandhar ICH,Punjab Circle
144533,144533,Ludhiana NSH,Jalandhar ICH,Punjab Circle
144601,144601,Ludhiana NSH,Jalandhar ICH,Punjab Circle
144602,144602,Ludhiana NSH,Jalandhar ICH,Punjab Circle
144603,144603,Ludhiana NSH,Jalandhar ICH,Punjab Circle
144606,144606,Ludhiana NSH,Jalandhar ICH,Punjab Circle
144620,144620,Ludhiana NSH,Jalandhar ICH,Punjab Circle
144210,144210,Ludhiana NSH,Jalandhar ICH,Punjab Circle
144211,144211,Ludhiana NSH,Jalandhar ICH,Punjab Circle
144212,144212,Ludhiana NSH,Jalandhar ICH,Punjab Circle
144213,144213,Ludhiana NSH,Jalandhar ICH,Punjab Circle
144214,144214,Ludhiana NSH,Jalandhar ICH,Punjab Circle
144216,144216,Ludhiana NSH,Jalandhar ICH,Punjab Circle
144221,144221,Ludhiana NSH,Jalandhar ICH,Punjab Circle
144222,144222,Ludhiana NSH,Jalandhar ICH,Punjab Circle
144223,144223,Ludhiana NSH,Jalandhar ICH,Punjab Circle
144224,144224,Ludhiana NSH,Jalandhar ICH,Punjab Circle
144301,144301,Ludhiana NSH,Jalandhar ICH,Punjab Circle
144302,144302,Ludhiana NSH,Jalandhar ICH,Punjab Circle
144303,144303,Ludhiana NSH,Jalandhar ICH,Punjab Circle
144305,144305,Ludhiana NSH,Jalandhar ICH,Punjab Circle
144306,144306,Ludhiana NSH,Jalandhar ICH,Punjab Circle
144311,144311,Ludhiana NSH,Jalandhar ICH,Punjab Circle
144402,144402,Ludhiana NSH,Jalandhar ICH,Punjab Circle
144421,144421,Ludhiana NSH,Jalandhar ICH,Punjab Circle
144422,144422,Ludhiana NSH,Jalandhar ICH,Punjab Circle
144501,144501,Ludhiana NSH,Jalandhar ICH,Punjab Circle
144502,144502,Ludhiana NSH,Jalandhar ICH,Punjab Circle
144503,144503,Ludhiana NSH,Jalandhar ICH,Punjab Circle
144504,144504,Ludhiana NSH,Jalandhar ICH,Punjab Circle
144505,144505,Ludhiana NSH,Jalandhar ICH,Punjab Circle
144506,144506,Ludhiana NSH,Jalandhar ICH,Punjab Circle
144507,144507,Ludhiana NSH,Jalandhar ICH,Punjab Circle
144508,144508,Ludhiana NSH,Jalandhar ICH,Punjab Circle
144509,144509,Ludhiana NSH,Jalandhar ICH,Punjab Circle
144510,144510,Ludhiana NSH,Jalandhar ICH,Punjab Circle
144511,144511,Ludhiana NSH,Jalandhar ICH,Punjab Circle
144512,144512,Ludhiana NSH,Jalandhar ICH,Punjab Circle
144513,144513,Ludhiana NSH,Jalandhar ICH,Punjab Circle
144514,144514,Ludhiana NSH,Jalandhar ICH,Punjab Circle
144515,144515,Ludhiana NSH,Jalandhar ICH,Punjab Circle
144516,144516,Ludhiana NSH,Jalandhar ICH,Punjab Circle
144517,144517,Ludhiana NSH,Jalandhar ICH,Punjab Circle
144518,144518,Ludhiana NSH,Jalandhar ICH,Punjab Circle
144519,144519,Ludhiana NSH,Jalandhar ICH,Punjab Circle
144520,144520,Ludhiana NSH,Jalandhar ICH,Punjab Circle
144521,144521,Ludhiana NSH,Jalandhar ICH,Punjab Circle
144522,144522,Ludhiana NSH,Jalandhar ICH,Punjab Circle
144523,144523,Ludhiana NSH,Jalandhar ICH,Punjab Circle
144524,144524,Ludhiana NSH,Jalandhar ICH,Punjab Circle
145022,145022,Ludhiana NSH,Amritsar ICH,Punjab Circle
145023,145023,Ludhiana NSH,Amritsar ICH,Punjab Circle
145024,145024,Ludhiana NSH,Amritsar ICH,Punjab Circle
145025,145025,Ludhiana NSH,Amritsar ICH,Punjab Circle
145026,145026,Ludhiana NSH,Amritsar ICH,Punjab Circle
145027,145027,Ludhiana NSH,Amritsar ICH,Punjab Circle
145029,145029,Ludhiana NSH,Amritsar ICH,Punjab Circle
145101,145101,Ludhiana NSH,Amritsar ICH,Punjab Circle
143001,143001,Ludhiana NSH,Amritsar ICH,Punjab Circle
143006,143006,Ludhiana NSH,Amritsar ICH,Punjab Circle
143008,143008,Ludhiana NSH,Amritsar ICH,Punjab Circle
143009,143009,Ludhiana NSH,Amritsar ICH,Punjab Circle
143022,143022,Ludhiana NSH,Amritsar ICH,Punjab Circle
143101,143101,Ludhiana NSH,Amritsar ICH,Punjab Circle
143102,143102,Ludhiana NSH,Amritsar ICH,Punjab Circle
143103,143103,Ludhiana NSH,Amritsar ICH,Punjab Circle
143105,143105,Ludhiana NSH,Amritsar ICH,Punjab Circle
143107,143107,Ludhiana NSH,Amritsar ICH,Punjab Circle
143108,143108,Ludhiana NSH,Amritsar ICH,Punjab Circle
143109,143109,Ludhiana NSH,Amritsar ICH,Punjab Circle
143111,143111,Ludhiana NSH,Amritsar ICH,Punjab Circle
143112,143112,Ludhiana NSH,Amritsar ICH,Punjab Circle
143113,143113,Ludhiana NSH,Amritsar ICH,Punjab Circle
143114,143114,Ludhiana NSH,Amritsar ICH,Punjab Circle
143115,143115,Ludhiana NSH,Amritsar ICH,Punjab Circle
143116,143116,Ludhiana NSH,Amritsar ICH,Punjab Circle
143117,143117,Ludhiana NSH,Amritsar ICH,Punjab Circle
143118,143118,Ludhiana NSH,Amritsar ICH,Punjab Circle
143119,143119,Ludhiana NSH,Amritsar ICH,Punjab Circle
143149,143149,Ludhiana NSH,Amritsar ICH,Punjab Circle
143201,143201,Ludhiana NSH,Amritsar ICH,Punjab Circle
143202,143202,Ludhiana NSH,Amritsar ICH,Punjab Circle
143203,143203,Ludhiana NSH,Amritsar ICH,Punjab Circle
143204,143204,Ludhiana NSH,Amritsar ICH,Punjab Circle
143205,143205,Ludhiana NSH,Amritsar ICH,Punjab Circle
143301,143301,Ludhiana NSH,Amritsar ICH,Punjab Circle
143302,143302,Ludhiana NSH,Amritsar ICH,Punjab Circle
143303,143303,Ludhiana NSH,Amritsar ICH,Punjab Circle
143304,143304,Ludhiana NSH,Amritsar ICH,Punjab Circle
143305,143305,Ludhiana NSH,Amritsar ICH,Punjab Circle
143401,143401,Ludhiana NSH,Amritsar ICH,Punjab Circle
143402,143402,Ludhiana NSH,Amritsar ICH,Punjab Circle
143406,143406,Ludhiana NSH,Amritsar ICH,Punjab Circle
143407,143407,Ludhiana NSH,Amritsar ICH,Punjab Circle
143408,143408,Ludhiana NSH,Amritsar ICH,Punjab Circle
143409,143409,Ludhiana NSH,Amritsar ICH,Punjab Circle
143410,143410,Ludhiana NSH,Amritsar ICH,Punjab Circle
143411,143411,Ludhiana NSH,Amritsar ICH,Punjab Circle
143412,143412,Ludhiana NSH,Amritsar ICH,Punjab Circle
143413,143413,Ludhiana NSH,Amritsar ICH,Punjab Circle
143414,143414,Ludhiana NSH,Amritsar ICH,Punjab Circle
143415,143415,Ludhiana NSH,Amritsar ICH,Punjab Circle
143416,143416,Ludhiana NSH,Amritsar ICH,Punjab Circle
143419,143419,Ludhiana NSH,Amritsar ICH,Punjab Circle
143422,143422,Ludhiana NSH,Amritsar ICH,Punjab Circle
143501,143501,Ludhiana NSH,Amritsar ICH,Punjab Circle
143502,143502,Ludhiana NSH,Amritsar ICH,Punjab Circle
143504,143504,Ludhiana NSH,Amritsar ICH,Punjab Circle
143505,143505,Ludhiana NSH,Amritsar ICH,Punjab Circle
143506,143506,Ludhiana NSH,Amritsar ICH,Punjab Circle
143507,143507,Ludhiana NSH,Amritsar ICH,Punjab Circle
143511,143511,Ludhiana NSH,Amritsar ICH,Punjab Circle
143512,143512,Ludhiana NSH,Amritsar ICH,Punjab Circle
143513,143513,Ludhiana NSH,Amritsar ICH,Punjab Circle
143514,143514,Ludhiana NSH,Amritsar ICH,Punjab Circle
143515,143515,Ludhiana NSH,Amritsar ICH,Punjab Circle
143516,143516,Ludhiana NSH,Amritsar ICH,Punjab Circle
143517,143517,Ludhiana NSH,Amritsar ICH,Punjab Circle
143518,143518,Ludhiana NSH,Amritsar ICH,Punjab Circle
143519,143519,Ludhiana NSH,Amritsar ICH,Punjab Circle
143520,143520,Ludhiana NSH,Amritsar ICH,Punjab Circle
143521,143521,Ludhiana NSH,Amritsar ICH,Punjab Circle
143525,143525,Ludhiana NSH,Amritsar ICH,Punjab Circle
143526,143526,Ludhiana NSH,Amritsar ICH,Punjab Circle
143527,143527,Ludhiana NSH,Amritsar ICH,Punjab Circle
143528,143528,Ludhiana NSH,Amritsar ICH,Punjab Circle
143529,143529,Ludhiana NSH,Amritsar ICH,Punjab Circle
143530,143530,Ludhiana NSH,Amritsar ICH,Punjab Circle
143531,143531,Ludhiana NSH,Amritsar ICH,Punjab Circle
143532,143532,Ludhiana NSH,Amritsar ICH,Punjab Circle
143533,143533,Ludhiana NSH,Amritsar ICH,Punjab Circle
143534,143534,Ludhiana NSH,Amritsar ICH,Punjab Circle
143601,143601,Ludhiana NSH,Amritsar ICH,Punjab Circle
143602,143602,Ludhiana NSH,Amritsar ICH,Punjab Circle
143603,143603,Ludhiana NSH,Amritsar ICH,Punjab Circle
143604,143604,Ludhiana NSH,Amritsar ICH,Punjab Circle
143605,143605,Ludhiana NSH,Amritsar ICH,Punjab Circle
143606,143606,Ludhiana NSH,Amritsar ICH,Punjab Circle
145001,145001,Ludhiana NSH,Amritsar ICH,Punjab Circle
145002,145002,Ludhiana NSH,Amritsar ICH,Punjab Circle
144623,144623,Ludhiana NSH,Jalandhar ICH,Punjab Circle
144401,144401,Ludhiana NSH,Jalandhar ICH,Punjab Circle
144403,144403,Ludhiana NSH,Jalandhar ICH,Punjab Circle
144404,144404,Ludhiana NSH,Jalandhar ICH,Punjab Circle
144405,144405,Ludhiana NSH,Jalandhar ICH,Punjab Circle
144406,144406,Ludhiana NSH,Jalandhar ICH,Punjab Circle
144407,144407,Ludhiana NSH,Jalandhar ICH,Punjab Circle
144408,144408,Ludhiana NSH,Jalandhar ICH,Punjab Circle
144409,144409,Ludhiana NSH,Jalandhar ICH,Punjab Circle
144410,144410,Ludhiana NSH,Jalandhar ICH,Punjab Circle
144411,144411,Ludhiana NSH,Jalandhar ICH,Punjab Circle
144415,144415,Ludhiana NSH,Jalandhar ICH,Punjab Circle
144416,144416,Ludhiana NSH,Jalandhar ICH,Punjab Circle
144417,144417,Ludhiana NSH,Jalandhar ICH,Punjab Circle
144418,144418,Ludhiana NSH,Jalandhar ICH,Punjab Circle
144419,144419,Ludhiana NSH,Jalandhar ICH,Punjab Circle
144624,144624,Ludhiana NSH,Jalandhar ICH,Punjab Circle
144625,144625,Ludhiana NSH,Jalandhar ICH,Punjab Circle
144626,144626,Ludhiana NSH,Jalandhar ICH,Punjab Circle
144628,144628,Ludhiana NSH,Jalandhar ICH,Punjab Circle
144629,144629,Ludhiana NSH,Jalandhar ICH,Punjab Circle
144630,144630,Ludhiana NSH,Jalandhar ICH,Punjab Circle
144631,144631,Ludhiana NSH,Jalandhar ICH,Punjab Circle
144632,144632,Ludhiana NSH,Jalandhar ICH,Punjab Circle
144633,144633,Ludhiana NSH,Jalandhar ICH,Punjab Circle
144701,144701,Ludhiana NSH,Jalandhar ICH,Punjab Circle
144702,144702,Ludhiana NSH,Jalandhar ICH,Punjab Circle
144703,144703,Ludhiana NSH,Jalandhar ICH,Punjab Circle
144801,144801,Ludhiana NSH,Jalandhar ICH,Punjab Circle
144802,144802,Ludhiana NSH,Jalandhar ICH,Punjab Circle
144803,144803,Ludhiana NSH,Jalandhar ICH,Punjab Circle
144804,144804,Ludhiana NSH,Jalandhar ICH,Punjab Circle
144805,144805,Ludhiana NSH,Jalandhar ICH,Punjab Circle
144806,144806,Ludhiana NSH,Jalandhar ICH,Punjab Circle
144819,144819,Ludhiana NSH,Jalandhar ICH,Punjab Circle
146001,146001,Ludhiana NSH,Jalandhar ICH,Punjab Circle
146021,146021,Ludhiana NSH,Jalandhar ICH,Punjab Circle
146022,146022,Ludhiana NSH,Jalandhar ICH,Punjab Circle
146023,146023,Ludhiana NSH,Jalandhar ICH,Punjab Circle
146024,146024,Ludhiana NSH,Jalandhar ICH,Punjab Circle
146101,146104,Ludhiana NSH,Jalandhar ICH,Punjab Circle
146105,146105,Ludhiana NSH,Jalandhar ICH,Punjab Circle
146106,146106,Ludhiana NSH,Jalandhar ICH,Punjab Circle
146107,146107,Ludhiana NSH,Jalandhar ICH,Punjab Circle
146108,146108,Ludhiana NSH,Jalandhar ICH,Punjab Circle
146109,146109,Ludhiana NSH,Jalandhar ICH,Punjab Circle
146110,146110,Ludhiana NSH,Jalandhar ICH,Punjab Circle
146111,146111,Ludhiana NSH,Jalandhar ICH,Punjab Circle
146112,146112,Ludhiana NSH,Jalandhar ICH,Punjab Circle
146113,146113,Ludhiana NSH,Jalandhar ICH,Punjab Circle
146114,146115,Ludhiana NSH,Jalandhar ICH,Punjab Circle
146116,146116,Ludhiana NSH,Jalandhar ICH,Punjab Circle
144001,144001,Ludhiana NSH,Jalandhar ICH,Punjab Circle
144002,144002,Ludhiana NSH,Jalandhar ICH,Punjab Circle
144005,144005,Ludhiana NSH,Jalandhar ICH,Punjab Circle
144008,144008,Ludhiana NSH,Jalandhar ICH,Punjab Circle
144020,144020,Ludhiana NSH,Jalandhar ICH,Punjab Circle
144024,144024,Ludhiana NSH,Jalandhar ICH,Punjab Circle
144025,144025,Ludhiana NSH,Jalandhar ICH,Punjab Circle
144026,144026,Ludhiana NSH,Jalandhar ICH,Punjab Circle
144028,144028,Ludhiana NSH,Jalandhar ICH,Punjab Circle
144029,144029,Ludhiana NSH,Jalandhar ICH,Punjab Circle
144030,144030,Ludhiana NSH,Jalandhar ICH,Punjab Circle
144031,144031,Ludhiana NSH,Jalandhar ICH,Punjab Circle
144032,144032,Ludhiana NSH,Jalandhar ICH,Punjab Circle
144033,144033,Ludhiana NSH,Jalandhar ICH,Punjab Circle
144034,144034,Ludhiana NSH,Jalandhar ICH,Punjab Circle
144035,144035,Ludhiana NSH,Jalandhar ICH,Punjab Circle
144036,144036,Ludhiana NSH,Jalandhar ICH,Punjab Circle
144037,144037,Ludhiana NSH,Jalandhar ICH,Punjab Circle
144039,144039,Ludhiana NSH,Jalandhar ICH,Punjab Circle
144040,144040,Ludhiana NSH,Jalandhar ICH,Punjab Circle
144041,144041,Ludhiana NSH,Jalandhar ICH,Punjab Circle
144042,144042,Ludhiana NSH,Jalandhar ICH,Punjab Circle
144043,144043,Ludhiana NSH,Jalandhar ICH,Punjab Circle
144044,144044,Ludhiana NSH,Jalandhar ICH,Punjab Circle
144101,144101,Ludhiana NSH,Jalandhar ICH,Punjab Circle
144102,144102,Ludhiana NSH,Jalandhar ICH,Punjab Circle
144103,144103,Ludhiana NSH,Jalandhar ICH,Punjab Circle
144104,144104,Ludhiana NSH,Jalandhar ICH,Punjab Circle
144105,144105,Ludhiana NSH,Jalandhar ICH,Punjab Circle
144106,144106,Ludhiana NSH,Jalandhar ICH,Punjab Circle
144201,144201,Ludhiana NSH,Jalandhar ICH,Punjab Circle
144202,144202,Ludhiana NSH,Jalandhar ICH,Punjab Circle
144204,144204,Ludhiana NSH,Jalandhar ICH,Punjab Circle
144205,144205,Ludhiana NSH,Jalandhar ICH,Punjab Circle
144206,144206,Ludhiana NSH,Jalandhar ICH,Punjab Circle
144207,144207,Ludhiana NSH,Jalandhar ICH,Punjab Circle
144208,144208,Ludhiana NSH,Jalandhar ICH,Punjab Circle
144209,144209,Ludhiana NSH,Jalandhar ICH,Punjab Circle
144621,144621,Ludhiana NSH,Jalandhar ICH,Punjab Circle
144622,144622,Ludhiana NSH,Jalandhar ICH,Punjab Circle
302001,302006,Jaipur NSH,Jaipur NSH,Rajasthan Circle
302012,302013,Jaipur NSH,Jaipur NSH,Rajasthan Circle
302015,302022,Jaipur NSH,Jaipur NSH,Rajasthan Circle
302026,302029,Jaipur NSH,Jaipur NSH,Rajasthan Circle
302031,302031,Jaipur NSH,Jaipur NSH,Rajasthan Circle
302033,302034,Jaipur NSH,Jaipur NSH,Rajasthan Circle
302037,302039,Jaipur NSH,Jaipur NSH,Rajasthan Circle
302041,302042,Jaipur NSH,Jaipur NSH,Rajasthan Circle
302044,302044,Jaipur NSH,Jaipur NSH,Rajasthan Circle
302046,302046,Jaipur NSH,Jaipur NSH,Rajasthan Circle
302048,302048,Jaipur NSH,Jaipur NSH,Rajasthan Circle
303001,303009,Jaipur NSH,Jaipur NSH,Rajasthan Circle
303012,303012,Jaipur NSH,Jaipur NSH,Rajasthan Circle
303102,303110,Jaipur NSH,Jaipur NSH,Rajasthan Circle
303119,303124,Jaipur NSH,Jaipur NSH,Rajasthan Circle
303301,303305,Jaipur NSH,Jaipur NSH,Rajasthan Circle
303313,303313,Jaipur NSH,Jaipur NSH,Rajasthan Circle
303315,303315,Jaipur NSH,Jaipur NSH,Rajasthan Circle
303323,303323,Jaipur NSH,Jaipur NSH,Rajasthan Circle
303325,303329,Jaipur NSH,Jaipur NSH,Rajasthan Circle
303338,303338,Jaipur NSH,Jaipur NSH,Rajasthan Circle
303348,303348,Jaipur NSH,Jaipur NSH,Rajasthan Circle
303501,303511,Jaipur NSH,Jaipur NSH,Rajasthan Circle
303601,303604,Jaipur NSH,Jaipur NSH,Rajasthan Circle
303701,303704,Jaipur NSH,Jaipur NSH,Rajasthan Circle
304001,304001,Jaipur NSH,Jaipur NSH,Rajasthan Circle
304021,304026,Jaipur NSH,Jaipur NSH,Rajasthan Circle
304501,304505,Jaipur NSH,Jaipur NSH,Rajasthan Circle
304507,304507,Jaipur NSH,Jaipur NSH,Rajasthan Circle
304801,304804,Jaipur NSH,Jaipur NSH,Rajasthan Circle
321001,321001,Jaipur NSH,Jaipur NSH,Rajasthan Circle
321021,321026,Jaipur NSH,Jaipur NSH,Rajasthan Circle
321028,321028,Jaipur NSH,Jaipur NSH,Rajasthan Circle
321201,321205,Jaipur NSH,Jaipur NSH,Rajasthan Circle
321206,321206,Jaipur NSH,Jaipur NSH,Rajasthan Circle
321301,321303,Jaipur NSH,Jaipur NSH,Rajasthan Circle
321401,321411,Jaipur NSH,Jaipur NSH,Rajasthan Circle
321601,321602,Jaipur NSH,Jaipur NSH,Rajasthan Circle
321610,321611,Jaipur NSH,Jaipur NSH,Rajasthan Circle
321614,321615,Jaipur NSH,Jaipur NSH,Rajasthan Circle
321642,321699,Jaipur NSH,Jaipur NSH,Rajasthan Circle
322001,322239,Jaipur NSH,Jaipur NSH,Rajasthan Circle
322241,322999,Jaipur NSH,Jaipur NSH,Rajasthan Circle
328001,328001,Jaipur NSH,Jaipur NSH,Rajasthan Circle
328021,328031,Jaipur NSH,Jaipur NSH,Rajasthan Circle
328041,328099,Jaipur NSH,Jaipur NSH,Rajasthan Circle
331804,331810,Jaipur NSH,Jaipur NSH,Rajasthan Circle
331812,331999,Jaipur NSH,Jaipur NSH,Rajasthan Circle
342001,342001,JODHPUR NSH,JODHPUR NSH,Rajasthan Circle
342003,342003,JODHPUR NSH,JODHPUR NSH,Rajasthan Circle
342005,342008,JODHPUR NSH,JODHPUR NSH,Rajasthan Circle
342012,342017,JODHPUR NSH,JODHPUR NSH,Rajasthan Circle
342021,342023,JODHPUR NSH,JODHPUR NSH,Rajasthan Circle
342024,342027,JODHPUR NSH,JODHPUR NSH,Rajasthan Circle
342037,342037,JODHPUR NSH,JODHPUR NSH,Rajasthan Circle
342301,342305,JODHPUR NSH,JODHPUR NSH,Rajasthan Circle
342314,342314,JODHPUR NSH,JODHPUR NSH,Rajasthan Circle
342601,342606,JODHPUR NSH,JODHPUR NSH,Rajasthan Circle
342801,342802,JODHPUR NSH,JODHPUR NSH,Rajasthan Circle
342901,342901,JODHPUR NSH,JODHPUR NSH,Rajasthan Circle
344001,344001,JODHPUR NSH,JODHPUR NSH,Rajasthan Circle
344011,344012,JODHPUR NSH,JODHPUR NSH,Rajasthan Circle
344021,344022,JODHPUR NSH,JODHPUR NSH,Rajasthan Circle
344024,344027,JODHPUR NSH,JODHPUR NSH,Rajasthan Circle
344031,344035,JODHPUR NSH,JODHPUR NSH,Rajasthan Circle
344037,344037,JODHPUR NSH,JODHPUR NSH,Rajasthan Circle
344043,344044,JODHPUR NSH,JODHPUR NSH,Rajasthan Circle
344501,344502,JODHPUR NSH,JODHPUR NSH,Rajasthan Circle
344701,344706,JODHPUR NSH,JODHPUR NSH,Rajasthan Circle
344708,344708,JODHPUR NSH,JODHPUR NSH,Rajasthan Circle
344801,344801,JODHPUR NSH,JODHPUR NSH,Rajasthan Circle
344802,344802,JODHPUR NSH,JODHPUR NSH,Rajasthan Circle
345001,345001,JODHPUR NSH,JODHPUR NSH,Rajasthan Circle
345021,345028,JODHPUR NSH,JODHPUR NSH,Rajasthan Circle
345031,345031,JODHPUR NSH,JODHPUR NSH,Rajasthan Circle
345033,345033,JODHPUR NSH,JODHPUR NSH,Rajasthan Circle
345034,345034,JODHPUR NSH,JODHPUR NSH,Rajasthan Circle
301001,301001,Jaipur NSH,Alwar ICH,Rajasthan Circle
301018,301028,Jaipur NSH,Alwar ICH,Rajasthan Circle
301030,301030,Jaipur NSH,Alwar ICH,Rajasthan Circle
301035,301035,Jaipur NSH,Alwar ICH,Rajasthan Circle
301401,301416,Jaipur NSH,Alwar ICH,Rajasthan Circle
301418,301418,Jaipur NSH,Alwar ICH,Rajasthan Circle
301427,301427,Jaipur NSH,Alwar ICH,Rajasthan Circle
301604,301604,Jaipur NSH,Alwar ICH,Rajasthan Circle
301701,301709,Jaipur NSH,Alwar ICH,Rajasthan Circle
301712,301714,Jaipur NSH,Alwar ICH,Rajasthan Circle
321605,321607,Jaipur NSH,Alwar ICH,Rajasthan Circle
321633,321633,Jaipur NSH,Alwar ICH,Rajasthan Circle
323001,323001,Jaipur NSH,Kota ICH,Rajasthan Circle
323021,323025,Jaipur NSH,Kota ICH,Rajasthan Circle
323026,323026,Jaipur NSH,Kota ICH,Rajasthan Circle
323301,323301,Jaipur NSH,Kota ICH,Rajasthan Circle
323302,323302,Jaipur NSH,Kota ICH,Rajasthan Circle
323303,323304,Jaipur NSH,Kota ICH,Rajasthan Circle
323307,323307,Jaipur NSH,Kota ICH,Rajasthan Circle
323308,323600,Jaipur NSH,Kota ICH,Rajasthan Circle
323601,323603,Jaipur NSH,Kota ICH,Rajasthan Circle
323604,323612,Jaipur NSH,Kota ICH,Rajasthan Circle
323613,323616,Jaipur NSH,Kota ICH,Rajasthan Circle
323617,323617,Jaipur NSH,Kota ICH,Rajasthan Circle
323801,323803,Jaipur NSH,Kota ICH,Rajasthan Circle
323804,323999,Jaipur NSH,Kota ICH,Rajasthan Circle
324001,324010,Jaipur NSH,Kota ICH,Rajasthan Circle
325001,325001,Jaipur NSH,Kota ICH,Rajasthan Circle
325003,325004,Jaipur NSH,Kota ICH,Rajasthan Circle
325009,325009,Jaipur NSH,Kota ICH,Rajasthan Circle
325201,325209,Jaipur NSH,Kota ICH,Rajasthan Circle
325214,325223,Jaipur NSH,Kota ICH,Rajasthan Circle
325224,325224,Jaipur NSH,Kota ICH,Rajasthan Circle
325601,325602,Jaipur NSH,Kota ICH,Rajasthan Circle
326001,326001,Jaipur NSH,Kota ICH,Rajasthan Circle
326021,326023,Jaipur NSH,Kota ICH,Rajasthan Circle
326033,326039,Jaipur NSH,Kota ICH,Rajasthan Circle
326501,326502,Jaipur NSH,Kota ICH,Rajasthan Circle
326512,326520,Jaipur NSH,Kota ICH,Rajasthan Circle
326529,326530,Jaipur NSH,Kota ICH,Rajasthan Circle
331001,331001,Jaipur NSH,Sikar ICH,Rajasthan Circle
331021,331031,Jaipur NSH,Sikar ICH,Rajasthan Circle
331301,331305,Jaipur NSH,Sikar ICH,Rajasthan Circle
331402,331403,Jaipur NSH,Sikar ICH,Rajasthan Circle
331411,331411,Jaipur NSH,Sikar ICH,Rajasthan Circle
331501,331507,Jaipur NSH,Sikar ICH,Rajasthan Circle
331517,331518,Jaipur NSH,Sikar ICH,Rajasthan Circle
331701,331701,Jaipur NSH,Sikar ICH,Rajasthan Circle
331802,331802,Jaipur NSH,Sikar ICH,Rajasthan Circle
332001,332002,Jaipur NSH,Sikar ICH,Rajasthan Circle
332021,332031,Jaipur NSH,Sikar ICH,Rajasthan Circle
332041,332042,Jaipur NSH,Sikar ICH,Rajasthan Circle
332301,332305,Jaipur NSH,Sikar ICH,Rajasthan Circle
332307,332307,Jaipur NSH,Sikar ICH,Rajasthan Circle
332311,332318,Jaipur NSH,Sikar ICH,Rajasthan Circle
332401,332406,Jaipur NSH,Sikar ICH,Rajasthan Circle
332411,332411,Jaipur NSH,Sikar ICH,Rajasthan Circle
332601,332603,Jaipur NSH,Sikar ICH,Rajasthan Circle
332701,332703,Jaipur NSH,Sikar ICH,Rajasthan Circle
332705,332716,Jaipur NSH,Sikar ICH,Rajasthan Circle
332718,332719,Jaipur NSH,Sikar ICH,Rajasthan Circle
332721,332722,Jaipur NSH,Sikar ICH,Rajasthan Circle
332742,332742,Jaipur NSH,Sikar ICH,Rajasthan Circle
332746,332746,Jaipur NSH,Sikar ICH,Rajasthan Circle
333001,333001,Jaipur NSH,Sikar ICH,Rajasthan Circle
333011,333012,Jaipur NSH,Sikar ICH,Rajasthan Circle
333020,333020,Jaipur NSH,Sikar ICH,Rajasthan Circle
333021,333036,Jaipur NSH,Sikar ICH,Rajasthan Circle
333041,333042,Jaipur NSH,Sikar ICH,Rajasthan Circle
333053,333053,Jaipur NSH,Sikar ICH,Rajasthan Circle
333055,333055,Jaipur NSH,Sikar ICH,Rajasthan Circle
333302,333305,Jaipur NSH,Sikar ICH,Rajasthan Circle
333307,333308,Jaipur NSH,Sikar ICH,Rajasthan Circle
333501,333504,Jaipur NSH,Sikar ICH,Rajasthan Circle
333514,333516,Jaipur NSH,Sikar ICH,Rajasthan Circle
333517,333517,Jaipur NSH,Sikar ICH,Rajasthan Circle
333701,333702,Jaipur NSH,Sikar ICH,Rajasthan Circle
333704,333705,Jaipur NSH,Sikar ICH,Rajasthan Circle
333707,333707,Jaipur NSH,Sikar ICH,Rajasthan Circle
333801,333801,Jaipur NSH,Sikar ICH,Rajasthan Circle
305921,305921,Jaipur NSH,Udaipur ICH,Rajasthan Circle
307025,307025,Jaipur NSH,Udaipur ICH,Rajasthan Circle
313001,313004,Jaipur NSH,Udaipur ICH,Rajasthan Circle
313011,313011,Jaipur NSH,Udaipur ICH,Rajasthan Circle
313015,313015,Jaipur NSH,Udaipur ICH,Rajasthan Circle
313022,313022,Jaipur NSH,Udaipur ICH,Rajasthan Circle
313024,313027,Jaipur NSH,Udaipur ICH,Rajasthan Circle
313031,313031,Jaipur NSH,Udaipur ICH,Rajasthan Circle
313038,313038,Jaipur NSH,Udaipur ICH,Rajasthan Circle
313201,313207,Jaipur NSH,Udaipur ICH,Rajasthan Circle
313211,313211,Jaipur NSH,Udaipur ICH,Rajasthan Circle
313301,313301,Jaipur NSH,Udaipur ICH,Rajasthan Circle
313321,313325,Jaipur NSH,Udaipur ICH,Rajasthan Circle
313327,313334,Jaipur NSH,Udaipur ICH,Rajasthan Circle
313337,313338,Jaipur NSH,Udaipur ICH,Rajasthan Circle
313341,313342,Jaipur NSH,Udaipur ICH,Rajasthan Circle
313601,313605,Jaipur NSH,Udaipur ICH,Rajasthan Circle
313611,313611,Jaipur NSH,Udaipur ICH,Rajasthan Circle
313614,313614,Jaipur NSH,Udaipur ICH,Rajasthan Circle
313701,313706,Jaipur NSH,Udaipur ICH,Rajasthan Circle
313708,313708,Jaipur NSH,Udaipur ICH,Rajasthan Circle
313801,313804,Jaipur NSH,Udaipur ICH,Rajasthan Circle
313805,313805,Jaipur NSH,Udaipur ICH,Rajasthan Circle
313901,313905,Jaipur NSH,Udaipur ICH,Rajasthan Circle
313906,313906,Jaipur NSH,Udaipur ICH,Rajasthan Circle
314001,314001,Jaipur NSH,Udaipur ICH,Rajasthan Circle
314011,314011,Jaipur NSH,Udaipur ICH,Rajasthan Circle
314021,314032,Jaipur NSH,Udaipur ICH,Rajasthan Circle
314034,314038,Jaipur NSH,Udaipur ICH,Rajasthan Circle
314401,314404,Jaipur NSH,Udaipur ICH,Rajasthan Circle
314406,314406,Jaipur NSH,Udaipur ICH,Rajasthan Circle
314801,314802,Jaipur NSH,Udaipur ICH,Rajasthan Circle
314804,314804,Jaipur NSH,Udaipur ICH,Rajasthan Circle
327001,327001,Jaipur NSH,Udaipur ICH,Rajasthan Circle
327021,327027,Jaipur NSH,Udaipur ICH,Rajasthan Circle
327031,327032,Jaipur NSH,Udaipur ICH,Rajasthan Circle
327034,327034,Jaipur NSH,Udaipur ICH,Rajasthan Circle
327601,327606,Jaipur NSH,Udaipur ICH,Rajasthan Circle
305001,305025,Jaipur NSH,Ajmer ICH,Rajasthan Circle
305027,305920,Jaipur NSH,Ajmer ICH,Rajasthan Circle
305922,305999,Jaipur NSH,Ajmer ICH,Rajasthan Circle
311001,311001,Jaipur NSH,Ajmer ICH,Rajasthan Circle
311011,311011,Jaipur NSH,Ajmer ICH,Rajasthan Circle
311021,311026,Jaipur NSH,Ajmer ICH,Rajasthan Circle
311030,311030,Jaipur NSH,Ajmer ICH,Rajasthan Circle
311201,311204,Jaipur NSH,Ajmer ICH,Rajasthan Circle
311301,311302,Jaipur NSH,Ajmer ICH,Rajasthan Circle
311401,311404,Jaipur NSH,Ajmer ICH,Rajasthan Circle
311407,311408,Jaipur NSH,Ajmer ICH,Rajasthan Circle
311601,311606,Jaipur NSH,Ajmer ICH,Rajasthan Circle
311801,311806,Jaipur NSH,Ajmer ICH,Rajasthan Circle
312001,312001,Jaipur NSH,Ajmer ICH,Rajasthan Circle
312021,312024,Jaipur NSH,Ajmer ICH,Rajasthan Circle
312027,312027,Jaipur NSH,Ajmer ICH,Rajasthan Circle
312201,312207,Jaipur NSH,Ajmer ICH,Rajasthan Circle
312401,312404,Jaipur NSH,Ajmer ICH,Rajasthan Circle
312601,312606,Jaipur NSH,Ajmer ICH,Rajasthan Circle
312612,312617,Jaipur NSH,Ajmer ICH,Rajasthan Circle
312619,312620,Jaipur NSH,Ajmer ICH,Rajasthan Circle
312622,312627,Jaipur NSH,Ajmer ICH,Rajasthan Circle
312901,312901,Jaipur NSH,Ajmer ICH,Rajasthan Circle
305026,305026,JODHPUR NSH,BIKANER ICH,Rajasthan Circle
331801,331801,JODHPUR NSH,BIKANER ICH,Rajasthan Circle
331803,331803,JODHPUR NSH,BIKANER ICH,Rajasthan Circle
331811,331811,JODHPUR NSH,BIKANER ICH,Rajasthan Circle
334001,334001,JODHPUR NSH,BIKANER ICH,Rajasthan Circle
334003,334004,JODHPUR NSH,BIKANER ICH,Rajasthan Circle
334006,334006,JODHPUR NSH,BIKANER ICH,Rajasthan Circle
334021,334023,JODHPUR NSH,BIKANER ICH,Rajasthan Circle
334024,334024,JODHPUR NSH,BIKANER ICH,Rajasthan Circle
334201,334202,JODHPUR NSH,BIKANER ICH,Rajasthan Circle
334302,334303,JODHPUR NSH,BIKANER ICH,Rajasthan Circle
334305,334305,JODHPUR NSH,BIKANER ICH,Rajasthan Circle
334401,334403,JODHPUR NSH,BIKANER ICH,Rajasthan Circle
334601,334604,JODHPUR NSH,BIKANER ICH,Rajasthan Circle
334801,334804,JODHPUR NSH,BIKANER ICH,Rajasthan Circle
334808,334808,JODHPUR NSH,BIKANER ICH,Rajasthan Circle
335001,335002,JODHPUR NSH,SRIGANGANAGAR ICH,Rajasthan Circle
335021,335025,JODHPUR NSH,SRIGANGANAGAR ICH,Rajasthan Circle
335027,335027,JODHPUR NSH,SRIGANGANAGAR ICH,Rajasthan Circle
335037,335041,JODHPUR NSH,SRIGANGANAGAR ICH,Rajasthan Circle
335042,335042,JODHPUR NSH,SRIGANGANAGAR ICH,Rajasthan Circle
335051,335051,JODHPUR NSH,SRIGANGANAGAR ICH,Rajasthan Circle
335061,335065,JODHPUR NSH,SRIGANGANAGAR ICH,Rajasthan Circle
335073,335073,JODHPUR NSH,SRIGANGANAGAR ICH,Rajasthan Circle
335501,335504,JODHPUR NSH,SRIGANGANAGAR ICH,Rajasthan Circle
335511,335513,JODHPUR NSH,SRIGANGANAGAR ICH,Rajasthan Circle
335521,335521,JODHPUR NSH,SRIGANGANAGAR ICH,Rajasthan Circle
335522,335522,JODHPUR NSH,SRIGANGANAGAR ICH,Rajasthan Circle
335523,335526,JODHPUR NSH,SRIGANGANAGAR ICH,Rajasthan Circle
335701,335705,JODHPUR NSH,SRIGANGANAGAR ICH,Rajasthan Circle
335707,335707,JODHPUR NSH,SRIGANGANAGAR ICH,Rajasthan Circle
335708,335708,JODHPUR NSH,SRIGANGANAGAR ICH,Rajasthan Circle
335711,335711,JODHPUR NSH,SRIGANGANAGAR ICH,Rajasthan Circle
335801,335805,JODHPUR NSH,SRIGANGANAGAR ICH,Rajasthan Circle
335901,335901,JODHPUR NSH,SRIGANGANAGAR ICH,Rajasthan Circle
341001,341001,JODHPUR NSH,BIKANER ICH,Rajasthan Circle
341020,341020,JODHPUR NSH,BIKANER ICH,Rajasthan Circle
341021,341031,JODHPUR NSH,BIKANER ICH,Rajasthan Circle
341301,341306,JODHPUR NSH,BIKANER ICH,Rajasthan Circle
341307,341307,JODHPUR NSH,BIKANER ICH,Rajasthan Circle
341309,341309,JODHPUR NSH,BIKANER ICH,Rajasthan Circle
341316,341319,JODHPUR NSH,BIKANER ICH,Rajasthan Circle
341501,341520,JODHPUR NSH,BIKANER ICH,Rajasthan Circle
341521,341521,JODHPUR NSH,BIKANER ICH,Rajasthan Circle
341533,341533,JODHPUR NSH,BIKANER ICH,Rajasthan Circle
341542,341542,JODHPUR NSH,BIKANER ICH,Rajasthan Circle
341551,341551,JODHPUR NSH,BIKANER ICH,Rajasthan Circle
342902,342902,JODHPUR NSH,BIKANER ICH,Rajasthan Circle
306001,306001,JODHPUR NSH,Falna ICH,Rajasthan Circle
306021,306023,JODHPUR NSH,Falna ICH,Rajasthan Circle
306101,306105,JODHPUR NSH,Falna ICH,Rajasthan Circle
306114,306116,JODHPUR NSH,Falna ICH,Rajasthan Circle
306119,306119,JODHPUR NSH,Falna ICH,Rajasthan Circle
306126,306126,JODHPUR NSH,Falna ICH,Rajasthan Circle
306301,306308,JODHPUR NSH,Falna ICH,Rajasthan Circle
306401,306401,JODHPUR NSH,Falna ICH,Rajasthan Circle
306421,306422,JODHPUR NSH,Falna ICH,Rajasthan Circle
306501,306504,JODHPUR NSH,Falna ICH,Rajasthan Circle
306601,306603,JODHPUR NSH,Falna ICH,Rajasthan Circle
306701,306709,JODHPUR NSH,Falna ICH,Rajasthan Circle
306901,306902,JODHPUR NSH,Falna ICH,Rajasthan Circle
306912,306912,JODHPUR NSH,Falna ICH,Rajasthan Circle
307001,307001,JODHPUR NSH,Falna ICH,Rajasthan Circle
307019,307019,JODHPUR NSH,Falna ICH,Rajasthan Circle
307022,307024,JODHPUR NSH,Falna ICH,Rajasthan Circle
307026,307031,JODHPUR NSH,Falna ICH,Rajasthan Circle
307032,307032,JODHPUR NSH,Falna ICH,Rajasthan Circle
307043,307043,JODHPUR NSH,Falna ICH,Rajasthan Circle
307501,307501,JODHPUR NSH,Falna ICH,Rajasthan Circle
307510,307515,JODHPUR NSH,Falna ICH,Rajasthan Circle
307801,307803,JODHPUR NSH,Falna ICH,Rajasthan Circle
343021,343025,JODHPUR NSH,Falna ICH,Rajasthan Circle
343001,343002,JODHPUR NSH,Falna ICH,Rajasthan Circle
343027,343030,JODHPUR NSH,Falna ICH,Rajasthan Circle
343032,343032,JODHPUR NSH,Falna ICH,Rajasthan Circle
343039,343042,JODHPUR NSH,Falna ICH,Rajasthan Circle
343048,343049,JODHPUR NSH,Falna ICH,Rajasthan Circle
623115,623115,Madurai NSH,Madurai NSH,Tamilnadu Circle
623120,623120,Madurai NSH,Madurai NSH,Tamilnadu Circle
623135,623135,Madurai NSH,Madurai NSH,Tamilnadu Circle
623308,623308,Madurai NSH,Madurai NSH,Tamilnadu Circle
623315,623315,Madurai NSH,Madurai NSH,Tamilnadu Circle
623401,623404,Madurai NSH,Madurai NSH,Tamilnadu Circle
623406,623407,Madurai NSH,Madurai NSH,Tamilnadu Circle
623409,623409,Madurai NSH,Madurai NSH,Tamilnadu Circle
623501,623504,Madurai NSH,Madurai NSH,Tamilnadu Circle
623520,623538,Madurai NSH,Madurai NSH,Tamilnadu Circle
623566,623566,Madurai NSH,Madurai NSH,Tamilnadu Circle
623601,623601,Madurai NSH,Madurai NSH,Tamilnadu Circle
623603,623605,Madurai NSH,Madurai NSH,Tamilnadu Circle
623608,623608,Madurai NSH,Madurai NSH,Tamilnadu Circle
623701,623701,Madurai NSH,Madurai NSH,Tamilnadu Circle
623703,623708,Madurai NSH,Madurai NSH,Tamilnadu Circle
623711,623712,Madurai NSH,Madurai NSH,Tamilnadu Circle
623806,623806,Madurai NSH,Madurai NSH,Tamilnadu Circle
625004,625009,Madurai NSH,Madurai NSH,Tamilnadu Circle
625014,625023,Madurai NSH,Madurai NSH,Tamilnadu Circle
625101,625110,Madurai NSH,Madurai NSH,Tamilnadu Circle
625122,625122,Madurai NSH,Madurai NSH,Tamilnadu Circle
625201,625201,Madurai NSH,Madurai NSH,Tamilnadu Circle
625203,625203,Madurai NSH,Madurai NSH,Tamilnadu Circle
625205,625205,Madurai NSH,Madurai NSH,Tamilnadu Circle
625207,625207,Madurai NSH,Madurai NSH,Tamilnadu Circle
625214,625214,Madurai NSH,Madurai NSH,Tamilnadu Circle
625218,625218,Madurai NSH,Madurai NSH,Tamilnadu Circle
625221,625221,Madurai NSH,Madurai NSH,Tamilnadu Circle
625234,625234,Madurai NSH,Madurai NSH,Tamilnadu Circle
625301,625301,Madurai NSH,Madurai NSH,Tamilnadu Circle
625402,625402,Madurai NSH,Madurai NSH,Tamilnadu Circle
625501,625501,Madurai NSH,Madurai NSH,Tamilnadu Circle
625503,625503,Madurai NSH,Madurai NSH,Tamilnadu Circle
625512,625518,Madurai NSH,Madurai NSH,Tamilnadu Circle
625535,625537,Madurai NSH,Madurai NSH,Tamilnadu Circle
625540,625540,Madurai NSH,Madurai NSH,Tamilnadu Circle
625552,625552,Madurai NSH,Madurai NSH,Tamilnadu Circle
625556,625556,Madurai NSH,Madurai NSH,Tamilnadu Circle
625562,625562,Madurai NSH,Madurai NSH,Tamilnadu Circle
625579,625579,Madurai NSH,Madurai NSH,Tamilnadu Circle
625582,625582,Madurai NSH,Madurai NSH,Tamilnadu Circle
625601,625605,Madurai NSH,Madurai NSH,Tamilnadu Circle
625701,625708,Madurai NSH,Madurai NSH,Tamilnadu Circle
641001,641009,Coimbatore NSH,Coimbatore NSH,Tamilnadu Circle
641010,641010,Coimbatore NSH,Coimbatore NSH,Tamilnadu Circle
641011,641016,Coimbatore NSH,Coimbatore NSH,Tamilnadu Circle
641017,641017,Coimbatore NSH,Coimbatore NSH,Tamilnadu Circle
641018,641018,Coimbatore NSH,Coimbatore NSH,Tamilnadu Circle
641019,641020,Coimbatore NSH,Coimbatore NSH,Tamilnadu Circle
641021,641021,Coimbatore NSH,Coimbatore NSH,Tamilnadu Circle
641022,641022,Coimbatore NSH,Coimbatore NSH,Tamilnadu Circle
641023,641030,Coimbatore NSH,Coimbatore NSH,Tamilnadu Circle
641031,641032,Coimbatore NSH,Coimbatore NSH,Tamilnadu Circle
641033,641039,Coimbatore NSH,Coimbatore NSH,Tamilnadu Circle
641041,641046,Coimbatore NSH,Coimbatore NSH,Tamilnadu Circle
641047,641047,Coimbatore NSH,Coimbatore NSH,Tamilnadu Circle
641048,641049,Coimbatore NSH,Coimbatore NSH,Tamilnadu Circle
641050,641051,Coimbatore NSH,Coimbatore NSH,Tamilnadu Circle
641062,641062,Coimbatore NSH,Coimbatore NSH,Tamilnadu Circle
641101,641101,Coimbatore NSH,Coimbatore NSH,Tamilnadu Circle
641103,641104,Coimbatore NSH,Coimbatore NSH,Tamilnadu Circle
641105,641105,Coimbatore NSH,Coimbatore NSH,Tamilnadu Circle
641107,641112,Coimbatore NSH,Coimbatore NSH,Tamilnadu Circle
641113,641114,Coimbatore NSH,Coimbatore NSH,Tamilnadu Circle
641201,641201,Coimbatore NSH,Coimbatore NSH,Tamilnadu Circle
641202,641202,Coimbatore NSH,Coimbatore NSH,Tamilnadu Circle
641301,641302,Coimbatore NSH,Coimbatore NSH,Tamilnadu Circle
641305,641305,Coimbatore NSH,Coimbatore NSH,Tamilnadu Circle
641401,641402,Coimbatore NSH,Coimbatore NSH,Tamilnadu Circle
641407,641407,Coimbatore NSH,Coimbatore NSH,Tamilnadu Circle
642001,642007,Coimbatore NSH,Coimbatore NSH,Tamilnadu Circle
642101,642114,Coimbatore NSH,Coimbatore NSH,Tamilnadu Circle
642117,642117,Coimbatore NSH,Coimbatore NSH,Tamilnadu Circle
642120,642120,Coimbatore NSH,Coimbatore NSH,Tamilnadu Circle
642122,642123,Coimbatore NSH,Coimbatore NSH,Tamilnadu Circle
642125,642130,Coimbatore NSH,Coimbatore NSH,Tamilnadu Circle
642132,642134,Coimbatore NSH,Coimbatore NSH,Tamilnadu Circle
642154,642154,Coimbatore NSH,Coimbatore NSH,Tamilnadu Circle
642201,642207,Coimbatore NSH,Coimbatore NSH,Tamilnadu Circle
643001,643007,Coimbatore NSH,Coimbatore NSH,Tamilnadu Circle
643101,643103,Coimbatore NSH,Coimbatore NSH,Tamilnadu Circle
643105,643105,Coimbatore NSH,Coimbatore NSH,Tamilnadu Circle
643201,643207,Coimbatore NSH,Coimbatore NSH,Tamilnadu Circle
643209,643209,Coimbatore NSH,Coimbatore NSH,Tamilnadu Circle
643211,643221,Coimbatore NSH,Coimbatore NSH,Tamilnadu Circle
643223,643226,Coimbatore NSH,Coimbatore NSH,Tamilnadu Circle
643231,643231,Coimbatore NSH,Coimbatore NSH,Tamilnadu Circle
643233,643233,Coimbatore NSH,Coimbatore NSH,Tamilnadu Circle
643236,643243,Coimbatore NSH,Coimbatore NSH,Tamilnadu Circle
643253,643253,Coimbatore NSH,Coimbatore NSH,Tamilnadu Circle
643270,643270,Coimbatore NSH,Coimbatore NSH,Tamilnadu Circle
600001,600026,Chennai NSH,Chennai NSH,Tamilnadu Circle
600028,600028,Chennai NSH,Chennai NSH,Tamilnadu Circle
600030,600064,Chennai NSH,Chennai NSH,Tamilnadu Circle
600066,600078,Chennai NSH,Chennai NSH,Tamilnadu Circle
600081,600092,Chennai NSH,Chennai NSH,Tamilnadu Circle
600094,600097,Chennai NSH,Chennai NSH,Tamilnadu Circle
600099,600101,Chennai NSH,Chennai NSH,Tamilnadu Circle
600103,600104,Chennai NSH,Chennai NSH,Tamilnadu Circle
600106,600107,Chennai NSH,Chennai NSH,Tamilnadu Circle
600110,600110,Chennai NSH,Chennai NSH,Tamilnadu Circle
600113,600113,Chennai NSH,Chennai NSH,Tamilnadu Circle
600115,600120,Chennai NSH,Chennai NSH,Tamilnadu Circle
600122,600133,Chennai NSH,Chennai NSH,Tamilnadu Circle
601101,601103,Chennai NSH,Chennai NSH,Tamilnadu Circle
601201,601206,Chennai NSH,Chennai NSH,Tamilnadu Circle
601301,601301,Chennai NSH,Chennai NSH,Tamilnadu Circle
602001,602003,Chennai NSH,Chennai NSH,Tamilnadu Circle
602021,602021,Chennai NSH,Chennai NSH,Tamilnadu Circle
602023,602026,Chennai NSH,Chennai NSH,Tamilnadu Circle
602105,602106,Chennai NSH,Chennai NSH,Tamilnadu Circle
602108,602108,Chennai NSH,Chennai NSH,Tamilnadu Circle
602117,602118,Chennai NSH,Chennai NSH,Tamilnadu Circle
624001,624005,Madurai NSH,ICH Dindigul,Tamilnadu Circle
625001,625003,Madurai NSH,Madurai NSH,Tamilnadu Circle
625011,625012,Madurai NSH,Madurai NSH,Tamilnadu Circle
625524,625534,Madurai NSH,Madurai NSH,Tamilnadu Circle
624101,624101,Madurai NSH,ICH Dindigul,Tamilnadu Circle
624103,624103,Madurai NSH,ICH Dindigul,Tamilnadu Circle
624201,624202,Madurai NSH,ICH Dindigul,Tamilnadu Circle
624204,624204,Madurai NSH,ICH Dindigul,Tamilnadu Circle
624206,624206,Madurai NSH,ICH Dindigul,Tamilnadu Circle
624208,624208,Madurai NSH,ICH Dindigul,Tamilnadu Circle
624210,624212,Madurai NSH,ICH Dindigul,Tamilnadu Circle
624215,624216,Madurai NSH,ICH Dindigul,Tamilnadu Circle
624219,624220,Madurai NSH,ICH Dindigul,Tamilnadu Circle
624301,624304,Madurai NSH,ICH Dindigul,Tamilnadu Circle
624306,624308,Madurai NSH,ICH Dindigul,Tamilnadu Circle
624401,624403,Madurai NSH,ICH Dindigul,Tamilnadu Circle
624601,624601,Madurai NSH,ICH Dindigul,Tamilnadu Circle
624610,624610,Madurai NSH,ICH Dindigul,Tamilnadu Circle
624612,624622,Madurai NSH,ICH Dindigul,Tamilnadu Circle
624701,624712,Madurai NSH,ICH Dindigul,Tamilnadu Circle
624801,624802,Madurai NSH,ICH Dindigul,Tamilnadu Circle
626001,626005,Madurai NSH,Virudhunagar ICH,Tamilnadu Circle
626111,626119,Madurai NSH,Virudhunagar ICH,Tamilnadu Circle
626121,626134,Madurai NSH,Virudhunagar ICH,Tamilnadu Circle
626138,626140,Madurai NSH,Virudhunagar ICH,Tamilnadu Circle
626149,626149,Madurai NSH,Virudhunagar ICH,Tamilnadu Circle
626161,626161,Madurai NSH,Virudhunagar ICH,Tamilnadu Circle
626188,626189,Madurai NSH,Virudhunagar ICH,Tamilnadu Circle
626201,626205,Madurai NSH,Virudhunagar ICH,Tamilnadu Circle
626607,626607,Madurai NSH,Virudhunagar ICH,Tamilnadu Circle
626612,626612,Madurai NSH,Virudhunagar ICH,Tamilnadu Circle
628101,628105,Madurai NSH,Tuticorin ICH,Tamilnadu Circle
628151,628152,Madurai NSH,Tuticorin ICH,Tamilnadu Circle
628201,628213,Madurai NSH,Tuticorin ICH,Tamilnadu Circle
628215,628219,Madurai NSH,Tuticorin ICH,Tamilnadu Circle
628229,628229,Madurai NSH,Tuticorin ICH,Tamilnadu Circle
628251,628252,Madurai NSH,Tuticorin ICH,Tamilnadu Circle
628301,628304,Madurai NSH,Tuticorin ICH,Tamilnadu Circle
628401,628402,Madurai NSH,Tuticorin ICH,Tamilnadu Circle
628503,628503,Madurai NSH,Tuticorin ICH,Tamilnadu Circle
628552,628552,Madurai NSH,Tuticorin ICH,Tamilnadu Circle
628601,628601,Madurai NSH,Tuticorin ICH,Tamilnadu Circle
628612,628623,Madurai NSH,Tuticorin ICH,Tamilnadu Circle
628653,628653,Madurai NSH,Tuticorin ICH,Tamilnadu Circle
628656,628656,Madurai NSH,Tuticorin ICH,Tamilnadu Circle
628701,628704,Madurai NSH,Tuticorin ICH,Tamilnadu Circle
628712,628712,Madurai NSH,Tuticorin ICH,Tamilnadu Circle
628714,628714,Madurai NSH,Tuticorin ICH,Tamilnadu Circle
628716,628716,Madurai NSH,Tuticorin ICH,Tamilnadu Circle
628718,628718,Madurai NSH,Tuticorin ICH,Tamilnadu Circle
628720,628722,Madurai NSH,Tuticorin ICH,Tamilnadu Circle
628751,628753,Madurai NSH,Tuticorin ICH,Tamilnadu Circle
628801,628802,Madurai NSH,Tuticorin ICH,Tamilnadu Circle
628809,628809,Madurai NSH,Tuticorin ICH,Tamilnadu Circle
628851,628851,Madurai NSH,Tuticorin ICH,Tamilnadu Circle
628901,628908,Madurai NSH,Tuticorin ICH,Tamilnadu Circle
628952,628952,Madurai NSH,Tuticorin ICH,Tamilnadu Circle
630001,630003,Madurai NSH,Karaikudi ICH,Tamilnadu Circle
630005,630005,Madurai NSH,Karaikudi ICH,Tamilnadu Circle
630101,630108,Madurai NSH,Karaikudi ICH,Tamilnadu Circle
630201,630208,Madurai NSH,Karaikudi ICH,Tamilnadu Circle
630210,630212,Madurai NSH,Karaikudi ICH,Tamilnadu Circle
630301,630303,Madurai NSH,Karaikudi ICH,Tamilnadu Circle
630305,630307,Madurai NSH,Karaikudi ICH,Tamilnadu Circle
630309,630309,Madurai NSH,Karaikudi ICH,Tamilnadu Circle
630311,630314,Madurai NSH,Karaikudi ICH,Tamilnadu Circle
630321,630321,Madurai NSH,Karaikudi ICH,Tamilnadu Circle
630405,630405,Madurai NSH,Karaikudi ICH,Tamilnadu Circle
630408,630408,Madurai NSH,Karaikudi ICH,Tamilnadu Circle
630410,630411,Madurai NSH,Karaikudi ICH,Tamilnadu Circle
630501,630502,Madurai NSH,Karaikudi ICH,Tamilnadu Circle
630551,630559,Madurai NSH,Karaikudi ICH,Tamilnadu Circle
630561,630562,Madurai NSH,Karaikudi ICH,Tamilnadu Circle
630566,630566,Madurai NSH,Karaikudi ICH,Tamilnadu Circle
630602,630602,Madurai NSH,Karaikudi ICH,Tamilnadu Circle
630606,630606,Madurai NSH,Karaikudi ICH,Tamilnadu Circle
630609,630612,Madurai NSH,Karaikudi ICH,Tamilnadu Circle
630702,630702,Madurai NSH,Karaikudi ICH,Tamilnadu Circle
630709,630710,Madurai NSH,Karaikudi ICH,Tamilnadu Circle
630713,630713,Madurai NSH,Karaikudi ICH,Tamilnadu Circle
629001,629004,Madurai NSH,Nagercoil ICH,Tamilnadu Circle
629101,629102,Madurai NSH,Nagercoil ICH,Tamilnadu Circle
629151,629180,Madurai NSH,Nagercoil ICH,Tamilnadu Circle
629193,629193,Madurai NSH,Nagercoil ICH,Tamilnadu Circle
629201,629204,Madurai NSH,Nagercoil ICH,Tamilnadu Circle
629251,629252,Madurai NSH,Nagercoil ICH,Tamilnadu Circle
629301,629302,Madurai NSH,Nagercoil ICH,Tamilnadu Circle
629401,629403,Madurai NSH,Nagercoil ICH,Tamilnadu Circle
629501,629502,Madurai NSH,Nagercoil ICH,Tamilnadu Circle
629601,629602,Madurai NSH,Nagercoil ICH,Tamilnadu Circle
629701,629704,Madurai NSH,Nagercoil ICH,Tamilnadu Circle
629801,629804,Madurai NSH,Nagercoil ICH,Tamilnadu Circle
629809,629810,Madurai NSH,Nagercoil ICH,Tamilnadu Circle
629851,629852,Madurai NSH,Nagercoil ICH,Tamilnadu Circle
629901,629901,Madurai NSH,Nagercoil ICH,Tamilnadu Circle
627001,627010,Madurai NSH,Tirunelveli ICH,Tamilnadu Circle
627101,627110,Madurai NSH,Tirunelveli ICH,Tamilnadu Circle
627111,627120,Madurai NSH,Tirunelveli ICH,Tamilnadu Circle
627127,627127,Madurai NSH,Tirunelveli ICH,Tamilnadu Circle
627133,627133,Madurai NSH,Tirunelveli ICH,Tamilnadu Circle
627151,627152,Madurai NSH,Tirunelveli ICH,Tamilnadu Circle
627201,627202,Madurai NSH,Tirunelveli ICH,Tamilnadu Circle
627357,627359,Madurai NSH,Tirunelveli ICH,Tamilnadu Circle
627401,627401,Madurai NSH,Tirunelveli ICH,Tamilnadu Circle
627412,627420,Madurai NSH,Tirunelveli ICH,Tamilnadu Circle
627421,627428,Madurai NSH,Tirunelveli ICH,Tamilnadu Circle
627451,627453,Madurai NSH,Tirunelveli ICH,Tamilnadu Circle
627501,627502,Madurai NSH,Tirunelveli ICH,Tamilnadu Circle
627601,627604,Madurai NSH,Tirunelveli ICH,Tamilnadu Circle
627651,627652,Madurai NSH,Tirunelveli ICH,Tamilnadu Circle
627654,627654,Madurai NSH,Tirunelveli ICH,Tamilnadu Circle
627657,627657,Madurai NSH,Tirunelveli ICH,Tamilnadu Circle
627713,627713,Madurai NSH,Tirunelveli ICH,Tamilnadu Circle
627719,627719,Madurai NSH,Tirunelveli ICH,Tamilnadu Circle
627751,627751,Madurai NSH,Tirunelveli ICH,Tamilnadu Circle
627753,627761,Madurai NSH,Tirunelveli ICH,Tamilnadu Circle
627764,627764,Madurai NSH,Tirunelveli ICH,Tamilnadu Circle
627802,627809,Madurai NSH,Tirunelveli ICH,Tamilnadu Circle
627811,627814,Madurai NSH,Tirunelveli ICH,Tamilnadu Circle
641601,641607,Coimbatore NSH,Tirupur ICH,Tamilnadu Circle
641652,641652,Coimbatore NSH,Tirupur ICH,Tamilnadu Circle
641653,641655,Coimbatore NSH,Tirupur ICH,Tamilnadu Circle
641658,641659,Coimbatore NSH,Tirupur ICH,Tamilnadu Circle
641662,641671,Coimbatore NSH,Tirupur ICH,Tamilnadu Circle
641687,641687,Coimbatore NSH,Tirupur ICH,Tamilnadu Circle
641697,641697,Coimbatore NSH,Tirupur ICH,Tamilnadu Circle
638001,638007,Coimbatore NSH,Erode ICH,Tamilnadu Circle
638008,638008,Coimbatore NSH,Erode ICH,Tamilnadu Circle
638009,638012,Coimbatore NSH,Erode ICH,Tamilnadu Circle
638051,638057,Coimbatore NSH,Erode ICH,Tamilnadu Circle
638060,638060,Coimbatore NSH,Erode ICH,Tamilnadu Circle
638101,638112,Coimbatore NSH,Erode ICH,Tamilnadu Circle
638115,638116,Coimbatore NSH,Erode ICH,Tamilnadu Circle
626135,626137,Madurai NSH,Virudhunagar ICH,Tamilnadu Circle
626141,626142,Madurai NSH,Virudhunagar ICH,Tamilnadu Circle
627351,627356,Madurai NSH,Tirunelveli ICH,Tamilnadu Circle
628001,628008,Madurai NSH,Tuticorin ICH,Tamilnadu Circle
628501,628502,Madurai NSH,Tuticorin ICH,Tamilnadu Circle
638151,638154,Coimbatore NSH,Erode ICH,Tamilnadu Circle
638181,638183,Coimbatore NSH,Erode ICH,Tamilnadu Circle
638301,638301,Coimbatore NSH,Erode ICH,Tamilnadu Circle
638311,638316,Coimbatore NSH,Erode ICH,Tamilnadu Circle
638401,638402,Coimbatore NSH,Erode ICH,Tamilnadu Circle
638451,638462,Coimbatore NSH,Erode ICH,Tamilnadu Circle
638476,638476,Coimbatore NSH,Erode ICH,Tamilnadu Circle
638501,638506,Coimbatore NSH,Erode ICH,Tamilnadu Circle
638656,638657,Coimbatore NSH,Erode ICH,Tamilnadu Circle
638660,638661,Coimbatore NSH,Erode ICH,Tamilnadu Circle
638672,638673,Coimbatore NSH,Erode ICH,Tamilnadu Circle
638701,638703,Coimbatore NSH,Erode ICH,Tamilnadu Circle
638706,638706,Coimbatore NSH,Erode ICH,Tamilnadu Circle
638751,638752,Coimbatore NSH,Erode ICH,Tamilnadu Circle
638812,638812,Coimbatore NSH,Erode ICH,Tamilnadu Circle
636001,636010,Coimbatore NSH,Salem ICH,Tamilnadu Circle
636011,636013,Coimbatore NSH,Salem ICH,Tamilnadu Circle
636014,636017,Coimbatore NSH,Salem ICH,Tamilnadu Circle
636030,636030,Coimbatore NSH,Salem ICH,Tamilnadu Circle
636101,636119,Coimbatore NSH,Salem ICH,Tamilnadu Circle
636121,636122,Coimbatore NSH,Salem ICH,Tamilnadu Circle
636138,636139,Coimbatore NSH,Salem ICH,Tamilnadu Circle
636140,636140,Coimbatore NSH,Salem ICH,Tamilnadu Circle
636141,636142,Coimbatore NSH,Salem ICH,Tamilnadu Circle
636201,636204,Coimbatore NSH,Salem ICH,Tamilnadu Circle
636301,636301,Coimbatore NSH,Salem ICH,Tamilnadu Circle
636302,636302,Coimbatore NSH,Salem ICH,Tamilnadu Circle
636303,636309,Coimbatore NSH,Salem ICH,Tamilnadu Circle
636351,636352,Coimbatore NSH,Salem ICH,Tamilnadu Circle
636354,636354,Coimbatore NSH,Salem ICH,Tamilnadu Circle
636401,636404,Coimbatore NSH,Salem ICH,Tamilnadu Circle
636406,636406,Coimbatore NSH,Salem ICH,Tamilnadu Circle
636451,636458,Coimbatore NSH,Salem ICH,Tamilnadu Circle
636501,636503,Coimbatore NSH,Salem ICH,Tamilnadu Circle
636601,636602,Coimbatore NSH,Salem ICH,Tamilnadu Circle
637001,637003,Coimbatore NSH,Salem ICH,Tamilnadu Circle
637013,637015,Coimbatore NSH,Salem ICH,Tamilnadu Circle
637017,637021,Coimbatore NSH,Salem ICH,Tamilnadu Circle
637101,637105,Coimbatore NSH,Salem ICH,Tamilnadu Circle
637107,637107,Coimbatore NSH,Salem ICH,Tamilnadu Circle
637201,637216,Coimbatore NSH,Salem ICH,Tamilnadu Circle
637301,637301,Coimbatore NSH,Salem ICH,Tamilnadu Circle
637302,637303,Coimbatore NSH,Salem ICH,Tamilnadu Circle
637304,637304,Coimbatore NSH,Salem ICH,Tamilnadu Circle
637401,637412,Coimbatore NSH,Salem ICH,Tamilnadu Circle
637415,637415,Coimbatore NSH,Salem ICH,Tamilnadu Circle
637501,637505,Coimbatore NSH,Salem ICH,Tamilnadu Circle
635201,635202,Coimbatore NSH,Salem ICH,Tamilnadu Circle
635205,635205,Coimbatore NSH,Salem ICH,Tamilnadu Circle
635301,635303,Coimbatore NSH,Salem ICH,Tamilnadu Circle
635305,635305,Coimbatore NSH,Salem ICH,Tamilnadu Circle
636701,636701,Coimbatore NSH,Salem ICH,Tamilnadu Circle
636704,636705,Coimbatore NSH,Salem ICH,Tamilnadu Circle
636803,636811,Coimbatore NSH,Salem ICH,Tamilnadu Circle
636813,636813,Coimbatore NSH,Salem ICH,Tamilnadu Circle
636902,636907,Coimbatore NSH,Salem ICH,Tamilnadu Circle
678001,678001,Coimbatore NSH,Palakkad ICH,Kerala Circle
678002,678002,Coimbatore NSH,Palakkad ICH,Kerala Circle
604001,604001,Chennai NSH,Villupuram RMS  MIX,Tamilnadu Circle
604101,604102,Chennai NSH,Villupuram RMS  MIX,Tamilnadu Circle
604151,604154,Chennai NSH,Villupuram RMS  MIX,Tamilnadu Circle
604201,604208,Chennai NSH,Villupuram RMS  MIX,Tamilnadu Circle
604210,604210,Chennai NSH,Villupuram RMS  MIX,Tamilnadu Circle
604301,604307,Chennai NSH,Villupuram RMS  MIX,Tamilnadu Circle
604401,604411,Chennai NSH,Villupuram RMS  MIX,Tamilnadu Circle
604501,604505,Chennai NSH,Villupuram RMS  MIX,Tamilnadu Circle
604601,604601,Chennai NSH,Villupuram RMS  MIX,Tamilnadu Circle
605001,605011,Chennai NSH,Villupuram RMS  MIX,Tamilnadu Circle
605013,605014,Chennai NSH,Villupuram RMS  MIX,Tamilnadu Circle
605101,605111,Chennai NSH,Villupuram RMS  MIX,Tamilnadu Circle
605201,605203,Chennai NSH,Villupuram RMS  MIX,Tamilnadu Circle
605301,605302,Chennai NSH,Villupuram RMS  MIX,Tamilnadu Circle
605401,605402,Chennai NSH,Villupuram RMS  MIX,Tamilnadu Circle
605403,605403,Chennai NSH,Villupuram RMS  MIX,Tamilnadu Circle
605501,605502,Chennai NSH,Villupuram RMS  MIX,Tamilnadu Circle
605601,605601,Chennai NSH,Villupuram RMS  MIX,Tamilnadu Circle
605602,605602,Chennai NSH,Villupuram RMS  MIX,Tamilnadu Circle
605651,605651,Chennai NSH,Villupuram RMS  MIX,Tamilnadu Circle
605652,605652,Chennai NSH,Villupuram RMS  MIX,Tamilnadu Circle
605701,605702,Chennai NSH,Villupuram RMS  MIX,Tamilnadu Circle
605751,605752,Chennai NSH,Villupuram RMS  MIX,Tamilnadu Circle
605754,605759,Chennai NSH,Villupuram RMS  MIX,Tamilnadu Circle
605766,605766,Chennai NSH,Villupuram RMS  MIX,Tamilnadu Circle
605801,605803,Chennai NSH,Villupuram RMS  MIX,Tamilnadu Circle
606213,606213,Chennai NSH,Villupuram RMS  MIX,Tamilnadu Circle
606401,606402,Chennai NSH,Villupuram RMS  MIX,Tamilnadu Circle
606601,606601,Chennai NSH,Villupuram RMS  MIX,Tamilnadu Circle
606603,606604,Chennai NSH,Villupuram RMS  MIX,Tamilnadu Circle
606611,606611,Chennai NSH,Villupuram RMS  MIX,Tamilnadu Circle
606701,606710,Chennai NSH,Villupuram RMS  MIX,Tamilnadu Circle
606751,606755,Chennai NSH,Villupuram RMS  MIX,Tamilnadu Circle
606801,606808,Chennai NSH,Villupuram RMS  MIX,Tamilnadu Circle
606811,606811,Chennai NSH,Villupuram RMS  MIX,Tamilnadu Circle
606901,606908,Chennai NSH,Villupuram RMS  MIX,Tamilnadu Circle
607107,607107,Chennai NSH,Villupuram RMS  MIX,Tamilnadu Circle
607201,607204,Chennai NSH,Villupuram RMS  MIX,Tamilnadu Circle
607209,607209,Chennai NSH,Villupuram RMS  MIX,Tamilnadu Circle
606001,606003,Chennai NSH,Vriddhachalam RMS  MIX,Tamilnadu Circle
606102,606111,Chennai NSH,Vriddhachalam RMS  MIX,Tamilnadu Circle
606115,606115,Chennai NSH,Vriddhachalam RMS  MIX,Tamilnadu Circle
606301,606305,Chennai NSH,Vriddhachalam RMS  MIX,Tamilnadu Circle
607001,607006,Chennai NSH,Vriddhachalam RMS  MIX,Tamilnadu Circle
607101,607106,Chennai NSH,Vriddhachalam RMS  MIX,Tamilnadu Circle
607108,607109,Chennai NSH,Vriddhachalam RMS  MIX,Tamilnadu Circle
607112,607112,Chennai NSH,Vriddhachalam RMS  MIX,Tamilnadu Circle
607205,607205,Chennai NSH,Vriddhachalam RMS  MIX,Tamilnadu Circle
607301,607303,Chennai NSH,Vriddhachalam RMS  MIX,Tamilnadu Circle
607308,607308,Chennai NSH,Vriddhachalam RMS  MIX,Tamilnadu Circle
607801,607805,Chennai NSH,Vriddhachalam RMS  MIX,Tamilnadu Circle
607807,607807,Chennai NSH,Vriddhachalam RMS  MIX,Tamilnadu Circle
608001,608002,Chennai NSH,Vriddhachalam RMS  MIX,Tamilnadu Circle
608102,608102,Chennai NSH,Vriddhachalam RMS  MIX,Tamilnadu Circle
608201,608201,Chennai NSH,Vriddhachalam RMS  MIX,Tamilnadu Circle
608301,608306,Chennai NSH,Vriddhachalam RMS  MIX,Tamilnadu Circle
608401,608401,Chennai NSH,Vriddhachalam RMS  MIX,Tamilnadu Circle
608501,608502,Chennai NSH,Vriddhachalam RMS  MIX,Tamilnadu Circle
608601,608602,Chennai NSH,Vriddhachalam RMS  MIX,Tamilnadu Circle
608701,608704,Chennai NSH,Vriddhachalam RMS  MIX,Tamilnadu Circle
608801,608801,Chennai NSH,Vriddhachalam RMS  MIX,Tamilnadu Circle
608901,608901,Chennai NSH,Vriddhachalam RMS  MIX,Tamilnadu Circle
612901,612906,Chennai NSH,Trichy ICH,Tamilnadu Circle
614616,614622,Chennai NSH,Trichy ICH,Tamilnadu Circle
614624,614624,Chennai NSH,Trichy ICH,Tamilnadu Circle
614629,614630,Chennai NSH,Trichy ICH,Tamilnadu Circle
614801,614801,Chennai NSH,Trichy ICH,Tamilnadu Circle
614805,614805,Chennai NSH,Trichy ICH,Tamilnadu Circle
620001,620027,Chennai NSH,Trichy ICH,Tamilnadu Circle
620101,620102,Chennai NSH,Trichy ICH,Tamilnadu Circle
621001,621012,Chennai NSH,Trichy ICH,Tamilnadu Circle
621014,621014,Chennai NSH,Trichy ICH,Tamilnadu Circle
621101,621119,Chennai NSH,Trichy ICH,Tamilnadu Circle
621133,621133,Chennai NSH,Trichy ICH,Tamilnadu Circle
621202,621220,Chennai NSH,Trichy ICH,Tamilnadu Circle
621301,621302,Chennai NSH,Trichy ICH,Tamilnadu Circle
621305,621308,Chennai NSH,Trichy ICH,Tamilnadu Circle
621310,621316,Chennai NSH,Trichy ICH,Tamilnadu Circle
621601,621601,Chennai NSH,Trichy ICH,Tamilnadu Circle
621651,621653,Chennai NSH,Trichy ICH,Tamilnadu Circle
621701,621719,Chennai NSH,Trichy ICH,Tamilnadu Circle
621722,621722,Chennai NSH,Trichy ICH,Tamilnadu Circle
621729,621731,Chennai NSH,Trichy ICH,Tamilnadu Circle
621801,621806,Chennai NSH,Trichy ICH,Tamilnadu Circle
621851,621851,Chennai NSH,Trichy ICH,Tamilnadu Circle
622001,622005,Chennai NSH,Trichy ICH,Tamilnadu Circle
622101,622104,Chennai NSH,Trichy ICH,Tamilnadu Circle
607401,607403,Chennai NSH,Villupuram RMS  MIX,Tamilnadu Circle
622201,622204,Chennai NSH,Trichy ICH,Tamilnadu Circle
622209,622209,Chennai NSH,Trichy ICH,Tamilnadu Circle
622301,622304,Chennai NSH,Trichy ICH,Tamilnadu Circle
622401,622404,Chennai NSH,Trichy ICH,Tamilnadu Circle
622407,622407,Chennai NSH,Trichy ICH,Tamilnadu Circle
622409,622409,Chennai NSH,Trichy ICH,Tamilnadu Circle
622411,622412,Chennai NSH,Trichy ICH,Tamilnadu Circle
622422,622422,Chennai NSH,Trichy ICH,Tamilnadu Circle
622501,622507,Chennai NSH,Trichy ICH,Tamilnadu Circle
622515,622515,Chennai NSH,Trichy ICH,Tamilnadu Circle
639001,639008,Chennai NSH,Trichy ICH,Tamilnadu Circle
639101,639105,Chennai NSH,Trichy ICH,Tamilnadu Circle
639107,639120,Chennai NSH,Trichy ICH,Tamilnadu Circle
639136,639136,Chennai NSH,Trichy ICH,Tamilnadu Circle
639201,639203,Chennai NSH,Trichy ICH,Tamilnadu Circle
639205,639207,Chennai NSH,Trichy ICH,Tamilnadu Circle
612001,612002,Chennai NSH,Thanjavur ICH,Tamilnadu Circle
612101,612106,Chennai NSH,Thanjavur ICH,Tamilnadu Circle
612201,612204,Chennai NSH,Thanjavur ICH,Tamilnadu Circle
612301,612303,Chennai NSH,Thanjavur ICH,Tamilnadu Circle
612401,612402,Chennai NSH,Thanjavur ICH,Tamilnadu Circle
612501,612504,Chennai NSH,Thanjavur ICH,Tamilnadu Circle
612601,612605,Chennai NSH,Thanjavur ICH,Tamilnadu Circle
612610,612610,Chennai NSH,Thanjavur ICH,Tamilnadu Circle
612701,612703,Chennai NSH,Thanjavur ICH,Tamilnadu Circle
612801,612804,Chennai NSH,Thanjavur ICH,Tamilnadu Circle
614101,614103,Chennai NSH,Thanjavur ICH,Tamilnadu Circle
613001,613010,Chennai NSH,Thanjavur ICH,Tamilnadu Circle
613101,613105,Chennai NSH,Thanjavur ICH,Tamilnadu Circle
613201,613205,Chennai NSH,Thanjavur ICH,Tamilnadu Circle
613301,613301,Chennai NSH,Thanjavur ICH,Tamilnadu Circle
613303,613303,Chennai NSH,Thanjavur ICH,Tamilnadu Circle
613401,613403,Chennai NSH,Thanjavur ICH,Tamilnadu Circle
613501,613504,Chennai NSH,Thanjavur ICH,Tamilnadu Circle
613601,613602,Chennai NSH,Thanjavur ICH,Tamilnadu Circle
613701,613703,Chennai NSH,Thanjavur ICH,Tamilnadu Circle
613705,613705,Chennai NSH,Thanjavur ICH,Tamilnadu Circle
614001,614001,Chennai NSH,Thanjavur ICH,Tamilnadu Circle
614013,614020,Chennai NSH,Thanjavur ICH,Tamilnadu Circle
614201,614208,Chennai NSH,Thanjavur ICH,Tamilnadu Circle
614210,614211,Chennai NSH,Thanjavur ICH,Tamilnadu Circle
614301,614303,Chennai NSH,Thanjavur ICH,Tamilnadu Circle
614401,614404,Chennai NSH,Thanjavur ICH,Tamilnadu Circle
614601,614602,Chennai NSH,Thanjavur ICH,Tamilnadu Circle
614612,614615,Chennai NSH,Thanjavur ICH,Tamilnadu Circle
614623,614623,Chennai NSH,Thanjavur ICH,Tamilnadu Circle
614625,614626,Chennai NSH,Thanjavur ICH,Tamilnadu Circle
614628,614628,Chennai NSH,Thanjavur ICH,Tamilnadu Circle
614701,614701,Chennai NSH,Thanjavur ICH,Tamilnadu Circle
614723,614723,Chennai NSH,Thanjavur ICH,Tamilnadu Circle
614802,614804,Chennai NSH,Thanjavur ICH,Tamilnadu Circle
614901,614906,Chennai NSH,Thanjavur ICH,Tamilnadu Circle
609001,609001,Chennai NSH,Mayiladuturai ICH,Tamilnadu Circle
609003,609003,Chennai NSH,Mayiladuturai ICH,Tamilnadu Circle
609101,609118,Chennai NSH,Mayiladuturai ICH,Tamilnadu Circle
609201,609205,Chennai NSH,Mayiladuturai ICH,Tamilnadu Circle
609301,609314,Chennai NSH,Mayiladuturai ICH,Tamilnadu Circle
609401,609405,Chennai NSH,Mayiladuturai ICH,Tamilnadu Circle
609501,609504,Chennai NSH,Mayiladuturai ICH,Tamilnadu Circle
609601,609609,Chennai NSH,Mayiladuturai ICH,Tamilnadu Circle
609701,609704,Chennai NSH,Mayiladuturai ICH,Tamilnadu Circle
609801,609808,Chennai NSH,Mayiladuturai ICH,Tamilnadu Circle
609810,609811,Chennai NSH,Mayiladuturai ICH,Tamilnadu Circle
610001,610001,Chennai NSH,Mayiladuturai ICH,Tamilnadu Circle
610003,610005,Chennai NSH,Mayiladuturai ICH,Tamilnadu Circle
610101,610107,Chennai NSH,Mayiladuturai ICH,Tamilnadu Circle
610109,610109,Chennai NSH,Mayiladuturai ICH,Tamilnadu Circle
610201,610207,Chennai NSH,Mayiladuturai ICH,Tamilnadu Circle
611001,611003,Chennai NSH,Mayiladuturai ICH,Tamilnadu Circle
611101,611106,Chennai NSH,Mayiladuturai ICH,Tamilnadu Circle
611108,611112,Chennai NSH,Mayiladuturai ICH,Tamilnadu Circle
614702,614708,Chennai NSH,Mayiladuturai ICH,Tamilnadu Circle
614710,614717,Chennai NSH,Mayiladuturai ICH,Tamilnadu Circle
614738,614738,Chennai NSH,Mayiladuturai ICH,Tamilnadu Circle
614806,614810,Chennai NSH,Mayiladuturai ICH,Tamilnadu Circle
613704,613704,Chennai NSH,Mayiladuturai ICH,Tamilnadu Circle
744101,744102,Chennai NSH,Port Blair ICH,Tamilnadu Circle
744103,744103,Chennai NSH,Port Blair ICH,Tamilnadu Circle
744104,744104,Chennai NSH,Port Blair ICH,Tamilnadu Circle
744105,744105,Chennai NSH,Port Blair ICH,Tamilnadu Circle
744106,744106,Chennai NSH,Port Blair ICH,Tamilnadu Circle
744107,744107,Chennai NSH,Port Blair ICH,Tamilnadu Circle
744112,744112,Chennai NSH,Port Blair ICH,Tamilnadu Circle
744201,744207,Chennai NSH,Port Blair ICH,Tamilnadu Circle
744209,744211,Chennai NSH,Port Blair ICH,Tamilnadu Circle
744301,744304,Chennai NSH,Port Blair ICH,Tamilnadu Circle
500001,500118,Hyderabad NSH,Hyderabad NSH,Telangana Circle
501101,501203,Hyderabad NSH,Hyderabad NSH,Telangana Circle
501218,501401,Hyderabad NSH,Hyderabad NSH,Telangana Circle
501501,501503,Hyderabad NSH,Hyderabad NSH,Telangana Circle
501504,501513,Hyderabad NSH,Hyderabad NSH,Telangana Circle
502001,502001,Hyderabad NSH,Hyderabad NSH,Telangana Circle
502032,502034,Hyderabad NSH,Hyderabad NSH,Telangana Circle
502101,502281,Hyderabad NSH,Hyderabad NSH,Telangana Circle
502284,502284,Hyderabad NSH,Hyderabad NSH,Telangana Circle
502285,502306,Hyderabad NSH,Hyderabad NSH,Telangana Circle
502307,502307,Hyderabad NSH,Hyderabad NSH,Telangana Circle
502310,502318,Hyderabad NSH,Hyderabad NSH,Telangana Circle
502319,502319,Hyderabad NSH,Hyderabad NSH,Telangana Circle
502321,502321,Hyderabad NSH,Hyderabad NSH,Telangana Circle
502324,502329,Hyderabad NSH,Hyderabad NSH,Telangana Circle
502331,502381,Hyderabad NSH,Hyderabad NSH,Telangana Circle
503001,503003,Hyderabad NSH,ICH Nizamabad,Telangana Circle
503101,503322,Hyderabad NSH,ICH Nizamabad,Telangana Circle
508001,508004,Hyderabad NSH,ICH Nalgonda,Telangana Circle
508005,508999,Hyderabad NSH,ICH Nalgonda,Telangana Circle
509001,509002,Hyderabad NSH,ICH Mahabubnagar,Telangana Circle
509101,509412,Hyderabad NSH,ICH Mahabubnagar,Telangana Circle
504001,504002,Hyderabad NSH,ICH Mancherial,Telangana Circle
504101,504107,Hyderabad NSH,ICH Mancherial,Telangana Circle
504109,504110,Hyderabad NSH,ICH Mancherial,Telangana Circle
504201,504207,Hyderabad NSH,ICH Mancherial,Telangana Circle
504208,504209,Hyderabad NSH,ICH Mancherial,Telangana Circle
504214,504216,Hyderabad NSH,ICH Mancherial,Telangana Circle
504218,504220,Hyderabad NSH,ICH Mancherial,Telangana Circle
504231,504231,Hyderabad NSH,ICH Mancherial,Telangana Circle
504251,504251,Hyderabad NSH,ICH Mancherial,Telangana Circle
504272,504273,Hyderabad NSH,ICH Mancherial,Telangana Circle
504292,504297,Hyderabad NSH,ICH Mancherial,Telangana Circle
504299,504299,Hyderabad NSH,ICH Mancherial,Telangana Circle
504301,504304,Hyderabad NSH,ICH Mancherial,Telangana Circle
504306,504313,Hyderabad NSH,ICH Mancherial,Telangana Circle
504323,504323,Hyderabad NSH,ICH Mancherial,Telangana Circle
504346,504346,Hyderabad NSH,ICH Mancherial,Telangana Circle
505001,505002,Hyderabad NSH,ICH Karimnagar,Telangana Circle
505101,505532,Hyderabad NSH,ICH Karimnagar,Telangana Circle
507001,507003,Hyderabad NSH,ICH Khammam,Telangana Circle
507101,507999,Hyderabad NSH,ICH Khammam,Telangana Circle
506001,506009,Hyderabad NSH,ICH Warangal,Telangana Circle
506011,506011,Hyderabad NSH,ICH Warangal,Telangana Circle
506013,506013,Hyderabad NSH,ICH Warangal,Telangana Circle
506015,506015,Hyderabad NSH,ICH Warangal,Telangana Circle
506101,506105,Hyderabad NSH,ICH Warangal,Telangana Circle
506112,506112,Hyderabad NSH,ICH Warangal,Telangana Circle
506122,506122,Hyderabad NSH,ICH Warangal,Telangana Circle
506132,506132,Hyderabad NSH,ICH Warangal,Telangana Circle
506134,506135,Hyderabad NSH,ICH Warangal,Telangana Circle
506142,506146,Hyderabad NSH,ICH Warangal,Telangana Circle
506151,506151,Hyderabad NSH,ICH Warangal,Telangana Circle
506163,506170,Hyderabad NSH,ICH Warangal,Telangana Circle
506172,506172,Hyderabad NSH,ICH Warangal,Telangana Circle
506175,506175,Hyderabad NSH,ICH Warangal,Telangana Circle
506201,506201,Hyderabad NSH,ICH Warangal,Telangana Circle
506221,506224,Hyderabad NSH,ICH Warangal,Telangana Circle
506244,506244,Hyderabad NSH,ICH Warangal,Telangana Circle
506252,506252,Hyderabad NSH,ICH Warangal,Telangana Circle
506301,506303,Hyderabad NSH,ICH Warangal,Telangana Circle
506310,506310,Hyderabad NSH,ICH Warangal,Telangana Circle
506313,506319,Hyderabad NSH,ICH Warangal,Telangana Circle
506324,506325,Hyderabad NSH,ICH Warangal,Telangana Circle
506329,506333,Hyderabad NSH,ICH Warangal,Telangana Circle
506342,506345,Hyderabad NSH,ICH Warangal,Telangana Circle
506347,506350,Hyderabad NSH,ICH Warangal,Telangana Circle
506352,506352,Hyderabad NSH,ICH Warangal,Telangana Circle
506355,506356,Hyderabad NSH,ICH Warangal,Telangana Circle
506365,506371,Hyderabad NSH,ICH Warangal,Telangana Circle
506381,506381,Hyderabad NSH,ICH Warangal,Telangana Circle
506391,506391,Hyderabad NSH,ICH Warangal,Telangana Circle
248001,248199,Dehradun NSH,Dehradun NSH,Uttarakhand Circle
249201,249300,Dehradun NSH,Dehradun NSH,Uttarakhand Circle
249001,249001,Dehradun NSH,Dehradun NSH,Uttarakhand Circle
249121,249123,Dehradun NSH,Dehradun NSH,Uttarakhand Circle
249125,249132,Dehradun NSH,Dehradun NSH,Uttarakhand Circle
249135,249135,Dehradun NSH,Dehradun NSH,Uttarakhand Circle
249141,249141,Dehradun NSH,Dehradun NSH,Uttarakhand Circle
249145,249146,Dehradun NSH,Dehradun NSH,Uttarakhand Circle
249151,249152,Dehradun NSH,Dehradun NSH,Uttarakhand Circle
249155,249155,Dehradun NSH,Dehradun NSH,Uttarakhand Circle
249161,249161,Dehradun NSH,Dehradun NSH,Uttarakhand Circle
249165,249165,Dehradun NSH,Dehradun NSH,Uttarakhand Circle
249171,249171,Dehradun NSH,Dehradun NSH,Uttarakhand Circle
249175,249175,Dehradun NSH,Dehradun NSH,Uttarakhand Circle
249192,249195,Dehradun NSH,Dehradun NSH,Uttarakhand Circle
249180,249181,Dehradun NSH,Dehradun NSH,Uttarakhand Circle
249185,249186,Dehradun NSH,Dehradun NSH,Uttarakhand Circle
249196,249196,Dehradun NSH,Dehradun NSH,Uttarakhand Circle
249199,249199,Dehradun NSH,Dehradun NSH,Uttarakhand Circle
246001,246001,Dehradun NSH,Pauri ICH,Uttarakhand Circle
246141,246141,Dehradun NSH,Rudraprayag ICH,Uttarakhand Circle
246171,246171,Dehradun NSH,Rudraprayag ICH,Uttarakhand Circle
246401,246495,Dehradun NSH,Rudraprayag ICH,Uttarakhand Circle
247656,247656,Dehradun NSH,Haridwar ICH,Uttarakhand Circle
247661,247661,Dehradun NSH,Haridwar ICH,Uttarakhand Circle
247663,247663,Dehradun NSH,Haridwar ICH,Uttarakhand Circle
247664,247668,Dehradun NSH,Haridwar ICH,Uttarakhand Circle
247670,247671,Dehradun NSH,Haridwar ICH,Uttarakhand Circle
249301,249306,Dehradun NSH,Pauri ICH,Uttarakhand Circle
249401,249405,Dehradun NSH,Haridwar ICH,Uttarakhand Circle
249407,249408,Dehradun NSH,Haridwar ICH,Uttarakhand Circle
249410,249411,Dehradun NSH,Haridwar ICH,Uttarakhand Circle
262501,262502,Dehradun NSH,Pithoragarh ICH,Uttarakhand Circle
262520,262534,Dehradun NSH,Pithoragarh ICH,Uttarakhand Circle
262540,262540,Dehradun NSH,Pithoragarh ICH,Uttarakhand Circle
262541,262547,Dehradun NSH,Pithoragarh ICH,Uttarakhand Circle
262551,262555,Dehradun NSH,Pithoragarh ICH,Uttarakhand Circle
262561,262561,Dehradun NSH,Pithoragarh ICH,Uttarakhand Circle
262572,262572,Dehradun NSH,Pithoragarh ICH,Uttarakhand Circle
262576,262576,Dehradun NSH,Pithoragarh ICH,Uttarakhand Circle
262580,262580,Dehradun NSH,Pithoragarh ICH,Uttarakhand Circle
263601,263601,Dehradun NSH,Almora ICH,Uttarakhand Circle
263619,263626,Dehradun NSH,Almora ICH,Uttarakhand Circle
263628,263643,Dehradun NSH,Almora ICH,Uttarakhand Circle
263645,263646,Dehradun NSH,Almora ICH,Uttarakhand Circle
263651,263653,Dehradun NSH,Almora ICH,Uttarakhand Circle
263655,263656,Dehradun NSH,Almora ICH,Uttarakhand Circle
263658,263661,Dehradun NSH,Almora ICH,Uttarakhand Circle
263663,263665,Dehradun NSH,Almora ICH,Uttarakhand Circle
263667,263667,Dehradun NSH,Almora ICH,Uttarakhand Circle
263676,263676,Dehradun NSH,Almora ICH,Uttarakhand Circle
263678,263680,Dehradun NSH,Almora ICH,Uttarakhand Circle
244712,244717,Dehradun NSH,Rudrapur ICH,Uttarakhand Circle
262308,262311,Dehradun NSH,Rudrapur ICH,Uttarakhand Circle
262401,262405,Dehradun NSH,Rudrapur ICH,Uttarakhand Circle
263001,263001,Dehradun NSH,Rudrapur ICH,Uttarakhand Circle
263126,263160,Dehradun NSH,Rudrapur ICH,Uttarakhand Circle
246002,246131,Dehradun NSH,Pauri ICH,Uttarakhand Circle
246142,246169,Dehradun NSH,Pauri ICH,Uttarakhand Circle
246172,246285,Dehradun NSH,Pauri ICH,Uttarakhand Circle
282001,282010,Agra NSH,Agra NSH,Uttar Pradesh Circle
283101,283105,Agra NSH,Agra NSH,Uttar Pradesh Circle
283110,283115,Agra NSH,Agra NSH,Uttar Pradesh Circle
283119,283119,Agra NSH,Agra NSH,Uttar Pradesh Circle
283121,283126,Agra NSH,Agra NSH,Uttar Pradesh Circle
283130,283130,Agra NSH,Agra NSH,Uttar Pradesh Circle
283135,283136,Agra NSH,Agra NSH,Uttar Pradesh Circle
283141,283142,Agra NSH,Agra NSH,Uttar Pradesh Circle
283145,283145,Agra NSH,Agra NSH,Uttar Pradesh Circle
283151,283152,Agra NSH,Agra NSH,Uttar Pradesh Circle
283201,283207,Agra NSH,Agra NSH,Uttar Pradesh Circle
281001,281001,Agra NSH,Agra NSH,Uttar Pradesh Circle
281003,281006,Agra NSH,Agra NSH,Uttar Pradesh Circle
281104,281104,Agra NSH,Agra NSH,Uttar Pradesh Circle
281121,281121,Agra NSH,Agra NSH,Uttar Pradesh Circle
281122,281123,Agra NSH,Agra NSH,Uttar Pradesh Circle
281201,281206,Agra NSH,Agra NSH,Uttar Pradesh Circle
281301,281308,Agra NSH,Agra NSH,Uttar Pradesh Circle
281401,281406,Agra NSH,Agra NSH,Uttar Pradesh Circle
281501,281502,Agra NSH,Agra NSH,Uttar Pradesh Circle
281504,281504,Agra NSH,Agra NSH,Uttar Pradesh Circle
201001,201003,Ghaziabad NSH,Ghaziabad NSH,Uttar Pradesh Circle
201004,201007,Ghaziabad NSH,Ghaziabad NSH,Uttar Pradesh Circle
201009,201009,Ghaziabad NSH,Ghaziabad NSH,Uttar Pradesh Circle
201010,201012,Ghaziabad NSH,Ghaziabad NSH,Uttar Pradesh Circle
201013,201013,Ghaziabad NSH,Ghaziabad NSH,Uttar Pradesh Circle
201014,201022,Ghaziabad NSH,Ghaziabad NSH,Uttar Pradesh Circle
201102,201103,Ghaziabad NSH,Ghaziabad NSH,Uttar Pradesh Circle
201201,201201,Ghaziabad NSH,Ghaziabad NSH,Uttar Pradesh Circle
201204,201204,Ghaziabad NSH,Ghaziabad NSH,Uttar Pradesh Circle
201206,201206,Ghaziabad NSH,Ghaziabad NSH,Uttar Pradesh Circle
245101,245101,Ghaziabad NSH,Ghaziabad NSH,Uttar Pradesh Circle
245201,245201,Ghaziabad NSH,Ghaziabad NSH,Uttar Pradesh Circle
245205,245205,Ghaziabad NSH,Ghaziabad NSH,Uttar Pradesh Circle
245207,245208,Ghaziabad NSH,Ghaziabad NSH,Uttar Pradesh Circle
245301,245301,Ghaziabad NSH,Ghaziabad NSH,Uttar Pradesh Circle
245304,245304,Ghaziabad NSH,Ghaziabad NSH,Uttar Pradesh Circle
201008,201008,Ghaziabad NSH,Ghaziabad NSH,Uttar Pradesh Circle
201301,201307,Ghaziabad NSH,Ghaziabad NSH,Uttar Pradesh Circle
203001,203002,Ghaziabad NSH,Ghaziabad NSH,Uttar Pradesh Circle
203129,203129,Ghaziabad NSH,Ghaziabad NSH,Uttar Pradesh Circle
203131,203132,Ghaziabad NSH,Ghaziabad NSH,Uttar Pradesh Circle
201135,201135,Ghaziabad NSH,Ghaziabad NSH,Uttar Pradesh Circle
203141,203141,Ghaziabad NSH,Ghaziabad NSH,Uttar Pradesh Circle
203155,203155,Ghaziabad NSH,Ghaziabad NSH,Uttar Pradesh Circle
203201,203203,Ghaziabad NSH,Ghaziabad NSH,Uttar Pradesh Circle
203205,203207,Ghaziabad NSH,Ghaziabad NSH,Uttar Pradesh Circle
203209,203209,Ghaziabad NSH,Ghaziabad NSH,Uttar Pradesh Circle
203389,203405,Ghaziabad NSH,Ghaziabad NSH,Uttar Pradesh Circle
203407,203409,Ghaziabad NSH,Ghaziabad NSH,Uttar Pradesh Circle
203411,203413,Ghaziabad NSH,Ghaziabad NSH,Uttar Pradesh Circle
208001,208017,Kanpur NSH,Kanpur NSH,Uttar Pradesh Circle
208019,208027,Kanpur NSH,Kanpur NSH,Uttar Pradesh Circle
209101,209101,Kanpur NSH,Kanpur NSH,Uttar Pradesh Circle
209111,209112,Kanpur NSH,Kanpur NSH,Uttar Pradesh Circle
209115,209115,Kanpur NSH,Kanpur NSH,Uttar Pradesh Circle
209121,209121,Kanpur NSH,Kanpur NSH,Uttar Pradesh Circle
209125,209125,Kanpur NSH,Kanpur NSH,Uttar Pradesh Circle
209202,209206,Kanpur NSH,Kanpur NSH,Uttar Pradesh Circle
209208,209210,Kanpur NSH,Kanpur NSH,Uttar Pradesh Circle
209214,209214,Kanpur NSH,Kanpur NSH,Uttar Pradesh Circle
209217,209217,Kanpur NSH,Kanpur NSH,Uttar Pradesh Circle
209301,209308,Kanpur NSH,Kanpur NSH,Uttar Pradesh Circle
209310,209312,Kanpur NSH,Kanpur NSH,Uttar Pradesh Circle
209401,209402,Kanpur NSH,Kanpur NSH,Uttar Pradesh Circle
209801,209801,Kanpur NSH,Kanpur NSH,Uttar Pradesh Circle
209821,209821,Kanpur NSH,Kanpur NSH,Uttar Pradesh Circle
209825,209825,Kanpur NSH,Kanpur NSH,Uttar Pradesh Circle
209827,209827,Kanpur NSH,Kanpur NSH,Uttar Pradesh Circle
209831,209831,Kanpur NSH,Kanpur NSH,Uttar Pradesh Circle
209841,209841,Kanpur NSH,Kanpur NSH,Uttar Pradesh Circle
209859,209871,Kanpur NSH,Kanpur NSH,Uttar Pradesh Circle
209881,209881,Kanpur NSH,Kanpur NSH,Uttar Pradesh Circle
212601,212601,Kanpur NSH,Kanpur NSH,Uttar Pradesh Circle
212620,212622,Kanpur NSH,Kanpur NSH,Uttar Pradesh Circle
212631,212631,Kanpur NSH,Kanpur NSH,Uttar Pradesh Circle
212635,212635,Kanpur NSH,Kanpur NSH,Uttar Pradesh Circle
212641,212641,Kanpur NSH,Kanpur NSH,Uttar Pradesh Circle
212645,212645,Kanpur NSH,Kanpur NSH,Uttar Pradesh Circle
212650,212659,Kanpur NSH,Kanpur NSH,Uttar Pradesh Circle
212661,212661,Kanpur NSH,Kanpur NSH,Uttar Pradesh Circle
212663,212665,Kanpur NSH,Kanpur NSH,Uttar Pradesh Circle
226001,226027,Lucknow NSH,Lucknow NSH,Uttar Pradesh Circle
226029,226031,Lucknow NSH,Lucknow NSH,Uttar Pradesh Circle
226028,226028,Lucknow NSH,Lucknow NSH,Uttar Pradesh Circle
226101,226104,Lucknow NSH,Lucknow NSH,Uttar Pradesh Circle
226201,226203,Lucknow NSH,Lucknow NSH,Uttar Pradesh Circle
226301,226303,Lucknow NSH,Lucknow NSH,Uttar Pradesh Circle
226401,226401,Lucknow NSH,Lucknow NSH,Uttar Pradesh Circle
226501,226501,Lucknow NSH,Lucknow NSH,Uttar Pradesh Circle
228001,228001,Lucknow NSH,Lucknow NSH,Uttar Pradesh Circle
227304,227304,Lucknow NSH,Lucknow NSH,Uttar Pradesh Circle
227405,227409,Lucknow NSH,Lucknow NSH,Uttar Pradesh Circle
227411,227413,Lucknow NSH,Lucknow NSH,Uttar Pradesh Circle
227801,227801,Lucknow NSH,Lucknow NSH,Uttar Pradesh Circle
227805,227809,Lucknow NSH,Lucknow NSH,Uttar Pradesh Circle
227811,227817,Lucknow NSH,Lucknow NSH,Uttar Pradesh Circle
222301,222303,Lucknow NSH,Lucknow NSH,Uttar Pradesh Circle
228118,228121,Lucknow NSH,Lucknow NSH,Uttar Pradesh Circle
228131,228133,Lucknow NSH,Lucknow NSH,Uttar Pradesh Circle
228141,228142,Lucknow NSH,Lucknow NSH,Uttar Pradesh Circle
228145,228145,Lucknow NSH,Lucknow NSH,Uttar Pradesh Circle
228151,228151,Lucknow NSH,Lucknow NSH,Uttar Pradesh Circle
228155,228155,Lucknow NSH,Lucknow NSH,Uttar Pradesh Circle
228159,228159,Lucknow NSH,Lucknow NSH,Uttar Pradesh Circle
228161,228161,Lucknow NSH,Lucknow NSH,Uttar Pradesh Circle
228171,228172,Lucknow NSH,Lucknow NSH,Uttar Pradesh Circle
225001,225001,Lucknow NSH,Lucknow NSH,Uttar Pradesh Circle
225003,225003,Lucknow NSH,Lucknow NSH,Uttar Pradesh Circle
225119,225126,Lucknow NSH,Lucknow NSH,Uttar Pradesh Circle
225201,225208,Lucknow NSH,Lucknow NSH,Uttar Pradesh Circle
225301,225306,Lucknow NSH,Lucknow NSH,Uttar Pradesh Circle
225401,225401,Lucknow NSH,Lucknow NSH,Uttar Pradesh Circle
225403,225405,Lucknow NSH,Lucknow NSH,Uttar Pradesh Circle
225409,225409,Lucknow NSH,Lucknow NSH,Uttar Pradesh Circle
225412,225416,Lucknow NSH,Lucknow NSH,Uttar Pradesh Circle
211001,211099,Prayagraj NSH,Prayagraj NSH,Uttar Pradesh Circle
212104,212120,Prayagraj NSH,Prayagraj NSH,Uttar Pradesh Circle
212201,212220,Prayagraj NSH,Prayagraj NSH,Uttar Pradesh Circle
212301,212310,Prayagraj NSH,Prayagraj NSH,Uttar Pradesh Circle
212401,212410,Prayagraj NSH,Prayagraj NSH,Uttar Pradesh Circle
212501,212510,Prayagraj NSH,Prayagraj NSH,Uttar Pradesh Circle
221502,221508,Prayagraj NSH,Prayagraj NSH,Uttar Pradesh Circle
229408,229413,Prayagraj NSH,Prayagraj NSH,Uttar Pradesh Circle
230001,230599,Prayagraj NSH,Prayagraj NSH,Uttar Pradesh Circle
221001,221002,Varanasi NSH,Varanasi NSH,Uttar Pradesh Circle
221004,221005,Varanasi NSH,Varanasi NSH,Uttar Pradesh Circle
221007,221007,Varanasi NSH,Varanasi NSH,Uttar Pradesh Circle
221010,221010,Varanasi NSH,Varanasi NSH,Uttar Pradesh Circle
221003,221003,Varanasi NSH,Varanasi NSH,Uttar Pradesh Circle
221006,221006,Varanasi NSH,Varanasi NSH,Uttar Pradesh Circle
221008,221009,Varanasi NSH,Varanasi NSH,Uttar Pradesh Circle
221201,221210,Varanasi NSH,Varanasi NSH,Uttar Pradesh Circle
221301,221314,Varanasi NSH,Varanasi NSH,Uttar Pradesh Circle
221401,221410,Varanasi NSH,Varanasi NSH,Uttar Pradesh Circle
232101,232120,Varanasi NSH,Varanasi NSH,Uttar Pradesh Circle
275201,275205,Varanasi NSH,Varanasi NSH,Uttar Pradesh Circle
202001,202002,Agra NSH,Aligarh ICH,Uttar Pradesh Circle
202121,202143,Agra NSH,Aligarh ICH,Uttar Pradesh Circle
202145,202145,Agra NSH,Aligarh ICH,Uttar Pradesh Circle
202146,202146,Agra NSH,Aligarh ICH,Uttar Pradesh Circle
202150,202150,Agra NSH,Aligarh ICH,Uttar Pradesh Circle
202155,202155,Agra NSH,Aligarh ICH,Uttar Pradesh Circle
202165,202165,Agra NSH,Aligarh ICH,Uttar Pradesh Circle
202170,202170,Agra NSH,Aligarh ICH,Uttar Pradesh Circle
202280,202282,Agra NSH,Aligarh ICH,Uttar Pradesh Circle
204101,204102,Agra NSH,Aligarh ICH,Uttar Pradesh Circle
204211,204216,Agra NSH,Aligarh ICH,Uttar Pradesh Circle
204217,204217,Agra NSH,Aligarh ICH,Uttar Pradesh Circle
284001,284003,Agra NSH,Jhansi ICH,Uttar Pradesh Circle
284127,284128,Agra NSH,Jhansi ICH,Uttar Pradesh Circle
284135,284135,Agra NSH,Jhansi ICH,Uttar Pradesh Circle
284120,284126,Agra NSH,Jhansi ICH,Uttar Pradesh Circle
284136,284136,Agra NSH,Jhansi ICH,Uttar Pradesh Circle
284201,284206,Agra NSH,Jhansi ICH,Uttar Pradesh Circle
284301,284306,Agra NSH,Jhansi ICH,Uttar Pradesh Circle
284401,284406,Agra NSH,Jhansi ICH,Uttar Pradesh Circle
284419,284419,Agra NSH,Jhansi ICH,Uttar Pradesh Circle
284501,284501,Agra NSH,Jhansi ICH,Uttar Pradesh Circle
285001,285001,Agra NSH,Jhansi ICH,Uttar Pradesh Circle
285121,285130,Agra NSH,Jhansi ICH,Uttar Pradesh Circle
285201,285206,Agra NSH,Jhansi ICH,Uttar Pradesh Circle
285223,285223,Agra NSH,Jhansi ICH,Uttar Pradesh Circle
245206,245206,Ghaziabad NSH,Meerut Cantt RMS ICH,Uttar Pradesh Circle
250001,250005,Ghaziabad NSH,Meerut Cantt RMS ICH,Uttar Pradesh Circle
250101,250101,Ghaziabad NSH,Meerut Cantt RMS ICH,Uttar Pradesh Circle
250103,250104,Ghaziabad NSH,Meerut Cantt RMS ICH,Uttar Pradesh Circle
250106,250106,Ghaziabad NSH,Meerut Cantt RMS ICH,Uttar Pradesh Circle
250110,250110,Ghaziabad NSH,Meerut Cantt RMS ICH,Uttar Pradesh Circle
250205,250205,Ghaziabad NSH,Meerut Cantt RMS ICH,Uttar Pradesh Circle
250221,250223,Ghaziabad NSH,Meerut Cantt RMS ICH,Uttar Pradesh Circle
250341,250342,Ghaziabad NSH,Meerut Cantt RMS ICH,Uttar Pradesh Circle
250344,250345,Ghaziabad NSH,Meerut Cantt RMS ICH,Uttar Pradesh Circle
250401,250402,Ghaziabad NSH,Meerut Cantt RMS ICH,Uttar Pradesh Circle
250404,250404,Ghaziabad NSH,Meerut Cantt RMS ICH,Uttar Pradesh Circle
250406,250406,Ghaziabad NSH,Meerut Cantt RMS ICH,Uttar Pradesh Circle
250501,250502,Ghaziabad NSH,Meerut Cantt RMS ICH,Uttar Pradesh Circle
250601,250601,Ghaziabad NSH,Meerut Cantt RMS ICH,Uttar Pradesh Circle
250606,250606,Ghaziabad NSH,Meerut Cantt RMS ICH,Uttar Pradesh Circle
250609,250609,Ghaziabad NSH,Meerut Cantt RMS ICH,Uttar Pradesh Circle
250611,250611,Ghaziabad NSH,Meerut Cantt RMS ICH,Uttar Pradesh Circle
250615,250626,Ghaziabad NSH,Meerut Cantt RMS ICH,Uttar Pradesh Circle
251001,251002,Ghaziabad NSH,Muzaffarnagar ICH,Uttar Pradesh Circle
251003,251003,Ghaziabad NSH,Muzaffarnagar ICH,Uttar Pradesh Circle
232325,232341,Varanasi NSH,Varanasi NSH,Uttar Pradesh Circle
233001,233002,Varanasi NSH,Varanasi NSH,Uttar Pradesh Circle
233300,233311,Varanasi NSH,Varanasi NSH,Uttar Pradesh Circle
251201,251203,Ghaziabad NSH,Muzaffarnagar ICH,Uttar Pradesh Circle
251301,251301,Ghaziabad NSH,Muzaffarnagar ICH,Uttar Pradesh Circle
251305,251311,Ghaziabad NSH,Muzaffarnagar ICH,Uttar Pradesh Circle
251314,251320,Ghaziabad NSH,Muzaffarnagar ICH,Uttar Pradesh Circle
251327,251327,Ghaziabad NSH,Muzaffarnagar ICH,Uttar Pradesh Circle
247771,247778,Ghaziabad NSH,Najibabad ICH,Uttar Pradesh Circle
246701,246701,Ghaziabad NSH,Najibabad ICH,Uttar Pradesh Circle
246721,246729,Ghaziabad NSH,Najibabad ICH,Uttar Pradesh Circle
246731,246737,Ghaziabad NSH,Najibabad ICH,Uttar Pradesh Circle
246745,246747,Ghaziabad NSH,Najibabad ICH,Uttar Pradesh Circle
246749,246749,Ghaziabad NSH,Najibabad ICH,Uttar Pradesh Circle
246761,246762,Ghaziabad NSH,Najibabad ICH,Uttar Pradesh Circle
246763,246763,Ghaziabad NSH,Najibabad ICH,Uttar Pradesh Circle
246764,246764,Ghaziabad NSH,Najibabad ICH,Uttar Pradesh Circle
247001,247002,Ghaziabad NSH,Saharanpur ICH,Uttar Pradesh Circle
247120,247122,Ghaziabad NSH,Saharanpur ICH,Uttar Pradesh Circle
247129,247129,Ghaziabad NSH,Saharanpur ICH,Uttar Pradesh Circle
247231,247232,Ghaziabad NSH,Saharanpur ICH,Uttar Pradesh Circle
247340,247343,Ghaziabad NSH,Saharanpur ICH,Uttar Pradesh Circle
247451,247453,Ghaziabad NSH,Saharanpur ICH,Uttar Pradesh Circle
247551,247552,Ghaziabad NSH,Saharanpur ICH,Uttar Pradesh Circle
247554,247554,Ghaziabad NSH,Saharanpur ICH,Uttar Pradesh Circle
247662,247662,Ghaziabad NSH,Saharanpur ICH,Uttar Pradesh Circle
247669,247669,Ghaziabad NSH,Saharanpur ICH,Uttar Pradesh Circle
244001,244105,Ghaziabad NSH,Moradabad ICH,Uttar Pradesh Circle
244221,244223,Ghaziabad NSH,Moradabad ICH,Uttar Pradesh Circle
244225,244225,Ghaziabad NSH,Moradabad ICH,Uttar Pradesh Circle
244231,244231,Ghaziabad NSH,Moradabad ICH,Uttar Pradesh Circle
244235,244236,Ghaziabad NSH,Moradabad ICH,Uttar Pradesh Circle
244241,244242,Ghaziabad NSH,Moradabad ICH,Uttar Pradesh Circle
244245,244245,Ghaziabad NSH,Moradabad ICH,Uttar Pradesh Circle
244251,244251,Ghaziabad NSH,Moradabad ICH,Uttar Pradesh Circle
244255,244255,Ghaziabad NSH,Moradabad ICH,Uttar Pradesh Circle
244301,244304,Ghaziabad NSH,Moradabad ICH,Uttar Pradesh Circle
244401,244402,Ghaziabad NSH,Moradabad ICH,Uttar Pradesh Circle
244410,244415,Ghaziabad NSH,Moradabad ICH,Uttar Pradesh Circle
244501,244501,Ghaziabad NSH,Moradabad ICH,Uttar Pradesh Circle
244504,244504,Ghaziabad NSH,Moradabad ICH,Uttar Pradesh Circle
244601,244602,Ghaziabad NSH,Moradabad ICH,Uttar Pradesh Circle
244701,244701,Ghaziabad NSH,Moradabad ICH,Uttar Pradesh Circle
244901,244901,Ghaziabad NSH,Moradabad ICH,Uttar Pradesh Circle
244921,244928,Ghaziabad NSH,Moradabad ICH,Uttar Pradesh Circle
205001,205001,Kanpur NSH,Etawah ICH,Uttar Pradesh Circle
205119,205119,Kanpur NSH,Etawah ICH,Uttar Pradesh Circle
205121,205121,Kanpur NSH,Etawah ICH,Uttar Pradesh Circle
205126,205126,Kanpur NSH,Etawah ICH,Uttar Pradesh Circle
205130,205130,Kanpur NSH,Etawah ICH,Uttar Pradesh Circle
205135,205135,Kanpur NSH,Etawah ICH,Uttar Pradesh Circle
205141,205142,Kanpur NSH,Etawah ICH,Uttar Pradesh Circle
205145,205145,Kanpur NSH,Etawah ICH,Uttar Pradesh Circle
205147,205147,Kanpur NSH,Etawah ICH,Uttar Pradesh Circle
205151,205151,Kanpur NSH,Etawah ICH,Uttar Pradesh Circle
205247,205247,Kanpur NSH,Etawah ICH,Uttar Pradesh Circle
205261,205265,Kanpur NSH,Etawah ICH,Uttar Pradesh Circle
205267,205268,Kanpur NSH,Etawah ICH,Uttar Pradesh Circle
205301,205301,Kanpur NSH,Etawah ICH,Uttar Pradesh Circle
205302,205302,Kanpur NSH,Etawah ICH,Uttar Pradesh Circle
205303,205304,Kanpur NSH,Etawah ICH,Uttar Pradesh Circle
206001,206003,Kanpur NSH,Etawah ICH,Uttar Pradesh Circle
206120,206131,Kanpur NSH,Etawah ICH,Uttar Pradesh Circle
206151,206151,Kanpur NSH,Etawah ICH,Uttar Pradesh Circle
206241,206251,Kanpur NSH,Etawah ICH,Uttar Pradesh Circle
206252,206253,Kanpur NSH,Etawah ICH,Uttar Pradesh Circle
206255,206255,Kanpur NSH,Etawah ICH,Uttar Pradesh Circle
209501,209505,Kanpur NSH,Farrukhabad ICH,Uttar Pradesh Circle
209601,209602,Kanpur NSH,Farrukhabad ICH,Uttar Pradesh Circle
209621,209622,Kanpur NSH,Farrukhabad ICH,Uttar Pradesh Circle
209625,209625,Kanpur NSH,Farrukhabad ICH,Uttar Pradesh Circle
209651,209652,Kanpur NSH,Farrukhabad ICH,Uttar Pradesh Circle
209720,209729,Kanpur NSH,Farrukhabad ICH,Uttar Pradesh Circle
209731,209736,Kanpur NSH,Farrukhabad ICH,Uttar Pradesh Circle
209738,209739,Kanpur NSH,Farrukhabad ICH,Uttar Pradesh Circle
209743,209743,Kanpur NSH,Farrukhabad ICH,Uttar Pradesh Circle
209745,209745,Kanpur NSH,Farrukhabad ICH,Uttar Pradesh Circle
209747,209747,Kanpur NSH,Farrukhabad ICH,Uttar Pradesh Circle
209749,209749,Kanpur NSH,Farrukhabad ICH,Uttar Pradesh Circle
210001,210001,Kanpur NSH,Banda ICH,Uttar Pradesh Circle
210120,210122,Kanpur NSH,Banda ICH,Uttar Pradesh Circle
210123,210123,Kanpur NSH,Banda ICH,Uttar Pradesh Circle
210125,210126,Kanpur NSH,Banda ICH,Uttar Pradesh Circle
210128,210129,Kanpur NSH,Banda ICH,Uttar Pradesh Circle
210201,210203,Kanpur NSH,Banda ICH,Uttar Pradesh Circle
210204,210209,Kanpur NSH,Banda ICH,Uttar Pradesh Circle
210301,210301,Kanpur NSH,Banda ICH,Uttar Pradesh Circle
210341,210341,Kanpur NSH,Banda ICH,Uttar Pradesh Circle
210421,210433,Kanpur NSH,Banda ICH,Uttar Pradesh Circle
210501,210502,Kanpur NSH,Banda ICH,Uttar Pradesh Circle
210504,210507,Kanpur NSH,Banda ICH,Uttar Pradesh Circle
224001,224001,Lucknow NSH,Ayodhya ICH,Uttar Pradesh Circle
224116,224123,Lucknow NSH,Ayodhya ICH,Uttar Pradesh Circle
224125,224127,Lucknow NSH,Ayodhya ICH,Uttar Pradesh Circle
224129,224129,Lucknow NSH,Ayodhya ICH,Uttar Pradesh Circle
224132,224133,Lucknow NSH,Ayodhya ICH,Uttar Pradesh Circle
224135,224135,Lucknow NSH,Ayodhya ICH,Uttar Pradesh Circle
224137,224139,Lucknow NSH,Ayodhya ICH,Uttar Pradesh Circle
224141,224141,Lucknow NSH,Ayodhya ICH,Uttar Pradesh Circle
224143,224143,Lucknow NSH,Ayodhya ICH,Uttar Pradesh Circle
224145,224147,Lucknow NSH,Ayodhya ICH,Uttar Pradesh Circle
224149,224149,Lucknow NSH,Ayodhya ICH,Uttar Pradesh Circle
224151,224153,Lucknow NSH,Ayodhya ICH,Uttar Pradesh Circle
224155,224155,Lucknow NSH,Ayodhya ICH,Uttar Pradesh Circle
224157,224159,Lucknow NSH,Ayodhya ICH,Uttar Pradesh Circle
224161,224161,Lucknow NSH,Ayodhya ICH,Uttar Pradesh Circle
224164,224164,Lucknow NSH,Ayodhya ICH,Uttar Pradesh Circle
224168,224168,Lucknow NSH,Ayodhya ICH,Uttar Pradesh Circle
224171,224172,Lucknow NSH,Ayodhya ICH,Uttar Pradesh Circle
224176,224176,Lucknow NSH,Ayodhya ICH,Uttar Pradesh Circle
224181,224183,Lucknow NSH,Ayodhya ICH,Uttar Pradesh Circle
224186,224186,Lucknow NSH,Ayodhya ICH,Uttar Pradesh Circle
224188,224190,Lucknow NSH,Ayodhya ICH,Uttar Pradesh Circle
224195,224195,Lucknow NSH,Ayodhya ICH,Uttar Pradesh Circle
224201,224210,Lucknow NSH,Ayodhya ICH,Uttar Pradesh Circle
224225,224225,Lucknow NSH,Ayodhya ICH,Uttar Pradesh Circle
224227,224232,Lucknow NSH,Ayodhya ICH,Uttar Pradesh Circle
224234,224235,Lucknow NSH,Ayodhya ICH,Uttar Pradesh Circle
224284,224284,Lucknow NSH,Ayodhya ICH,Uttar Pradesh Circle
229001,229001,Lucknow NSH,Raebareli ICH,Uttar Pradesh Circle
229010,229010,Lucknow NSH,Raebareli ICH,Uttar Pradesh Circle
229103,229103,Lucknow NSH,Raebareli ICH,Uttar Pradesh Circle
229120,229120,Lucknow NSH,Raebareli ICH,Uttar Pradesh Circle
229121,229130,Lucknow NSH,Raebareli ICH,Uttar Pradesh Circle
229135,229135,Lucknow NSH,Raebareli ICH,Uttar Pradesh Circle
229201,229212,Lucknow NSH,Raebareli ICH,Uttar Pradesh Circle
229215,229216,Lucknow NSH,Raebareli ICH,Uttar Pradesh Circle
229301,229311,Lucknow NSH,Raebareli ICH,Uttar Pradesh Circle
229316,229316,Lucknow NSH,Raebareli ICH,Uttar Pradesh Circle
229401,229406,Lucknow NSH,Raebareli ICH,Uttar Pradesh Circle
229801,229802,Lucknow NSH,Raebareli ICH,Uttar Pradesh Circle
261001,261001,Lucknow NSH,Kheri ICH,Uttar Pradesh Circle
261121,261121,Lucknow NSH,Kheri ICH,Uttar Pradesh Circle
261125,261125,Lucknow NSH,Kheri ICH,Uttar Pradesh Circle
261131,261131,Lucknow NSH,Kheri ICH,Uttar Pradesh Circle
261135,261136,Lucknow NSH,Kheri ICH,Uttar Pradesh Circle
261141,261141,Lucknow NSH,Kheri ICH,Uttar Pradesh Circle
261145,261145,Lucknow NSH,Kheri ICH,Uttar Pradesh Circle
261151,261151,Lucknow NSH,Kheri ICH,Uttar Pradesh Circle
261201,261208,Lucknow NSH,Kheri ICH,Uttar Pradesh Circle
261401,261405,Lucknow NSH,Kheri ICH,Uttar Pradesh Circle
261501,261502,Lucknow NSH,Kheri ICH,Uttar Pradesh Circle
261505,261506,Lucknow NSH,Kheri ICH,Uttar Pradesh Circle
262701,262701,Lucknow NSH,Kheri ICH,Uttar Pradesh Circle
262702,262702,Lucknow NSH,Kheri ICH,Uttar Pradesh Circle
262721,262728,Lucknow NSH,Kheri ICH,Uttar Pradesh Circle
262801,262805,Lucknow NSH,Kheri ICH,Uttar Pradesh Circle
262901,262908,Lucknow NSH,Kheri ICH,Uttar Pradesh Circle
242001,242001,Lucknow NSH,Shahjahanpur ICH,Uttar Pradesh Circle
242042,242042,Lucknow NSH,Shahjahanpur ICH,Uttar Pradesh Circle
242123,242123,Lucknow NSH,Shahjahanpur ICH,Uttar Pradesh Circle
242127,242127,Lucknow NSH,Shahjahanpur ICH,Uttar Pradesh Circle
242220,242221,Lucknow NSH,Shahjahanpur ICH,Uttar Pradesh Circle
242223,242223,Lucknow NSH,Shahjahanpur ICH,Uttar Pradesh Circle
242226,242226,Lucknow NSH,Shahjahanpur ICH,Uttar Pradesh Circle
242301,242301,Lucknow NSH,Shahjahanpur ICH,Uttar Pradesh Circle
242303,242303,Lucknow NSH,Shahjahanpur ICH,Uttar Pradesh Circle
242305,242307,Lucknow NSH,Shahjahanpur ICH,Uttar Pradesh Circle
242401,242401,Lucknow NSH,Shahjahanpur ICH,Uttar Pradesh Circle
242405,242407,Lucknow NSH,Shahjahanpur ICH,Uttar Pradesh Circle
241001,241001,Lucknow NSH,Shahjahanpur ICH,Uttar Pradesh Circle
241121,241127,Lucknow NSH,Shahjahanpur ICH,Uttar Pradesh Circle
241201,241204,Lucknow NSH,Shahjahanpur ICH,Uttar Pradesh Circle
241301,241305,Lucknow NSH,Shahjahanpur ICH,Uttar Pradesh Circle
207001,207003,Lucknow NSH,Kasganj Rms ICH,Uttar Pradesh Circle
207120,207125,Lucknow NSH,Kasganj Rms ICH,Uttar Pradesh Circle
207241,207250,Lucknow NSH,Kasganj Rms ICH,Uttar Pradesh Circle
207301,207302,Lucknow NSH,Kasganj Rms ICH,Uttar Pradesh Circle
207401,207403,Lucknow NSH,Kasganj Rms ICH,Uttar Pradesh Circle
243001,243006,Lucknow NSH,Bareilly ICH,Uttar Pradesh Circle
243122,243123,Lucknow NSH,Bareilly ICH,Uttar Pradesh Circle
243126,243126,Lucknow NSH,Bareilly ICH,Uttar Pradesh Circle
243201,243203,Lucknow NSH,Bareilly ICH,Uttar Pradesh Circle
243301,243303,Lucknow NSH,Bareilly ICH,Uttar Pradesh Circle
243401,243403,Lucknow NSH,Bareilly ICH,Uttar Pradesh Circle
243407,243407,Lucknow NSH,Bareilly ICH,Uttar Pradesh Circle
243501,243506,Lucknow NSH,Bareilly ICH,Uttar Pradesh Circle
262406,262406,Lucknow NSH,Bareilly ICH,Uttar Pradesh Circle
262001,262001,Lucknow NSH,Bareilly ICH,Uttar Pradesh Circle
262121,262124,Lucknow NSH,Bareilly ICH,Uttar Pradesh Circle
262201,262203,Lucknow NSH,Bareilly ICH,Uttar Pradesh Circle
262302,262302,Lucknow NSH,Bareilly ICH,Uttar Pradesh Circle
262305,262305,Lucknow NSH,Bareilly ICH,Uttar Pradesh Circle
243601,243601,Lucknow NSH,Bareilly ICH,Uttar Pradesh Circle
243630,243639,Lucknow NSH,Bareilly ICH,Uttar Pradesh Circle
243641,243641,Lucknow NSH,Bareilly ICH,Uttar Pradesh Circle
243720,243720,Lucknow NSH,Bareilly ICH,Uttar Pradesh Circle
243722,243727,Lucknow NSH,Bareilly ICH,Uttar Pradesh Circle
243751,243751,Lucknow NSH,Bareilly ICH,Uttar Pradesh Circle
271001,271003,Lucknow NSH,Gonda ICH,Uttar Pradesh Circle
271122,271126,Lucknow NSH,Gonda ICH,Uttar Pradesh Circle
271129,271129,Lucknow NSH,Gonda ICH,Uttar Pradesh Circle
271201,271206,Lucknow NSH,Gonda ICH,Uttar Pradesh Circle
271207,271210,Lucknow NSH,Gonda ICH,Uttar Pradesh Circle
271212,271215,Lucknow NSH,Gonda ICH,Uttar Pradesh Circle
271301,271311,Lucknow NSH,Gonda ICH,Uttar Pradesh Circle
271312,271313,Lucknow NSH,Gonda ICH,Uttar Pradesh Circle
271319,271319,Lucknow NSH,Gonda ICH,Uttar Pradesh Circle
271401,271403,Lucknow NSH,Gonda ICH,Uttar Pradesh Circle
271502,271504,Lucknow NSH,Gonda ICH,Uttar Pradesh Circle
271601,271602,Lucknow NSH,Gonda ICH,Uttar Pradesh Circle
271603,271604,Lucknow NSH,Gonda ICH,Uttar Pradesh Circle
271607,271607,Lucknow NSH,Gonda ICH,Uttar Pradesh Circle
271609,271609,Lucknow NSH,Gonda ICH,Uttar Pradesh Circle
271801,271804,Lucknow NSH,Gonda ICH,Uttar Pradesh Circle
271805,271806,Lucknow NSH,Gonda ICH,Uttar Pradesh Circle
271821,271821,Lucknow NSH,Gonda ICH,Uttar Pradesh Circle
271824,271825,Lucknow NSH,Gonda ICH,Uttar Pradesh Circle
271830,271831,Lucknow NSH,Gonda ICH,Uttar Pradesh Circle
271835,271835,Lucknow NSH,Gonda ICH,Uttar Pradesh Circle
271840,271841,Lucknow NSH,Gonda ICH,Uttar Pradesh Circle
271845,271845,Lucknow NSH,Gonda ICH,Uttar Pradesh Circle
271851,271851,Lucknow NSH,Gonda ICH,Uttar Pradesh Circle
271855,271855,Lucknow NSH,Gonda ICH,Uttar Pradesh Circle
271861,271861,Lucknow NSH,Gonda ICH,Uttar Pradesh Circle
271865,271865,Lucknow NSH,Gonda ICH,Uttar Pradesh Circle
271870,271872,Lucknow NSH,Gonda ICH,Uttar Pradesh Circle
271875,271875,Lucknow NSH,Gonda ICH,Uttar Pradesh Circle
271881,271882,Lucknow NSH,Gonda ICH,Uttar Pradesh Circle
271885,271885,Lucknow NSH,Gonda ICH,Uttar Pradesh Circle
271901,271904,Lucknow NSH,Gonda ICH,Uttar Pradesh Circle
272001,272002,Lucknow NSH,Basti ICH,Uttar Pradesh Circle
272123,272131,Lucknow NSH,Basti ICH,Uttar Pradesh Circle
272148,272148,Lucknow NSH,Basti ICH,Uttar Pradesh Circle
272150,272155,Lucknow NSH,Basti ICH,Uttar Pradesh Circle
272161,272165,Lucknow NSH,Basti ICH,Uttar Pradesh Circle
272171,272173,Lucknow NSH,Basti ICH,Uttar Pradesh Circle
272175,272178,Lucknow NSH,Basti ICH,Uttar Pradesh Circle
272181,272182,Lucknow NSH,Basti ICH,Uttar Pradesh Circle
272189,272195,Lucknow NSH,Basti ICH,Uttar Pradesh Circle
272199,272199,Lucknow NSH,Basti ICH,Uttar Pradesh Circle
272201,272208,Lucknow NSH,Basti ICH,Uttar Pradesh Circle
272270,272271,Lucknow NSH,Basti ICH,Uttar Pradesh Circle
272301,272302,Lucknow NSH,Basti ICH,Uttar Pradesh Circle
273001,273017,Lucknow NSH,Gorakhpur ICH,Uttar Pradesh Circle
273151,273152,Lucknow NSH,Gorakhpur ICH,Uttar Pradesh Circle
273157,273165,Lucknow NSH,Gorakhpur ICH,Uttar Pradesh Circle
273201,273203,Lucknow NSH,Gorakhpur ICH,Uttar Pradesh Circle
273207,273207,Lucknow NSH,Gorakhpur ICH,Uttar Pradesh Circle
273209,273209,Lucknow NSH,Gorakhpur ICH,Uttar Pradesh Circle
273211,273213,Lucknow NSH,Gorakhpur ICH,Uttar Pradesh Circle
273301,273312,Lucknow NSH,Gorakhpur ICH,Uttar Pradesh Circle
273401,273413,Lucknow NSH,Gorakhpur ICH,Uttar Pradesh Circle
274001,274001,Lucknow NSH,Gorakhpur ICH,Uttar Pradesh Circle
274149,274149,Lucknow NSH,Gorakhpur ICH,Uttar Pradesh Circle
274182,274182,Lucknow NSH,Gorakhpur ICH,Uttar Pradesh Circle
274201,274208,Lucknow NSH,Gorakhpur ICH,Uttar Pradesh Circle
274301,274309,Lucknow NSH,Gorakhpur ICH,Uttar Pradesh Circle
274401,274409,Lucknow NSH,Gorakhpur ICH,Uttar Pradesh Circle
274501,274509,Lucknow NSH,Gorakhpur ICH,Uttar Pradesh Circle
274601,274604,Lucknow NSH,Gorakhpur ICH,Uttar Pradesh Circle
274701,274705,Lucknow NSH,Gorakhpur ICH,Uttar Pradesh Circle
274801,274808,Lucknow NSH,Gorakhpur ICH,Uttar Pradesh Circle
231001,231001,Prayagraj NSH,Mirzapur ICH,Uttar Pradesh Circle
231205,231213,Prayagraj NSH,Mirzapur ICH,Uttar Pradesh Circle
231215,231226,Prayagraj NSH,Mirzapur ICH,Uttar Pradesh Circle
231301,231307,Prayagraj NSH,Mirzapur ICH,Uttar Pradesh Circle
231308,231309,Prayagraj NSH,Mirzapur ICH,Uttar Pradesh Circle
231310,231314,Prayagraj NSH,Mirzapur ICH,Uttar Pradesh Circle
231501,231501,Prayagraj NSH,Mirzapur ICH,Uttar Pradesh Circle
222105,222181,Varanasi NSH,Jaunpur ICH,Uttar Pradesh Circle
223101,223105,Varanasi NSH,Jaunpur ICH,Uttar Pradesh Circle
221601,221603,Varanasi NSH,Mau ICH,Uttar Pradesh Circle
221701,221701,Varanasi NSH,Mau ICH,Uttar Pradesh Circle
221705,221706,Varanasi NSH,Mau ICH,Uttar Pradesh Circle
221709,221709,Varanasi NSH,Mau ICH,Uttar Pradesh Circle
221711,221713,Varanasi NSH,Mau ICH,Uttar Pradesh Circle
221715,221718,Varanasi NSH,Mau ICH,Uttar Pradesh Circle
223221,223227,Varanasi NSH,Mau ICH,Uttar Pradesh Circle
275101,275101,Varanasi NSH,Mau ICH,Uttar Pradesh Circle
222001,222004,Varanasi NSH,Jaunpur ICH,Uttar Pradesh Circle
222201,222205,Varanasi NSH,Jaunpur ICH,Uttar Pradesh Circle
275102,275103,Varanasi NSH,Mau ICH,Uttar Pradesh Circle
275105,275105,Varanasi NSH,Mau ICH,Uttar Pradesh Circle
275301,275307,Varanasi NSH,Mau ICH,Uttar Pradesh Circle
276001,276001,Varanasi NSH,Mau ICH,Uttar Pradesh Circle
276121,276129,Varanasi NSH,Mau ICH,Uttar Pradesh Circle
276131,276131,Varanasi NSH,Mau ICH,Uttar Pradesh Circle
276135,276143,Varanasi NSH,Mau ICH,Uttar Pradesh Circle
276201,276208,Varanasi NSH,Mau ICH,Uttar Pradesh Circle
276288,276288,Varanasi NSH,Mau ICH,Uttar Pradesh Circle
276402,276403,Varanasi NSH,Mau ICH,Uttar Pradesh Circle
276404,276406,Varanasi NSH,Mau ICH,Uttar Pradesh Circle
277001,277001,Varanasi NSH,Mau ICH,Uttar Pradesh Circle
277121,277121,Varanasi NSH,Mau ICH,Uttar Pradesh Circle
277123,277124,Varanasi NSH,Mau ICH,Uttar Pradesh Circle
277201,277205,Varanasi NSH,Mau ICH,Uttar Pradesh Circle
277207,277211,Varanasi NSH,Mau ICH,Uttar Pradesh Circle
277213,277214,Varanasi NSH,Mau ICH,Uttar Pradesh Circle
277216,277216,Varanasi NSH,Mau ICH,Uttar Pradesh Circle
277219,277219,Varanasi NSH,Mau ICH,Uttar Pradesh Circle
277301,277304,Varanasi NSH,Mau ICH,Uttar Pradesh Circle
277401,277403,Varanasi NSH,Mau ICH,Uttar Pradesh Circle
277501,277503,Varanasi NSH,Mau ICH,Uttar Pradesh Circle
277504,277504,Varanasi NSH,Mau ICH,Uttar Pradesh Circle
277506,277506,Varanasi NSH,Mau ICH,Uttar Pradesh Circle
700001,700057,Kolkata NSH,Kolkata NSH,West Bengal Circle
700058,700058,Kolkata NSH,Kolkata NSH,West Bengal Circle
700059,700095,Kolkata NSH,Kolkata NSH,West Bengal Circle
700096,700096,Kolkata NSH,Kolkata NSH,West Bengal Circle
700097,700097,Kolkata NSH,Kolkata NSH,West Bengal Circle
700099,700102,Kolkata NSH,Kolkata NSH,West Bengal Circle
700103,700104,Kolkata NSH,Kolkata NSH,West Bengal Circle
700105,700108,Kolkata NSH,Kolkata NSH,West Bengal Circle
700109,700128,Kolkata NSH,Kolkata NSH,West Bengal Circle
700129,700129,Kolkata NSH,Kolkata NSH,West Bengal Circle
700130,700130,Kolkata NSH,Kolkata NSH,West Bengal Circle
700131,700134,Kolkata NSH,Kolkata NSH,West Bengal Circle
700135,700155,Kolkata NSH,Kolkata NSH,West Bengal Circle
700156,700163,Kolkata NSH,Kolkata NSH,West Bengal Circle
741101,741103,Kolkata NSH,Ranaghat ICH,West Bengal Circle
741121,741127,Kolkata NSH,Ranaghat ICH,West Bengal Circle
741137,741140,Kolkata NSH,Ranaghat ICH,West Bengal Circle
741150,741167,Kolkata NSH,Ranaghat ICH,West Bengal Circle
741181,741181,Kolkata NSH,Ranaghat ICH,West Bengal Circle
741201,741202,Kolkata NSH,Ranaghat ICH,West Bengal Circle
741221,741223,Kolkata NSH,Ranaghat ICH,West Bengal Circle
741232,741232,Kolkata NSH,Ranaghat ICH,West Bengal Circle
741234,741235,Kolkata NSH,Ranaghat ICH,West Bengal Circle
741238,741238,Kolkata NSH,Ranaghat ICH,West Bengal Circle
741245,741257,Kolkata NSH,Ranaghat ICH,West Bengal Circle
741301,741302,Kolkata NSH,Ranaghat ICH,West Bengal Circle
741313,741313,Kolkata NSH,Ranaghat ICH,West Bengal Circle
741315,741317,Kolkata NSH,Ranaghat ICH,West Bengal Circle
741319,741319,Kolkata NSH,Ranaghat ICH,West Bengal Circle
741401,741402,Kolkata NSH,Ranaghat ICH,West Bengal Circle
741404,741404,Kolkata NSH,Ranaghat ICH,West Bengal Circle
741501,741509,Kolkata NSH,Ranaghat ICH,West Bengal Circle
743122,743130,Kolkata NSH,Sealdah ICH,West Bengal Circle
743133,743136,Kolkata NSH,Sealdah ICH,West Bengal Circle
743144,743145,Kolkata NSH,Sealdah ICH,West Bengal Circle
743193,743194,Kolkata NSH,Sealdah ICH,West Bengal Circle
743221,743223,Kolkata NSH,Sealdah ICH,West Bengal Circle
743232,743235,Kolkata NSH,Sealdah ICH,West Bengal Circle
743245,743249,Kolkata NSH,Sealdah ICH,West Bengal Circle
743251,743252,Kolkata NSH,Sealdah ICH,West Bengal Circle
743262,743263,Kolkata NSH,Sealdah ICH,West Bengal Circle
743268,743268,Kolkata NSH,Sealdah ICH,West Bengal Circle
743270,743273,Kolkata NSH,Sealdah ICH,West Bengal Circle
743286,743287,Kolkata NSH,Sealdah ICH,West Bengal Circle
743289,743294,Kolkata NSH,Sealdah ICH,West Bengal Circle
743297,743297,Kolkata NSH,Sealdah ICH,West Bengal Circle
743312,743312,Kolkata NSH,Sealdah ICH,West Bengal Circle
743318,743318,Kolkata NSH,Sealdah ICH,West Bengal Circle
743329,743332,Kolkata NSH,Sealdah ICH,West Bengal Circle
743336,743338,Kolkata NSH,Sealdah ICH,West Bengal Circle
743345,743345,Kolkata NSH,Sealdah ICH,West Bengal Circle
743347,743349,Kolkata NSH,Sealdah ICH,West Bengal Circle
743351,743351,Kolkata NSH,Sealdah ICH,West Bengal Circle
743354,743357,Kolkata NSH,Sealdah ICH,West Bengal Circle
743363,743363,Kolkata NSH,Sealdah ICH,West Bengal Circle
743368,743368,Kolkata NSH,Sealdah ICH,West Bengal Circle
743370,743378,Kolkata NSH,Sealdah ICH,West Bengal Circle
743383,743383,Kolkata NSH,Sealdah ICH,West Bengal Circle
743387,743387,Kolkata NSH,Sealdah ICH,West Bengal Circle
743395,743395,Kolkata NSH,Sealdah ICH,West Bengal Circle
743399,743399,Kolkata NSH,Sealdah ICH,West Bengal Circle
743401,743401,Kolkata NSH,Sealdah ICH,West Bengal Circle
743405,743405,Kolkata NSH,Sealdah ICH,West Bengal Circle
743411,743412,Kolkata NSH,Sealdah ICH,West Bengal Circle
743422,743429,Kolkata NSH,Sealdah ICH,West Bengal Circle
743435,743435,Kolkata NSH,Sealdah ICH,West Bengal Circle
743437,743439,Kolkata NSH,Sealdah ICH,West Bengal Circle
743442,743442,Kolkata NSH,Sealdah ICH,West Bengal Circle
743445,743446,Kolkata NSH,Sealdah ICH,West Bengal Circle
743456,743456,Kolkata NSH,Sealdah ICH,West Bengal Circle
743502,743504,Kolkata NSH,Sealdah ICH,West Bengal Circle
743513,743513,Kolkata NSH,Sealdah ICH,West Bengal Circle
743609,743611,Kolkata NSH,Sealdah ICH,West Bengal Circle
743613,743613,Kolkata NSH,Sealdah ICH,West Bengal Circle
743701,743702,Kolkata NSH,Sealdah ICH,West Bengal Circle
743704,743704,Kolkata NSH,Sealdah ICH,West Bengal Circle
743710,743711,Kolkata NSH,Sealdah ICH,West Bengal Circle
731101,731104,Kolkata NSH,Sainthia ICH,West Bengal Circle
731121,731121,Kolkata NSH,Sainthia ICH,West Bengal Circle
731123,731127,Kolkata NSH,Sainthia ICH,West Bengal Circle
731129,731130,Kolkata NSH,Sainthia ICH,West Bengal Circle
731132,731133,Kolkata NSH,Sainthia ICH,West Bengal Circle
731201,731202,Kolkata NSH,Sainthia ICH,West Bengal Circle
731204,731204,Kolkata NSH,Sainthia ICH,West Bengal Circle
731214,731216,Kolkata NSH,Sainthia ICH,West Bengal Circle
731218,731224,Kolkata NSH,Sainthia ICH,West Bengal Circle
731233,731238,Kolkata NSH,Sainthia ICH,West Bengal Circle
731240,731245,Kolkata NSH,Sainthia ICH,West Bengal Circle
731301,731304,Kolkata NSH,Sainthia ICH,West Bengal Circle
711101,711115,Kolkata NSH,Howrah ICH,West Bengal Circle
711201,711206,Kolkata NSH,Howrah ICH,West Bengal Circle
711225,711227,Kolkata NSH,Howrah ICH,West Bengal Circle
711301,711310,Kolkata NSH,Howrah ICH,West Bengal Circle
711312,711317,Kolkata NSH,Howrah ICH,West Bengal Circle
711322,711322,Kolkata NSH,Howrah ICH,West Bengal Circle
711331,711331,Kolkata NSH,Howrah ICH,West Bengal Circle
711401,711401,Kolkata NSH,Howrah ICH,West Bengal Circle
711403,711405,Kolkata NSH,Howrah ICH,West Bengal Circle
711408,711414,Kolkata NSH,Howrah ICH,West Bengal Circle
712101,712105,Kolkata NSH,Howrah ICH,West Bengal Circle
712121,712125,Kolkata NSH,Howrah ICH,West Bengal Circle
712134,712139,Kolkata NSH,Howrah ICH,West Bengal Circle
712146,712149,Kolkata NSH,Howrah ICH,West Bengal Circle
712152,712152,Kolkata NSH,Howrah ICH,West Bengal Circle
712201,712204,Kolkata NSH,Howrah ICH,West Bengal Circle
712221,712223,Kolkata NSH,Howrah ICH,West Bengal Circle
712232,712235,Kolkata NSH,Howrah ICH,West Bengal Circle
712245,712246,Kolkata NSH,Howrah ICH,West Bengal Circle
712248,712250,Kolkata NSH,Howrah ICH,West Bengal Circle
712258,712258,Kolkata NSH,Howrah ICH,West Bengal Circle
712291,712291,Kolkata NSH,Howrah ICH,West Bengal Circle
712301,712306,Kolkata NSH,Howrah ICH,West Bengal Circle
712308,712309,Kolkata NSH,Howrah ICH,West Bengal Circle
712310,712311,Kolkata NSH,Howrah ICH,West Bengal Circle
712401,712410,Kolkata NSH,Howrah ICH,West Bengal Circle
712412,712417,Kolkata NSH,Howrah ICH,West Bengal Circle
712501,712504,Kolkata NSH,Howrah ICH,West Bengal Circle
712512,712515,Kolkata NSH,Howrah ICH,West Bengal Circle
712601,712602,Kolkata NSH,Howrah ICH,West Bengal Circle
712611,712617,Kolkata NSH,Howrah ICH,West Bengal Circle
712701,712702,Kolkata NSH,Howrah ICH,West Bengal Circle
712706,712706,Kolkata NSH,Howrah ICH,West Bengal Circle
742101,742104,Kolkata NSH,Berhampore ICH,West Bengal Circle
742113,742113,Kolkata NSH,Berhampore ICH,West Bengal Circle
742121,742123,Kolkata NSH,Berhampore ICH,West Bengal Circle
742132,742138,Kolkata NSH,Berhampore ICH,West Bengal Circle
742140,742140,Kolkata NSH,Berhampore ICH,West Bengal Circle
742147,742149,Kolkata NSH,Berhampore ICH,West Bengal Circle
742151,742151,Kolkata NSH,Berhampore ICH,West Bengal Circle
742159,742161,Kolkata NSH,Berhampore ICH,West Bengal Circle
742163,742166,Kolkata NSH,Berhampore ICH,West Bengal Circle
742168,742168,Kolkata NSH,Berhampore ICH,West Bengal Circle
742174,742175,Kolkata NSH,Berhampore ICH,West Bengal Circle
742184,742184,Kolkata NSH,Berhampore ICH,West Bengal Circle
742187,742187,Kolkata NSH,Berhampore ICH,West Bengal Circle
742189,742189,Kolkata NSH,Berhampore ICH,West Bengal Circle
742201,742202,Kolkata NSH,Berhampore ICH,West Bengal Circle
742212,742213,Kolkata NSH,Berhampore ICH,West Bengal Circle
742223,742227,Kolkata NSH,Berhampore ICH,West Bengal Circle
742235,742238,Kolkata NSH,Berhampore ICH,West Bengal Circle
742301,742306,Kolkata NSH,Berhampore ICH,West Bengal Circle
742308,742308,Kolkata NSH,Berhampore ICH,West Bengal Circle
742401,742402,Kolkata NSH,Berhampore ICH,West Bengal Circle
742404,742410,Kolkata NSH,Berhampore ICH,West Bengal Circle
713101,713101,Kolkata NSH,Burdwan ICH,West Bengal Circle
713102,713102,Kolkata NSH,Burdwan ICH,West Bengal Circle
713103,713104,Kolkata NSH,Burdwan ICH,West Bengal Circle
713121,713132,Kolkata NSH,Burdwan ICH,West Bengal Circle
713140,713154,Kolkata NSH,Burdwan ICH,West Bengal Circle
713166,713166,Kolkata NSH,Burdwan ICH,West Bengal Circle
713201,713217,Kolkata NSH,Burdwan ICH,West Bengal Circle
713401,713401,Kolkata NSH,Burdwan ICH,West Bengal Circle
713403,713409,Kolkata NSH,Burdwan ICH,West Bengal Circle
713420,713424,Kolkata NSH,Burdwan ICH,West Bengal Circle
713426,713428,Kolkata NSH,Burdwan ICH,West Bengal Circle
713502,713502,Kolkata NSH,Burdwan ICH,West Bengal Circle
713512,713515,Kolkata NSH,Burdwan ICH,West Bengal Circle
713519,713520,Kolkata NSH,Burdwan ICH,West Bengal Circle
713301,713305,Kolkata NSH,Asansol ICH,West Bengal Circle
713315,713315,Kolkata NSH,Asansol ICH,West Bengal Circle
713321,713326,Kolkata NSH,Asansol ICH,West Bengal Circle
713330,713344,Kolkata NSH,Asansol ICH,West Bengal Circle
713346,713347,Kolkata NSH,Asansol ICH,West Bengal Circle
713357,713363,Kolkata NSH,Asansol ICH,West Bengal Circle
713365,713365,Kolkata NSH,Asansol ICH,West Bengal Circle
713369,713373,Kolkata NSH,Asansol ICH,West Bengal Circle
713376,713376,Kolkata NSH,Asansol ICH,West Bengal Circle
713378,713378,Kolkata NSH,Asansol ICH,West Bengal Circle
713381,713381,Kolkata NSH,Asansol ICH,West Bengal Circle
713384,713386,Kolkata NSH,Asansol ICH,West Bengal Circle
721101,721102,Kolkata NSH,Kharagpur ICH,West Bengal Circle
721121,721129,Kolkata NSH,Kharagpur ICH,West Bengal Circle
721131,721133,Kolkata NSH,Kharagpur ICH,West Bengal Circle
721135,721136,Kolkata NSH,Kharagpur ICH,West Bengal Circle
721140,721140,Kolkata NSH,Kharagpur ICH,West Bengal Circle
721143,721147,Kolkata NSH,Kharagpur ICH,West Bengal Circle
721149,721150,Kolkata NSH,Kharagpur ICH,West Bengal Circle
721155,721157,Kolkata NSH,Kharagpur ICH,West Bengal Circle
721159,721166,Kolkata NSH,Kharagpur ICH,West Bengal Circle
721201,721260,Kolkata NSH,Kharagpur ICH,West Bengal Circle
721301,721306,Kolkata NSH,Kharagpur ICH,West Bengal Circle
721400,721499,Kolkata NSH,Kharagpur ICH,West Bengal Circle
721500,721599,Kolkata NSH,Kharagpur ICH,West Bengal Circle
721130,721130,Kolkata NSH,Panskura ICH,West Bengal Circle
721134,721134,Kolkata NSH,Panskura ICH,West Bengal Circle
721137,721137,Kolkata NSH,Panskura ICH,West Bengal Circle
721139,721139,Kolkata NSH,Panskura ICH,West Bengal Circle
721148,721148,Kolkata NSH,Panskura ICH,West Bengal Circle
721151,721154,Kolkata NSH,Panskura ICH,West Bengal Circle
721158,721158,Kolkata NSH,Panskura ICH,West Bengal Circle
721171,721172,Kolkata NSH,Panskura ICH,West Bengal Circle
721600,721699,Kolkata NSH,Panskura ICH,West Bengal Circle
722101,722102,Kolkata NSH,Bankura ICH,West Bengal Circle
722121,722122,Kolkata NSH,Bankura ICH,West Bengal Circle
722132,722144,Kolkata NSH,Bankura ICH,West Bengal Circle
722146,722158,Kolkata NSH,Bankura ICH,West Bengal Circle
722160,722162,Kolkata NSH,Bankura ICH,West Bengal Circle
722164,722164,Kolkata NSH,Bankura ICH,West Bengal Circle
722173,722173,Kolkata NSH,Bankura ICH,West Bengal Circle
722176,722176,Kolkata NSH,Bankura ICH,West Bengal Circle
722183,722183,Kolkata NSH,Bankura ICH,West Bengal Circle
722201,722208,Kolkata NSH,Bankura ICH,West Bengal Circle
723101,723104,Kolkata NSH,Purulia ICH,West Bengal Circle
723121,723121,Kolkata NSH,Purulia ICH,West Bengal Circle
723126,723134,Kolkata NSH,Purulia ICH,West Bengal Circle
723142,723143,Kolkata NSH,Purulia ICH,West Bengal Circle
723145,723149,Kolkata NSH,Purulia ICH,West Bengal Circle
723151,723156,Kolkata NSH,Purulia ICH,West Bengal Circle
723201,723202,Kolkata NSH,Purulia ICH,West Bengal Circle
723212,723213,Kolkata NSH,Purulia ICH,West Bengal Circle
723215,723215,Kolkata NSH,Purulia ICH,West Bengal Circle
744101,744102,Kolkata NSH,Port Blair ICH,West Bengal Circle
744103,744103,Kolkata NSH,Port Blair ICH,West Bengal Circle
744104,744104,Kolkata NSH,Port Blair ICH,West Bengal Circle
744105,744105,Kolkata NSH,Port Blair ICH,West Bengal Circle
744106,744106,Kolkata NSH,Port Blair ICH,West Bengal Circle
744107,744107,Kolkata NSH,Port Blair ICH,West Bengal Circle
744112,744112,Kolkata NSH,Port Blair ICH,West Bengal Circle
744201,744207,Kolkata NSH,Port Blair ICH,West Bengal Circle
744209,744211,Kolkata NSH,Port Blair ICH,West Bengal Circle
744301,744304,Kolkata NSH,Port Blair ICH,West Bengal Circle
792000,792050,Guwahati NSH,Dibrugarh ICH,Assam Circle
792052,792060,Guwahati NSH,Dibrugarh ICH,Assam Circle
792062,792999,Guwahati NSH,Dibrugarh ICH,Assam Circle
788815,788817,Guwahati NSH,Silchar ICH,Assam Circle
788821,788829,Guwahati NSH,Silchar ICH,Assam Circle
788833,788930,Guwahati NSH,Silchar ICH,Assam Circle
803101,803108,Patna NSH,Patna NSH,Bihar Circle
854101,854104,Patna NSH,ICH KATIHAR,Bihar Circle
854106,854108,Patna NSH,ICH KATIHAR,Bihar Circle
490020,490020,Raipur NSH,Durg ICH,Chhattisgarh Circle
490021,490021,Raipur NSH,Durg ICH,Chhattisgarh Circle
490022,490022,Raipur NSH,Durg ICH,Chhattisgarh Circle
490023,491996,Raipur NSH,Durg ICH,Chhattisgarh Circle
194402,194999,New Delhi NSH,ICH Leh,Jammu and Kashmir Circle
180000,180000,Jammu NSH,Jammu NSH,Jammu and Kashmir Circle
185235,185999,Jammu NSH,Jammu NSH,Jammu and Kashmir Circle
193506,193999,Srinagar NSH,Srinagar NSH,Jammu and Kashmir Circle
122001,123999,NSH Gurgaon,NSH Gurgaon,Haryana Circle
126000,127999,Rohtak NSH,Rohtak NSH,Haryana Circle
574000,574999,Mangaluru NSH,Mangaluru NSH,Karnataka Circle
576001,576999,Mangaluru NSH,Mangaluru NSH,Karnataka Circle
577551,577599,Bengaluru NSH,DAVANAGERE ICH,Karnataka Circle
577116,577182,Bengaluru NSH,Arsikere ICH,Karnataka Circle
577211,577212,Bengaluru NSH,SHIVAMOGGA ICH,Karnataka Circle
577214,577214,Bengaluru NSH,SHIVAMOGGA ICH,Karnataka Circle
577216,577216,Bengaluru NSH,SHIVAMOGGA ICH,Karnataka Circle
577220,577220,Bengaluru NSH,SHIVAMOGGA ICH,Karnataka Circle
577222,577222,Bengaluru NSH,SHIVAMOGGA ICH,Karnataka Circle
583100,583200,Hubballi Dharwad NSH,Hosapete ICH,Karnataka Circle
583204,583210,Hubballi Dharwad NSH,Hosapete ICH,Karnataka Circle
583212,583224,Hubballi Dharwad NSH,Hosapete ICH,Karnataka Circle
583226,583299,Hubballi Dharwad NSH,Hosapete ICH,Karnataka Circle
441201,441204,Nagpur NSH,Nagpur NSH,Maharashtra Circle
743165,743166,Kolkata NSH,Sealdah ICH,West Bengal Circle
171102,171102,Ambala NSH,ICH KALKA,Himachal Pradesh Circle
173000,173101,Ambala NSH,ICH KALKA,Himachal Pradesh Circle
174000,174100,Ambala NSH,IC HUB MANDI,Himachal Pradesh Circle
174104,174299,Ambala NSH,IC HUB MANDI,Himachal Pradesh Circle
174310,174310,Ambala NSH,IC HUB MANDI,Himachal Pradesh Circle
175000,175001,Ambala NSH,IC HUB MANDI,Himachal Pradesh Circle
175002,175999,Ambala NSH,IC HUB MANDI,Himachal Pradesh Circle
176090,176090,Ambala NSH,IC HUB MANDI,Himachal Pradesh Circle
733201,733202,Siliguri NSH,Siliguri NSH,West Bengal Circle
733207,733210,Siliguri NSH,Siliguri NSH,West Bengal Circle
733215,733215,Siliguri NSH,Siliguri NSH,West Bengal Circle
734001,734001,Siliguri NSH,Siliguri NSH,West Bengal Circle
734002,734002,Siliguri NSH,Siliguri NSH,West Bengal Circle
734003,734007,Siliguri NSH,Siliguri NSH,West Bengal Circle
734008,734010,Siliguri NSH,Siliguri NSH,West Bengal Circle
734011,734012,Siliguri NSH,Siliguri NSH,West Bengal Circle
734013,734014,Siliguri NSH,Siliguri NSH,West Bengal Circle
734015,734015,Siliguri NSH,Siliguri NSH,West Bengal Circle
734091,734091,Siliguri NSH,Siliguri NSH,West Bengal Circle
734101,734105,Siliguri NSH,Siliguri NSH,West Bengal Circle
734201,734201,Siliguri NSH,Siliguri NSH,West Bengal Circle
734203,734204,Siliguri NSH,Siliguri NSH,West Bengal Circle
734209,734209,Siliguri NSH,Siliguri NSH,West Bengal Circle
734213,734218,Siliguri NSH,Siliguri NSH,West Bengal Circle
734220,734224,Siliguri NSH,Siliguri NSH,West Bengal Circle
734226,734226,Siliguri NSH,Siliguri NSH,West Bengal Circle
734301,734301,Siliguri NSH,Siliguri NSH,West Bengal Circle
734311,734316,Siliguri NSH,Siliguri NSH,West Bengal Circle
734421,734421,Siliguri NSH,Siliguri NSH,West Bengal Circle
734423,734427,Siliguri NSH,Siliguri NSH,West Bengal Circle
734429,734429,Siliguri NSH,Siliguri NSH,West Bengal Circle
734434,734434,Siliguri NSH,Siliguri NSH,West Bengal Circle
734501,734501,Siliguri NSH,Siliguri NSH,West Bengal Circle
734503,734503,Siliguri NSH,Siliguri NSH,West Bengal Circle
735101,735102,Siliguri NSH,Siliguri NSH,West Bengal Circle
735121,735122,Siliguri NSH,Siliguri NSH,West Bengal Circle
735132,735135,Siliguri NSH,Siliguri NSH,West Bengal Circle
735202,735234,Siliguri NSH,Siliguri NSH,West Bengal Circle
735301,735305,Siliguri NSH,Siliguri NSH,West Bengal Circle
736101,736101,Siliguri NSH,Siliguri NSH,West Bengal Circle
736121,736123,Siliguri NSH,Siliguri NSH,West Bengal Circle
736131,736131,Siliguri NSH,Siliguri NSH,West Bengal Circle
736133,736135,Siliguri NSH,Siliguri NSH,West Bengal Circle
736145,736146,Siliguri NSH,Siliguri NSH,West Bengal Circle
736156,736160,Siliguri NSH,Siliguri NSH,West Bengal Circle
736165,736165,Siliguri NSH,Siliguri NSH,West Bengal Circle
736167,736172,Siliguri NSH,Siliguri NSH,West Bengal Circle
736176,736176,Siliguri NSH,Siliguri NSH,West Bengal Circle
736179,736179,Siliguri NSH,Siliguri NSH,West Bengal Circle
736182,736182,Siliguri NSH,Siliguri NSH,West Bengal Circle
736201,736208,Siliguri NSH,Siliguri NSH,West Bengal Circle
736209,736209,Siliguri NSH,Siliguri NSH,West Bengal Circle
737101,737103,Siliguri NSH,Siliguri NSH,West Bengal Circle
737106,737107,Siliguri NSH,Siliguri NSH,West Bengal Circle
737111,737111,Siliguri NSH,Siliguri NSH,West Bengal Circle
737113,737113,Siliguri NSH,Siliguri NSH,West Bengal Circle
737116,737116,Siliguri NSH,Siliguri NSH,West Bengal Circle
737120,737121,Siliguri NSH,Siliguri NSH,West Bengal Circle
737126,737126,Siliguri NSH,Siliguri NSH,West Bengal Circle
737128,737128,Siliguri NSH,Siliguri NSH,West Bengal Circle
737131,737136,Siliguri NSH,Siliguri NSH,West Bengal Circle
737139,737139,Siliguri NSH,Siliguri NSH,West Bengal Circle
249124,249124,Dehradun NSH,Dehradun NSH,Uttarakhand Circle
249136,249137,Dehradun NSH,Dehradun NSH,Uttarakhand Circle
244720,244720,Dehradun NSH,Rudrapur ICH,Uttarakhand Circle
247658,247658,Dehradun NSH,Haridwar ICH,Uttarakhand Circle
249412,249412,Dehradun NSH,Haridwar ICH,Uttarakhand Circle
262550,262550,Dehradun NSH,Pithoragarh ICH,Uttarakhand Circle
303706,303706,Jaipur NSH,Jaipur NSH,Rajasthan Circle
303712,303712,Jaipur NSH,Jaipur NSH,Rajasthan Circle
303801,303801,Jaipur NSH,Jaipur NSH,Rajasthan Circle
303803,303803,Jaipur NSH,Jaipur NSH,Rajasthan Circle
303804,303807,Jaipur NSH,Jaipur NSH,Rajasthan Circle
303901,303901,Jaipur NSH,Jaipur NSH,Rajasthan Circle
303903,303905,Jaipur NSH,Jaipur NSH,Rajasthan Circle
303908,303908,Jaipur NSH,Jaipur NSH,Rajasthan Circle
342011,342011,JODHPUR NSH,JODHPUR NSH,Rajasthan Circle
306604,306604,Jaipur NSH,Ajmer ICH,Rajasthan Circle
312025,312025,Jaipur NSH,Ajmer ICH,Rajasthan Circle
312628,312629,Jaipur NSH,Ajmer ICH,Rajasthan Circle
313806,313806,Jaipur NSH,Udaipur ICH,Rajasthan Circle
323305,323305,Jaipur NSH,Kota ICH,Rajasthan Circle
327801,327801,Jaipur NSH,Udaipur ICH,Rajasthan Circle
333010,333010,Jaipur NSH,Sikar ICH,Rajasthan Circle
334025,334025,JODHPUR NSH,BIKANER ICH,Rajasthan Circle
341002,341003,JODHPUR NSH,BIKANER ICH,Rajasthan Circle
342028,342030,JODHPUR NSH,JODHPUR NSH,Rajasthan Circle
342032,342032,JODHPUR NSH,JODHPUR NSH,Rajasthan Circle
342306,342312,JODHPUR NSH,JODHPUR NSH,Rajasthan Circle
791003,791004,Guwahati NSH,Itanagar ICH,North Eastern Circle
791105,791105,Guwahati NSH,Itanagar ICH,North Eastern Circle
795007,795007,Guwahati NSH,Imphal ICH,North Eastern Circle
795009,795009,Guwahati NSH,Imphal ICH,North Eastern Circle
799266,799266,Guwahati NSH,Agartala ICH,North Eastern Circle
799282,799282,Guwahati NSH,Agartala ICH,North Eastern Circle
581237,581237,Hubballi Dharwad NSH,Hubballi Dharwad NSH,Karnataka Circle
577226,577227,Bengaluru NSH,SHIVAMOGGA ICH,Karnataka Circle
577232,577233,Bengaluru NSH,SHIVAMOGGA ICH,Karnataka Circle
577243,577243,Bengaluru NSH,SHIVAMOGGA ICH,Karnataka Circle
571190,571190,Bengaluru NSH,Mysuru ICH,Karnataka Circle
587331,587331,Hubballi Dharwad NSH,Bagalkot ICH,Karnataka Circle
171201,171226,Shimla NSH,Shimla NSH,Himachal Pradesh Circle
171301,171301,Shimla NSH,Shimla NSH,Himachal Pradesh Circle
176029,176033,Pathankot NSH,Pathankot NSH,Himachal Pradesh Circle
176036,176037,Pathankot NSH,Pathankot NSH,Himachal Pradesh Circle
176047,176047,Pathankot NSH,Pathankot NSH,Himachal Pradesh Circle
176052,176052,Pathankot NSH,Pathankot NSH,Himachal Pradesh Circle
176054,176054,Pathankot NSH,Pathankot NSH,Himachal Pradesh Circle
176059,176067,Pathankot NSH,Pathankot NSH,Himachal Pradesh Circle
176071,176071,Pathankot NSH,Pathankot NSH,Himachal Pradesh Circle
176073,176073,Pathankot NSH,Pathankot NSH,Himachal Pradesh Circle
176075,176077,Pathankot NSH,Pathankot NSH,Himachal Pradesh Circle
176081,176089,Pathankot NSH,Pathankot NSH,Himachal Pradesh Circle
176091,176098,Pathankot NSH,Pathankot NSH,Himachal Pradesh Circle
176101,176103,Pathankot NSH,Pathankot NSH,Himachal Pradesh Circle
176107,176107,Pathankot NSH,Pathankot NSH,Himachal Pradesh Circle
176115,176115,Pathankot NSH,Pathankot NSH,Himachal Pradesh Circle
176125,176125,Pathankot NSH,Pathankot NSH,Himachal Pradesh Circle
176128,176128,Pathankot NSH,Pathankot NSH,Himachal Pradesh Circle
176200,176211,Pathankot NSH,Pathankot NSH,Himachal Pradesh Circle
176214,176218,Pathankot NSH,Pathankot NSH,Himachal Pradesh Circle
176225,176225,Pathankot NSH,Pathankot NSH,Himachal Pradesh Circle
176301,176321,Pathankot NSH,Pathankot NSH,Himachal Pradesh Circle
176323,176326,Pathankot NSH,Pathankot NSH,Himachal Pradesh Circle
176330,176330,Pathankot NSH,Pathankot NSH,Himachal Pradesh Circle
176401,176403,Pathankot NSH,Pathankot NSH,Himachal Pradesh Circle
176501,176502,Pathankot NSH,Pathankot NSH,Himachal Pradesh Circle
177034,177034,Pathankot NSH,Pathankot NSH,Himachal Pradesh Circle
177043,177043,Pathankot NSH,Pathankot NSH,Himachal Pradesh Circle
177101,177101,Pathankot NSH,Pathankot NSH,Himachal Pradesh Circle
177103,177108,Pathankot NSH,Pathankot NSH,Himachal Pradesh Circle
177111,177114,Pathankot NSH,Pathankot NSH,Himachal Pradesh Circle
177117,177117,Pathankot NSH,Pathankot NSH,Himachal Pradesh Circle
732101,732103,Siliguri NSH,Malda ICH,West Bengal Circle
732121,732128,Siliguri NSH,Malda ICH,West Bengal Circle
732138,732142,Siliguri NSH,Malda ICH,West Bengal Circle
732144,732144,Siliguri NSH,Malda ICH,West Bengal Circle
732201,732210,Siliguri NSH,Malda ICH,West Bengal Circle
732215,732216,Siliguri NSH,Malda ICH,West Bengal Circle
733101,733103,Siliguri NSH,Malda ICH,West Bengal Circle
733121,733130,Siliguri NSH,Malda ICH,West Bengal Circle
733132,733134,Siliguri NSH,Malda ICH,West Bengal Circle
733139,733139,Siliguri NSH,Malda ICH,West Bengal Circle
733140,733143,Siliguri NSH,Malda ICH,West Bengal Circle
733145,733145,Siliguri NSH,Malda ICH,West Bengal Circle
733156,733156,Siliguri NSH,Malda ICH,West Bengal Circle
733158,733158,Siliguri NSH,Malda ICH,West Bengal Circle
148002,148002,Ludhiana NSH,Ludhiana NSH,Punjab Circle
148109,148109,Ludhiana NSH,Ludhiana NSH,Punjab Circle
140001,140001,Chandigarh NSH,Chandigarh NSH,Punjab Circle
152003,152003,Ludhiana NSH,Ferozepur ICH,Punjab Circle
152004,152004,Ludhiana NSH,Ferozepur ICH,Punjab Circle
152005,152005,Ludhiana NSH,Ferozepur ICH,Punjab Circle
143002,143002,Ludhiana NSH,Amritsar ICH,Punjab Circle
143005,143005,Ludhiana NSH,Amritsar ICH,Punjab Circle
321608,321609,Jaipur NSH,Jaipur NSH,Rajasthan Circle
321612,321613,Jaipur NSH,Jaipur NSH,Rajasthan Circle
322240,322240,Jaipur NSH,Jaipur NSH,Rajasthan Circle
422401,422401,Nashik Road NSH,Nashik Road NSH,Maharashtra Circle
441124,441124,Nagpur NSH,Nagpur NSH,Maharashtra Circle
442003,442003,Nagpur NSH,Nagpur NSH,Maharashtra Circle
442107,442107,Nagpur NSH,Nagpur NSH,Maharashtra Circle
442111,442111,Nagpur NSH,Nagpur NSH,Maharashtra Circle
401108,401108,Mumbai NSH,Mumbai NSH,Maharashtra Circle
401205,401206,Mumbai NSH,Mumbai NSH,Maharashtra Circle
401301,401301,Mumbai NSH,Mumbai NSH,Maharashtra Circle
401302,401302,Mumbai NSH,Mumbai NSH,Maharashtra Circle
416231,416231,Pune NSH,Kolhapur ICH,Maharashtra Circle
416527,416527,Pune NSH,Kolhapur ICH,Maharashtra Circle
431215,431215,Nashik Road NSH,Chhatrapati Sambhajinagar ICH,Maharashtra Circle
431543,431543,Nashik Road NSH,Parbhani ICH,Maharashtra Circle
431720,431720,Nashik Road NSH,Parbhani ICH,Maharashtra Circle
431721,431721,Nashik Road NSH,NANDED ICH,Maharashtra Circle
431722,431722,Nashik Road NSH,NANDED ICH,Maharashtra Circle
431723,431723,Nashik Road NSH,NANDED ICH,Maharashtra Circle
431724,431724,Nashik Road NSH,NANDED ICH,Maharashtra Circle
410205,410205,THANE NSH,Panvel ICH,Maharashtra Circle
842001,842003,Patna NSH,Muzaffarpur ICH,Bihar Circle
845437,845441,Patna NSH,ICH Motihari,Bihar Circle
845449,845454,Patna NSH,ICH Motihari,Bihar Circle
854109,854109,Patna NSH,ICH KATIHAR,Bihar Circle
801503,801503,Patna NSH,Patna NSH,Bihar Circle
801505,801507,Patna NSH,Patna NSH,Bihar Circle
802224,802224,Patna NSH,Patna NSH,Bihar Circle
805113,805114,Patna NSH,Kiul ICH,Bihar Circle
805132,805132,Patna NSH,Kiul ICH,Bihar Circle
805141,805142,Patna NSH,Kiul ICH,Bihar Circle
811306,811306,Patna NSH,Kiul ICH,Bihar Circle
843110,843110,Patna NSH,Patna NSH,Bihar Circle
843114,843114,Patna NSH,Patna NSH,Bihar Circle
452008,452008,Indore NSH,Indore NSH,Madhya Pradesh Circle
451114,451114,Indore NSH,KHANDWA ICH,Madhya Pradesh Circle
457111,457111,Indore NSH,Ratlam ICH,Madhya Pradesh Circle
473330,473330,Bhopal NSH,Guna ICH,Madhya Pradesh Circle
482007,482007,Bhopal NSH,Jabalpur ICH,Madhya Pradesh Circle
484881,484881,Bhopal NSH,Katni ICH,Madhya Pradesh Circle
530011,530015,Visakhapatnam NSH,Visakhapatnam NSH,Andhra Pradesh Circle
531040,531040,Visakhapatnam NSH,Visakhapatnam NSH,Andhra Pradesh Circle
534004,534006,Vijayawada NSH,Eluru ICH,Andhra Pradesh Circle
785675,785676,Guwahati NSH,Dibrugarh ICH,Assam Circle
782001,782004,Guwahati NSH,Nagaon ICH,Assam Circle
751035,751035,Bhubaneswar NSH,Bhubaneswar NSH,Odisha Circle
755062,755063,Bhubaneswar NSH,Jajpur Road ICH,Odisha Circle
623512,623519,Madurai NSH,Madurai NSH,Tamilnadu Circle
625520,625523,Madurai NSH,Madurai NSH,Tamilnadu Circle
603103,603103,Chennai NSH,Chennai NSH,Tamilnadu Circle
603112,603112,Chennai NSH,Chennai NSH,Tamilnadu Circle
626101,626110,Madurai NSH,Virudhunagar ICH,Tamilnadu Circle
627011,627012,Madurai NSH,Tirunelveli ICH,Tamilnadu Circle
627818,627818,Madurai NSH,Tirunelveli ICH,Tamilnadu Circle
627851,627862,Madurai NSH,Tirunelveli ICH,Tamilnadu Circle
627953,627953,Madurai NSH,Tirunelveli ICH,Tamilnadu Circle
627951,627951,Madurai NSH,Tirunelveli ICH,Tamilnadu Circle
628155,628155,Madurai NSH,Tuticorin ICH,Tamilnadu Circle
631001,631006,Chennai NSH,Vellore ICH,Tamilnadu Circle
631051,631052,Chennai NSH,Vellore ICH,Tamilnadu Circle
631101,631102,Chennai NSH,Vellore ICH,Tamilnadu Circle
631151,631152,Chennai NSH,Vellore ICH,Tamilnadu Circle
631201,631213,Chennai NSH,Vellore ICH,Tamilnadu Circle
631301,631304,Chennai NSH,Vellore ICH,Tamilnadu Circle
631402,631402,Chennai NSH,Vellore ICH,Tamilnadu Circle
631501,631503,Chennai NSH,Vellore ICH,Tamilnadu Circle
631551,631553,Chennai NSH,Vellore ICH,Tamilnadu Circle
631561,631561,Chennai NSH,Vellore ICH,Tamilnadu Circle
631601,631601,Chennai NSH,Vellore ICH,Tamilnadu Circle
631603,631606,Chennai NSH,Vellore ICH,Tamilnadu Circle
631701,631702,Chennai NSH,Vellore ICH,Tamilnadu Circle
632001,632002,Chennai NSH,Vellore ICH,Tamilnadu Circle
632004,632004,Chennai NSH,Vellore ICH,Tamilnadu Circle
632006,632009,Chennai NSH,Vellore ICH,Tamilnadu Circle
632010,632011,Chennai NSH,Vellore ICH,Tamilnadu Circle
632012,632014,Chennai NSH,Vellore ICH,Tamilnadu Circle
632055,632055,Chennai NSH,Vellore ICH,Tamilnadu Circle
632057,632059,Chennai NSH,Vellore ICH,Tamilnadu Circle
632101,632107,Chennai NSH,Vellore ICH,Tamilnadu Circle
632113,632115,Chennai NSH,Vellore ICH,Tamilnadu Circle
632201,632204,Chennai NSH,Vellore ICH,Tamilnadu Circle
632209,632209,Chennai NSH,Vellore ICH,Tamilnadu Circle
632301,632301,Chennai NSH,Vellore ICH,Tamilnadu Circle
632311,632319,Chennai NSH,Vellore ICH,Tamilnadu Circle
632326,632326,Chennai NSH,Vellore ICH,Tamilnadu Circle
632401,632401,Chennai NSH,Vellore ICH,Tamilnadu Circle
632403,632406,Chennai NSH,Vellore ICH,Tamilnadu Circle
632501,632521,Chennai NSH,Vellore ICH,Tamilnadu Circle
632531,632531,Chennai NSH,Vellore ICH,Tamilnadu Circle
632601,632604,Chennai NSH,Vellore ICH,Tamilnadu Circle
635001,635002,Chennai NSH,Jolarpettai ICH,Tamilnadu Circle
635101,635124,Chennai NSH,Jolarpettai ICH,Tamilnadu Circle
635126,635126,Chennai NSH,Jolarpettai ICH,Tamilnadu Circle
635130,635130,Chennai NSH,Jolarpettai ICH,Tamilnadu Circle
635203,635204,Chennai NSH,Jolarpettai ICH,Tamilnadu Circle
635206,635207,Chennai NSH,Jolarpettai ICH,Tamilnadu Circle
635304,635304,Chennai NSH,Jolarpettai ICH,Tamilnadu Circle
635306,635307,Chennai NSH,Jolarpettai ICH,Tamilnadu Circle
635601,635602,Chennai NSH,Jolarpettai ICH,Tamilnadu Circle
635651,635655,Chennai NSH,Jolarpettai ICH,Tamilnadu Circle
635701,635703,Chennai NSH,Jolarpettai ICH,Tamilnadu Circle
635710,635710,Chennai NSH,Jolarpettai ICH,Tamilnadu Circle
635751,635752,Chennai NSH,Jolarpettai ICH,Tamilnadu Circle
635754,635754,Chennai NSH,Jolarpettai ICH,Tamilnadu Circle
635801,635815,Chennai NSH,Jolarpettai ICH,Tamilnadu Circle
635851,635851,Chennai NSH,Jolarpettai ICH,Tamilnadu Circle
635852,635854,Chennai NSH,Jolarpettai ICH,Tamilnadu Circle
635901,635901,Chennai NSH,Jolarpettai ICH,Tamilnadu Circle
221011,221012,Varanasi NSH,Varanasi NSH,Uttar Pradesh Circle
221101,221101,Varanasi NSH,Varanasi NSH,Uttar Pradesh Circle
221103,221112,Varanasi NSH,Varanasi NSH,Uttar Pradesh Circle
221115,221116,Varanasi NSH,Varanasi NSH,Uttar Pradesh Circle
233221,233234,Varanasi NSH,Varanasi NSH,Uttar Pradesh Circle
201309,201320,Ghaziabad NSH,Ghaziabad NSH,Uttar Pradesh Circle
203135,203135,Ghaziabad NSH,Ghaziabad NSH,Uttar Pradesh Circle
203150,203150,Ghaziabad NSH,Ghaziabad NSH,Uttar Pradesh Circle
228125,228125,Lucknow NSH,Lucknow NSH,Uttar Pradesh Circle
273155,273155,Lucknow NSH,Gorakhpur ICH,Uttar Pradesh Circle
276301,276306,Varanasi NSH,Mau ICH,Uttar Pradesh Circle
261301,261304,Lucknow NSH,Kheri ICH,Uttar Pradesh Circle
224238,224239,Lucknow NSH,Ayodhya ICH,Uttar Pradesh Circle
241401,241407,Lucknow NSH,Shahjahanpur ICH,Uttar Pradesh Circle
606201,606209,Chennai NSH,Villupuram RMS  MIX,Tamilnadu Circle
900056,900056,1CBPO,1CBPO,APS CIRCLE
900099,900099,2CBPO,2CBPO,APS CIRCLE