Village,Pin,BO,SO,HO
34 BATALIAYAN,454001,JETAPURA BO,DHAR HO,DHAR HO
AABLIYA,454001,NALCHA BO,DHAR HO,DHAR HO
AADABEDA,454449,UMARBAN BO,DHARAMPURI SO,DHAR HO
Aadapath,454010,Jamanjhiri BO,MANDU SO,DHAR HO
AADESH NAGAR,455227,PREMGARH BO,BAGLI SO,DEWAS HO
AADI PATTI,455111,BALGARH BO,BALGARH SO,DEWAS HO
AAHU,454001,AHU BO,DHAR HO,DHAR HO
AAJAD CHOURAHA,454775,Pithampur SO,Pithampur SO,DHAR HO
AAKYA,455001,RAJODA,DEWAS HO ,DEWAS HO
AALI,454001,BAGDI BO,DHAR HO,DHAR HO
Aam kho,454010,Hedri BO,MANDU SO,DHAR HO
AAMELI,455336,GANORA BO,KHATEGAON SO,DEWAS HO
AAMKHEDA,454001,CHIKHLIYA BO,DHAR HO,DHAR HO
AAMKHEDI,455332,SONKHEDI BO,KANNOD SO,DEWAS HO
Aamkhodra,454116,Dhulet BO,RAJGARH SO,DHAR HO
AAMSI,454449,BOHARLA BO,DHARAMPURI SO,DHAR HO
AANANDPUR UNGRIYA,455001,SIYA,DEWAS HO ,DEWAS HO
AARYA,455332,KALWAR BO,KANNOD SO,DEWAS HO
aawli,454331,jogardi,KUKSHI SO,DHAR HO
Aaydabaydapura,454010,Kalibel Bo,MANDU SO,DHAR HO
ABADI,455440,SINGLADEH BO,KANTAPHOD SO,DEWAS HO
Abdulpura,454552,Tarapura BO,DHAMNOD SO,DHAR HO
ABHAYPUR,455118,BABAI BO,SONKUTCH SO,DEWAS HO
ACHANA,454774,KUWARSI BO,Pithampur III SO,DHAR HO
ACHARKUDA,454446,Balwarikhurd Bo,MANAWAR SO,DHAR HO
ACHHODA,454446,Karoli Bo,MANAWAR SO,DHAR HO
ACHLUKHEDI,455001,SINGAWADA,DEWAS HO ,DEWAS HO
"Achoda,",454446,Ekalwara Bo,MANAWAR SO,DHAR HO
ADVI,454001,SALKANPUR BO,DHAR HO,DHAR HO
Agar,454221,Kurdujeta Bo,BAGH SO,DHAR HO
AGARDA,455336,AJNAS BO,KHATEGAON SO,DEWAS HO
AGERA,455118,DOULATPUR BO,SONKUTCH SO,DEWAS HO
AGRA,455227,Pankunwa B.O,BAGLI SO,DEWAS HO
AGRI,455116,BALON,TONKKHURD SO,DEWAS HO
AGROD,455116,AGROD,TONKKHURD SO,DEWAS HO
AGRWAL COLONY,454775,Pithampur SO,Pithampur SO,DHAR HO
AGURLI,455227,Agurli BO,BAGLI SO,DEWAS HO
AHIRWAS,454449,KALIBAWDI BO,DHARAMPURI SO,DHAR HO
Ahmad,454116,Bhangarh BO,RAJGARH SO,DHAR HO
Ahmad,454116,Bhangarh BO,RAJGARH SO,DHAR HO
ajantar,454221,Dehri Bo,BAGH SO,DHAR HO
AJANYAKHEDI,454660,DELCHI BO,BADNAWAR SO,DHAR HO
ajgaon,454331,Padiyal,KUKSHI SO,DHAR HO
AJNAS,455336,AJNAS BO,KHATEGAON SO,DEWAS HO
AKALDUNA,454001,BIJUR BO,DHAR HO,DHAR HO
AKALYA,455001,AAGROD BO,DEWAS HO ,DEWAS HO
AKAVLYA,455339,MURJHAL BO,NEMAWAR SO,DEWAS HO
AKBARPUR,455221,DOUBLECHOWKI BO,KARNAWAD SO,DEWAS HO
akhada,454221,Akhada BO,BAGH SO,DHAR HO
AKHEPUR,455221,DOUBLECHOWKI BO,KARNAWAD SO,DEWAS HO
Akheriya,454552,Dhani BO,DHAMNOD SO,DHAR HO
akoda,454441,dhamnda,Amjhera So,DHAR HO
AKOLIYA,454774,Pithampur III SO,Pithampur III SO,DHAR HO
Akoliya,454111,BARMANDAL BO,SARDARPUR SO,DHAR HO
AKOLIYA,454001,TAJPUR BO,DHAR HO,DHAR HO
ALAWAPURA,454449,KALIBAWDI BO,DHARAMPURI SO,DHAR HO
ALAWPURA,454449,LUNHERA BUJURG BO,DHARAMPURI SO,DHAR HO
ALI,454331,ALI,KUKSHI SO,DHAR HO
ALIPUR,455001,KSHIPRA,DEWAS HO ,DEWAS HO
ALODA,454331,AMBADA,KUKSHI SO,DHAR HO
Amal jhumal,454331,Padiyal,KUKSHI SO,DHAR HO
AMAR SHAHID BHAGAT SINGH,455111,BALGARH BO,BALGARH SO,DEWAS HO
AMARPURA,455115,JAMGOD BO,BHORANSA SO,DEWAS HO
AMARPURA,455227,Chapda B.O,BAGLI SO,DEWAS HO
AMBADA,454331,AMBADA,KUKSHI SO,DHAR HO
AMBAJAR,455227,GURADIYAKALA BO,BAGLI SO,DEWAS HO
Ambajhiri,454010,KURADIA BO,MANDU SO,DHAR HO
ambakhodra,454335,Lohari Bo,NISHARPUR SO,DHAR HO
AMBAKUNDIYA,454001,SIYARI BO,DHAR HO,DHAR HO
AMBANAKA,454660,BAKHATGARH BO,BADNAWAR SO,DHAR HO
Ambanoriya,454116,Tirla BO,RAJGARH SO,DHAR HO
AMBAPANI,455227,RAJGARH BO,BAGLI SO,DEWAS HO
AMBAPURA,454446,Jamli Bo,MANAWAR SO,DHAR HO
AMBAPURA,454449,KALIBAWDI BO,DHARAMPURI SO,DHAR HO
Ambapura,454010,Kalibel Bo,MANDU SO,DHAR HO
AMBAPURA,454446,Khandlai Bo,MANAWAR SO,DHAR HO
AMBAPURA,454446,Kuwad Bo,MANAWAR SO,DHAR HO
AMBAPURA,454001,SALKANPUR BO,DHAR HO,DHAR HO
Ambapura,454552,Semalda BO,DHAMNOD SO,DHAR HO
AMBAPURA,454001,SULTANPUR BO,DHAR HO,DHAR HO
AMBAPURA,454001,TIRLA BO,DHAR HO,DHAR HO
ambasoti,454221,Ukala Bo,BAGH SO,DHAR HO
Amjhar,454116,Chanlimata BO,RAJGARH SO,DHAR HO
Amkundiya,454111,KHUTPALA BO,SARDARPUR SO,DHAR HO
amla,454441,keshvi,Amjhera So,DHAR HO
amlal,454331,Badda,KUKSHI SO,DHAR HO
AMLATAJ,455223,AMLATAJ BO,HATPIPLIYA SO,DEWAS HO
AMLATHA,454449,KOTHDA BO,DHARAMPURI SO,DHAR HO
AMLATHA,454449,ZIRVI BO,DHARAMPURI SO,DHAR HO
AMLAWATI,455001,BILAWALI BO,DEWAS HO ,DEWAS HO
AMLIYA BHERU,454001,TIRLA BO,DHAR HO,DHAR HO
AMLYAPANI,454446,Jeerabad Bo,MANAWAR SO,DHAR HO
AMODA,455332,BAHIRAWAD BO,KANNOD SO,DEWAS HO
Amodiya,454116,Dhulet BO,RAJGARH SO,DHAR HO
AMODIYA,454665,SEMLIYA ,KANWAN   SO ,DHAR HO
AMODIYA,455221,RAGHOGARH BO,KARNAWAD SO,DEWAS HO
AMODIYA,455227,SALKHETYA BO,BAGLI SO,DEWAS HO
AMONA,455116,AMONA,TONKKHURD SO,DEWAS HO
AMRIT PARK,455111,BALGARH BO,BALGARH SO,DEWAS HO
Anand Colony,454773,D.G Billod SO,D.G Billod SO,DHAR HO
ANANDKHEDI,454660,DELCHI BO,BADNAWAR SO,DHAR HO
ANANTPURAM,454001,JETAPURA BO,DHAR HO,DHAR HO
ANARAD,454001,ANARAD BO,DHAR HO,DHAR HO
ANARTHIYA,455001,KELOD BO,DEWAS HO ,DEWAS HO
Anda Gali,455223,HATPIPLIYA SO,HATPIPLIYA SO,DEWAS HO
ANDARWADI,455459,NANDANA BO,SATWAS SO,DEWAS HO
ANIRWAS COLONY,454449,KALIBAWDI BO,DHARAMPURI SO,DHAR HO
Anjanmal,454116,Taraghati Bo,RAJGARH SO,DHAR HO
ANJANPURA,455227,GOWADI BO,BAGLI SO,DEWAS HO
ANJERA,454446,Khod Bo,MANAWAR SO,DHAR HO
ANKHELI,455223,MAHUKHEDA BO,HATPIPLIYA SO,DEWAS HO
ANT,455001,BAIRAGARH BO,DEWAS HO ,DEWAS HO
ANTRAI,454001,KHEROD BO,DHAR HO,DHAR HO
ANTRAKODI,455221,RAGHOGARH BO,KARNAWAD SO,DEWAS HO
ANTRALIYA,455001,BAIRAGARH BO,DEWAS HO ,DEWAS HO
Anupura,454552,Tarapura BO,DHAMNOD SO,DHAR HO
Anwalipura,454010,Patadapura BO,MANDU SO,DHAR HO
anwar pura,455111,NAGDA BO,BALGARH SO,DEWAS HO
ANWLIA PIPLIA,455115,ANWLIA PIPLIA BO,BHORANSA SO,DEWAS HO
APPRAL PARK,454774,Pithampur III SO,Pithampur III SO,DHAR HO
Arada,454331,Gajgota,KUKSHI SO,DHAR HO
ARAVPURA,454446,Kuwad Bo,MANAWAR SO,DHAR HO
ARJUN NAGR,455111,BALGARH BO,BALGARH SO,DEWAS HO
ARLAWDA,455223,ARLAWDA BO,HATPIPLIYA SO,DEWAS HO
ARNIYA THIKANA,455116,EKLERA MATAJI,TONKKHURD SO,DEWAS HO
ASHARAKUND,454660,MULTHAN BO,BADNAWAR SO,DHAR HO
Ashok ganj,455223,HATPIPLIYA SO,HATPIPLIYA SO,DEWAS HO
ashpur,454331,kundara,KUKSHI SO,DHAR HO
ASHTVINAYAK NAGAR,455111,BALGARH BO,BALGARH SO,DEWAS HO
ASOLIYA VIHAR,454775,Pithampur SO,Pithampur SO,DHAR HO
ATARSUMA,454446,Jeerabad Bo,MANAWAR SO,DHAR HO
Attarsuma,454331,badwaniya,KUKSHI SO,DHAR HO
Avapura,454552,Dhani BO,DHAMNOD SO,DHAR HO
AVERSET SCHOOL,455111,BALGARH BO,BALGARH SO,DEWAS HO
AWASYAPURA,454449,KALIBAWDI BO,DHARAMPURI SO,DHAR HO
AWRAJSAHNI,455227,Syalkheda BO,BAGLI SO,DEWAS HO
BAAGANKHEDA,455332,BAAGANKHEDA BO,KANNOD SO,DEWAS HO
BAAMGARDI,455118,CHOUBARA JAGIR BO,SONKUTCH SO,DEWAS HO
BAAMNIKHURD,455332,BAAMNIKHURD BO,KANNOD SO,DEWAS HO
BAAPCHA,455339,KOLARI  BO,NEMAWAR SO,DEWAS HO
babli bujurg,454331,Badda,KUKSHI SO,DHAR HO
babli khurd,454331,Badda,KUKSHI SO,DHAR HO
BABRDA,454001,KHACHRODA BO,DHAR HO,DHAR HO
Bachdawada,454773,Digthan BO,D.G Billod SO,DHAR HO
Bachhanpur,454010,Bachhanpur BO,MANDU SO,DHAR HO
BACHHKHAAL,455339,KHAL BO,NEMAWAR SO,DEWAS HO
Bada Bheliya,454552,Gujri BO,DHAMNOD SO,DHAR HO
BADA KATHODIYA,454660,BALODA BO,BADNAWAR SO,DHAR HO
BADA MALSAPURA,455001,SIYA,DEWAS HO ,DEWAS HO
BADA PIPALIYA,455111,TIGARIYA GOGA BO,BALGARH SO,DEWAS HO
BADA UNDWA,454660,MULTHAN BO,BADNAWAR SO,DHAR HO
Badchapra,454773,Badchapra BO,D.G Billod SO,DHAR HO
badgoan,454335,Lohari Bo,NISHARPUR SO,DHAR HO
badgyar,454331,kapasi,KUKSHI SO,DHAR HO
BADI CHAURAHA,455227,Agurli BO,BAGLI SO,DEWAS HO
BADI CHHITRI,454449,KALIBAWDI BO,DHARAMPURI SO,DHAR HO
BADI CHURLAI,455115,BADI CHURLAI BO,BHORANSA SO,DEWAS HO
BADIJRAAD,455332,BAAMNIKHURD BO,KANNOD SO,DEWAS HO
BADIKHET,455332,ONKARA BO,KANNOD SO,DEWAS HO
"Badipura,",454446,Bilda Bo,MANAWAR SO,DHAR HO
BADIYA,454449,BOHARLA BO,DHARAMPURI SO,DHAR HO
BADIYA MANDU,455223,DEVGARH BO,HATPIPLIYA SO,DEWAS HO
BADIYA RAISAL,455223,AMLATAJ BO,HATPIPLIYA SO,DEWAS HO
badkach,454221,Nayawel Bo,BAGH SO,DHAR HO
BADKAN,455459,KITKHEDI BO,SATWAS SO,DEWAS HO
BADKHEDAPURA,454449,LUNHERA BUJURG BO,DHARAMPURI SO,DHAR HO
BADKIY TALAI,454660,BORDA BO,BADNAWAR SO,DHAR HO
BADLIPADA,454660,CHHAYAN BO,BADNAWAR SO,DHAR HO
BADLIPADA,454660,SANDLA BO,BADNAWAR SO,DHAR HO
BADLIPURA,454446,Bori Bo,MANAWAR SO,DHAR HO
Badlipura,454552,Dhani BO,DHAMNOD SO,DHAR HO
BADLIPURA,454001,MOHANPURA BO,DHAR HO,DHAR HO
badlipura kala,454441,keshvi,Amjhera So,DHAR HO
BADNAWAR,455336,RICCHI BO,KHATEGAON SO,DEWAS HO
BADODIYA,454665,BHATBAMANDA,KANWAN   SO ,DHAR HO
BADODIYA,454001,KOT BHIDOTA BO,DHAR HO,DHAR HO
BADODIYA INODRE,455116,LASUDIYA BRAHAMAN,TONKKHURD SO,DEWAS HO
BADOLI,455001,BAIRAGARH BO,DEWAS HO ,DEWAS HO
BADPIPLI,454001,PADLIYA BO,DHAR HO,DHAR HO
Badshah Colony,455223,HATPIPLIYA SO,HATPIPLIYA SO,DEWAS HO
BADVADYA KHURD,454660,BAKHATGARH BO,BADNAWAR SO,DHAR HO
BADWADIYA,454660,BAKHATGARH BO,BADNAWAR SO,DHAR HO
BADWAI,454665,BIDWAL,KANWAN   SO ,DHAR HO
badwaniya,454331,badwaniya,KUKSHI SO,DHAR HO
BAGAD.,454660,BAKHATGARH BO,BADNAWAR SO,DHAR HO
BAGADI,454449,PAGARA BO,DHARAMPURI SO,DHAR HO
BAGADIPURA,454449,LUNHERA BUJURG BO,DHARAMPURI SO,DHAR HO
BAGANA,455001,AAGROD BO,DEWAS HO ,DEWAS HO
Bagasa,454111,BARMANDAL BO,SARDARPUR SO,DHAR HO
BAGASAPADA,454665,GAJNOD,KANWAN   SO ,DHAR HO
BAGDA,455336,CHICHLI RAJOR BO,KHATEGAON SO,DEWAS HO
BAGDDA,455336,SUKARDI BO,KHATEGAON SO,DEWAS HO
BAGDI,454001,BAGDI BO,DHAR HO,DHAR HO
BAGDI TAJ,454001,KESUR BO,DHAR HO,DHAR HO
BAGDI TURK,454001,DEDLA BO,DHAR HO,DHAR HO
Bagdipura,454552,Sundrel BO,DHAMNOD SO,DHAR HO
BAGDIYA,454001,DEDLA BO,DHAR HO,DHAR HO
BAGDIYAPADA,454660,CHHAYAN BO,BADNAWAR SO,DHAR HO
BAGDUN,454774,MANDLAWADA BO,Pithampur III SO,DHAR HO
BAGGAD,454001,SADALPUR BO,DHAR HO,DHAR HO
BAGHELPURA,454446,Nagur Bo,MANAWAR SO,DHAR HO
baghpura,454221,Jamlabag Bo,BAGH SO,DHAR HO
Bagripura,455223,HATPIPLIYA SO,HATPIPLIYA SO,DEWAS HO
bagulsha,454331,susari,KUKSHI SO,DHAR HO
Bagwanya,454552,Semalda BO,DHAMNOD SO,DHAR HO
BAHIRAWAD,455332,BAHIRAWAD BO,KANNOD SO,DEWAS HO
BAIDIPURA,454446,Jotpur Bo,MANAWAR SO,DHAR HO
BAIJAGWADA,455459,BAIJAGWADA BO,SATWAS SO,DEWAS HO
BAIKHEDA,454449,LUNHERA BUJURG BO,DHARAMPURI SO,DHAR HO
BAILALI,454449,LUNHERA BUJURG BO,DHARAMPURI SO,DHAR HO
BAIRAGADH,454449,PAGARA BO,DHARAMPURI SO,DHAR HO
BAJEPUR,455001,AAGROD BO,DEWAS HO ,DEWAS HO
Bajrang chouraha,455223,HATPIPLIYA SO,HATPIPLIYA SO,DEWAS HO
BAJRANG NAGAR,454775,Pithampur SO,Pithampur SO,DHAR HO
Bajrangcolny,454773,Badchapra BO,D.G Billod SO,DHAR HO
BAJRANGGHAD,455440,DEHARI BO,KANTAPHOD SO,DEWAS HO
BAJRANGPURA,454449,KALIBAWDI BO,DHARAMPURI SO,DHAR HO
bajrikheda,454335,Kadmal Bo,NISHARPUR SO,DHAR HO
BAJWADA,455339,SAWASADA BO,NEMAWAR SO,DEWAS HO
BAKALIKHURD,454446,Bori Bo,MANAWAR SO,DHAR HO
Bakaner,454552,Gujri BO,DHAMNOD SO,DHAR HO
BAKANKHEDA,454001,BAGDI BO,DHAR HO,DHAR HO
baki,454221,Dehri Bo,BAGH SO,DHAR HO
baki,454221,Nayawel Bo,BAGH SO,DHAR HO
baki,454221,Tanda Bo,BAGH SO,DHAR HO
BAKLIKALA,454446,Bori Bo,MANAWAR SO,DHAR HO
"baklya,",454221,Ghatbori Bo,BAGH SO,DHAR HO
Baksana (unclear),454773,D.G Billod SO,D.G Billod SO,DHAR HO
BAKURLI,454001,BILODA BO,DHAR HO,DHAR HO
BALAGI DHAM COL,455111,BALGARH BO,BALGARH SO,DEWAS HO
BALAKHEDA,455116,GORWA,TONKKHURD SO,DEWAS HO
BALAKHEDA ROAD,455116,TONKKHURD ,TONKKHURD SO,DEWAS HO
BALAKHEDI,455001,NALESARA,DEWAS HO ,DEWAS HO
BALDI KHURD,454001,SIYARI BO,DHAR HO,DHAR HO
BALDIPURA,454001,TIRLA BO,DHAR HO,DHAR HO
baledi,454441,baledi bo,Amjhera So,DHAR HO
BALGARH CHOK,455111,BALGARH BO,BALGARH SO,DEWAS HO
Balipada,454116,Amba Bo,RAJGARH SO,DHAR HO
BALIPUR BUJURG,454449,KALIBAWDI BO,DHARAMPURI SO,DHAR HO
BALIPUR KHURD,454449,LUNHERA BUJURG BO,DHARAMPURI SO,DHAR HO
baloda,454441,dasai,Amjhera So,DHAR HO
BALODA,455001,RAJODA,DEWAS HO ,DEWAS HO
BALODA BUZURG,454001,KHEROD BO,DHAR HO,DHAR HO
BALON,455116,BALON,TONKKHURD SO,DEWAS HO
Balpura,454116,Timaichi BO,RAJGARH SO,DHAR HO
Balwada,454552,Khalghat BO,DHAMNOD SO,DHAR HO
BALWADA,455440,JINWANI BO,KANTAPHOD SO,DEWAS HO
Balwani,454331,Badda,KUKSHI SO,DHAR HO
BALWARI,454446,Balwarikhurd Bo,MANAWAR SO,DHAR HO
balwari,454221,Dehri Bo,BAGH SO,DHAR HO
bamanbaydi,454331,Talwadi,KUKSHI SO,DHAR HO
BAMANDAKALAN,454665,BAMANDAKALAN,KANWAN   SO ,DHAR HO
BAMANDAKHURD,454665,KHANDIGARA ,KANWAN   SO ,DHAR HO
BAMANGAON,455339,EKLERA BO,NEMAWAR SO,DEWAS HO
Bamaniyapada,454111,KHUTPALA BO,SARDARPUR SO,DHAR HO
BAMANIYARUNDI,454660,BAKHATGARH BO,BADNAWAR SO,DHAR HO
BAMANKHEDI,455227,MATMOR BO,BAGLI SO,DEWAS HO
Bamanpuri,454552,Tarapura BO,DHAMNOD SO,DHAR HO
BAMANSUTA,454660,PANCHAKWASA BO,BADNAWAR SO,DHAR HO
BAMNI,455223,AMLATAJ BO,HATPIPLIYA SO,DEWAS HO
BAMNIYANAKA,454660,BAKHATGARH BO,BADNAWAR SO,DHAR HO
BANASA,455459,DHANSHAD BO,SATWAS SO,DEWAS HO
Banda,454221,Pipariyapani Bo,BAGH SO,DHAR HO
bandedi,454441,bandedi ,Amjhera So,DHAR HO
BANDHAN BANK,454775,Pithampur SO,Pithampur SO,DHAR HO
BANDHAVA,454446,Latamali Bo,MANAWAR SO,DHAR HO
Bandi,455336,SUKARDI BO,KHATEGAON SO,DEWAS HO
Bandikhali,454116,Dhulet BO,RAJGARH SO,DHAR HO
Bandikhali,454111,FOOLGAADI BO,SARDARPUR SO,DHAR HO
Bandikhar,454552,Semalda BO,DHAMNOD SO,DHAR HO
BANEDIYA,454001,GUNAWAD BO,DHAR HO,DHAR HO
BANGALI COL,455111,BALGARH BO,BALGARH SO,DEWAS HO
BANGARDA,455001,BANGARDA BO,DEWAS HO ,DEWAS HO
Bangla,454010,Bachhanpur BO,MANDU SO,DHAR HO
BANGRODI,454001,NALCHA BO,DHAR HO,DHAR HO
Bani,454111,KHUTPALA BO,SARDARPUR SO,DHAR HO
BANJARI,454446,Kuwad Bo,MANAWAR SO,DHAR HO
BANJARI,454446,Kuwad Bo,MANAWAR SO,DHAR HO
BANJARI,454449,LUNHERA BUJURG BO,DHARAMPURI SO,DHAR HO
banjari,454552,Semalda BO,DHAMNOD SO,DHAR HO
Banjari,454010,Talwada BO,MANDU SO,DHAR HO
BANJARI,455221,PATADI BO,KARNAWAD SO,DEWAS HO
BANJARI,455459,MOHAI JAGIR BO,SATWAS SO,DEWAS HO
Banjaripura,454010,Patadapura BO,MANDU SO,DHAR HO
BANK OF BARODA / SHRIRAM FIANCE,454775,Pithampur SO,Pithampur SO,DHAR HO
BANK OF INDIA,454775,Pithampur SO,Pithampur SO,DHAR HO
BAPCHA,455459,MOHAI JAGIR BO,SATWAS SO,DEWAS HO
Bapdud,454446,Balipur Bo,MANAWAR SO,DHAR HO
Barad,454116,Narwali BO,RAJGARH SO,DHAR HO
BARALYA,455332,BAHIRAWAD BO,KANNOD SO,DEWAS HO
Baramkhedi,454111,BARMANDAL BO,SARDARPUR SO,DHAR HO
BARAY,455221,CHOUBAPIPLIYA BO,KARNAWAD SO,DEWAS HO
BARBAI,455336,CHANDWANA BO,KHATEGAON SO,DEWAS HO
BARBAIKHEDA,455336,CHANDWANA BO,KHATEGAON SO,DEWAS HO
Barda,454331,Badda,KUKSHI SO,DHAR HO
Barda Punarvas,454446,Barda Bo,MANAWAR SO,DHAR HO
BARDARI,454774,Pithampur III SO,Pithampur III SO,DHAR HO
BARDI,454446,Balwarikhurd Bo,MANAWAR SO,DHAR HO
Bardi,455336,PIPALKOTA BO,KHATEGAON SO,DEWAS HO
BARDU,455116,JAMONIYA,TONKKHURD SO,DEWAS HO
Baripura,454010,Kalibel Bo,MANDU SO,DHAR HO
BARIYAPURA,454446,Kuwad Bo,MANAWAR SO,DHAR HO
BARIYAPURA,455227,BORPADAW BO,BAGLI SO,DEWAS HO
BARJHAI,455227,SALKHETYA BO,BAGLI SO,DEWAS HO
BARKHEDA,455001,CHIDAWAD BO,DEWAS HO ,DEWAS HO
BARKHEDA,455001,RAJODA,DEWAS HO ,DEWAS HO
BARKHEDA KAYAM,455001,VIJAYGANJ MANDI,DEWAS HO ,DEWAS HO
BARKHEDA LAD,455223,DEVGARH BO,HATPIPLIYA SO,DEWAS HO
BARKHEDI,455001,RAJODA,DEWAS HO ,DEWAS HO
BARKHEDI,455332,VIKARMPUR BO,KANNOD SO,DEWAS HO
BARKHEDI MAN,455001,VIJAYGANJ MANDI,DEWAS HO ,DEWAS HO
BARKHO,454446,Latamali Bo,MANAWAR SO,DHAR HO
"Barkhodra,",454446,Awaldaman Bo,MANAWAR SO,DHAR HO
BARNASA,454001,PALWADA BO,DHAR HO,DHAR HO
BAROD PIPLYA,455001,MARETHI,DEWAS HO ,DEWAS HO
Baroda,454010,Billodakhurd BO,MANDU SO,DHAR HO
BAROLI,455118,POLAY JAGIR BO,SONKUTCH SO,DEWAS HO
BAROLI,455223,TAPPA SHUKLIYA BO,HATPIPLIYA SO,DEWAS HO
BAROLI,455221,RAGHOGARH BO,KARNAWAD SO,DEWAS HO
BAROTHA,455001,BAROTHA BO,DEWAS HO ,DEWAS HO
BASAMGRAH,454446,Anjanai Bo,MANAWAR SO,DHAR HO
Baslai,454111,BARMANDAL BO,SARDARPUR SO,DHAR HO
BASLAI,454660,RUNI BO,BADNAWAR SO,DHAR HO
Basvi,454552,Balwari BO,DHAMNOD SO,DHAR HO
BATHKHEDA,455459,NANDANA BO,SATWAS SO,DEWAS HO
BAVADIKHEDA,455227,SEMLINARWADA BO,BAGLI SO,DEWAS HO
BAVDIPURA,454001,KESUR BO,DHAR HO,DHAR HO
Bavdipura,454010,KURADIA BO,MANDU SO,DHAR HO
BAVDIYA,454660,BAKHATGARH BO,BADNAWAR SO,DHAR HO
Bavdiya,454221,Pipariyapani Bo,BAGH SO,DHAR HO
BAVLIYA,455221,DEHRIYA SAHU BO,KARNAWAD SO,DEWAS HO
BAWADIKHEDA,455332,BAAMNIKHURD BO,KANNOD SO,DEWAS HO
BAWDIPURA,454449,KALIBAWDI BO,DHARAMPURI SO,DHAR HO
Bawdipura,454010,Sarai BO,MANDU SO,DHAR HO
BAWDIYA,455118,GARH KHAJURIA BO,SONKUTCH SO,DEWAS HO
BAYDAPURA,454001,LABRAWADA BO,DHAR HO,DHAR HO
BAYDI,454446,Jeerabad Bo,MANAWAR SO,DHAR HO
BAYDIPURA,454449,KALIBAWDI BO,DHARAMPURI SO,DHAR HO
BAYDIPURA,454446,Khandlai Bo,MANAWAR SO,DHAR HO
BAYDIPURA,454449,LUNHERA BUJURG BO,DHARAMPURI SO,DHAR HO
BAYDIPURA,454449,PAGARA BO,DHARAMPURI SO,DHAR HO
BAYDIPURA,454449,PAGARA BO,DHARAMPURI SO,DHAR HO
BAYDIPURA,454449,PAGARA BO,DHARAMPURI SO,DHAR HO
BAYDIPURA,454449,PIPALDAGADHI BO,DHARAMPURI SO,DHAR HO
BAYDIPURA,454446,Pipli Bo,MANAWAR SO,DHAR HO
BAYDIPURA,454446,Rantalav Bo,MANAWAR SO,DHAR HO
BAYDIPURA,454446,Rantalav Bo,MANAWAR SO,DHAR HO
Baydipura,454010,Talwada BO,MANDU SO,DHAR HO
BAYDIPURA,454449,ZIRVI BO,DHARAMPURI SO,DHAR HO
BAYDIPURA,454449,ZIRVI BO,DHARAMPURI SO,DHAR HO
BAYHDIPURA,454449,PAGARA BO,DHARAMPURI SO,DHAR HO
BAYKHEDA,454001,UTAWAD BO,DHAR HO,DHAR HO
BBENCHKUA,454449,SAKALDA BO,DHARAMPURI SO,DHAR HO
Bedagird,454010,Billodakhurd BO,MANDU SO,DHAR HO
BEDAKHAL,455459,BHAMER BO,SATWAS SO,DEWAS HO
BEDAKHAL,455459,BAIJAGWADA BO,SATWAS SO,DEWAS HO
BEDAMAU,455227,Agurli BO,BAGLI SO,DEWAS HO
Bedawala,454116,Kanjrota Bo,RAJGARH SO,DHAR HO
Bedawliya,454335,Lingawa Bo,NISHARPUR SO,DHAR HO
BEDGAON,455440,BEDGAON BO,KANTAPHOD SO,DEWAS HO
BEDIPURA,454449,KALIBAWDI BO,DHARAMPURI SO,DHAR HO
BEDIPURA,454449,UMARBAN BO,DHARAMPURI SO,DHAR HO
BEDIYAPURA,454449,BOHARLA BO,DHARAMPURI SO,DHAR HO
BEDIYAPURA,454449,BOHARLA BO,DHARAMPURI SO,DHAR HO
BEDIYAPURA,454449,KALIBAWDI BO,DHARAMPURI SO,DHAR HO
Bedwapura,454010,Bedwapura BO,MANDU SO,DHAR HO
BEED,454665,BHATBAMANDA,KANWAN   SO ,DHAR HO
BEEJAPUR,455339,EKLERA BO,NEMAWAR SO,DEWAS HO
Beganda,454552,Dahiwar BO,DHAMNOD SO,DHAR HO
BEGANDA,454660,DHAMAMA BO,BADNAWAR SO,DHAR HO
BEHDI,455339,SANDALPUR BO,NEMAWAR SO,DEWAS HO
Bekliya,454010,Jamanjhiri BO,MANDU SO,DHAR HO
BELKHA,455339,KHAL BO,NEMAWAR SO,DEWAS HO
Belpura,454116,Tirla BO,RAJGARH SO,DHAR HO
Benkpura,454552,Semalda BO,DHAMNOD SO,DHAR HO
BERAGADA,455440,GODNA BO,KANTAPHOD SO,DEWAS HO
BERAKHEDI,455118,GANDHARVPURI BO,SONKUTCH SO,DEWAS HO
BERCHA,454001,BILODA BO,DHAR HO,DHAR HO
Berughatipura,454010,Bedwapura BO,MANDU SO,DHAR HO
BEYDIPURA,454449,KALIBAWDI BO,DHARAMPURI SO,DHAR HO
BHADARPURA,455440,SUNDREL BO,KANTAPHOD SO,DEWAS HO
Bhadkya,454010,KURADIA BO,MANDU SO,DHAR HO
BHADWA,455440,SUNDREL BO,KANTAPHOD SO,DEWAS HO
BHAGAPADA,454660,DOTRYA BO ,BADNAWAR SO,DHAR HO
BHAGATPURA,454660,DOTRYA BO ,BADNAWAR SO,DHAR HO
Bhagawa,454331,Dahi,KUKSHI SO,DHAR HO
Bhagliya,454010,Jamanjhiri BO,MANDU SO,DHAR HO
Bhagoli,454116,Narwali BO,RAJGARH SO,DHAR HO
Bhagora,454773,D.G Billod SO,D.G Billod SO,DHAR HO
BHAGSARA,455118,SONKUTCH SO,SONKUTCH SO,DEWAS HO
"Bhagwanpura,",454446,Bakaner Bo,MANAWAR SO,DHAR HO
BHAHADAR,454446,Kuwad Bo,MANAWAR SO,DHAR HO
BHAIDIPURA,455227,PREMGARH BO,BAGLI SO,DEWAS HO
BHAIRVA CHAL,455111,BALGARH BO,BALGARH SO,DEWAS HO
BHAIRWAKHEDI,455001,CHIDAWAD BO,DEWAS HO ,DEWAS HO
Bhaisakho,454552,Bharudpura BO,DHAMNOD SO,DHAR HO
BHAIYDIYAPURA,454449,ZIRVI BO,DHARAMPURI SO,DHAR HO
BHAKYARUNDI,454660,BORDA BO,BADNAWAR SO,DHAR HO
BHALAI KALA,455115,SADIKHEDA BO,BHORANSA SO,DEWAS HO
BHALAI KHURD,455115,SADIKHEDA BO,BHORANSA SO,DEWAS HO
BHAMAKHEDA,454660,BAKHATGARH BO,BADNAWAR SO,DHAR HO
Bhamariya,454111,JOLANA BO,SARDARPUR SO,DHAR HO
BHAMKHEDI,454665,SEMLIYA ,KANWAN   SO ,DHAR HO
BHAMLAWAD,454449,UMARBAN BO,DHARAMPURI SO,DHAR HO
bhamori,454221,Bhandaniya Bo,BAGH SO,DHAR HO
BHAMORI,454449,BOHARLA BO,DHARAMPURI SO,DHAR HO
BHAMORI,454446,Panwa Bo,MANAWAR SO,DHAR HO
BHAMORI,455227,Bhamori BO,BAGLI SO,DEWAS HO
BHAMRIYAPADA,454660,TILGARA BO,BADNAWAR SO,DHAR HO
Bhandakho,454552,Bharudpura BO,DHAMNOD SO,DHAR HO
BHANDARIYA,455336,BHANDARIYA BO,KHATEGAON SO,DEWAS HO
BHANDARIYAPURA,454449,PAGARA BO,DHARAMPURI SO,DHAR HO
BHANDARIYAPURA,454449,PAGARA BO,DHARAMPURI SO,DHAR HO
Bhandhaniya,454221,Bhandaniya Bo,BAGH SO,DHAR HO
BHANDIYANAAL,454660,MULTHAN BO,BADNAWAR SO,DHAR HO
Bhanmal,454116,Taraghati Bo,RAJGARH SO,DHAR HO
BHANOLI DHABALA,455001,SALAMKHEDI,DEWAS HO ,DEWAS HO
BHANPURA,454449,BOHARLA BO,DHARAMPURI SO,DHAR HO
BHANVARDA,455223,TAPPA SHUKLIYA BO,HATPIPLIYA SO,DEWAS HO
BHANWARA,455001,PADLIYA BO,DEWAS HO ,DEWAS HO
BHANWRAPURA,454449,LUNHERA BUJURG BO,DHARAMPURI SO,DHAR HO
bharadpur,454331,susari,KUKSHI SO,DHAR HO
BHARAPATHAR,454001,NAGDA BO,DHAR HO,DHAR HO
BHARARUNDI,454660,SANDLA BO,BADNAWAR SO,DHAR HO
BHARATGARH,454660,BAKHATGARH BO,BADNAWAR SO,DHAR HO
bharawda,454441,sagwal,Amjhera So,DHAR HO
BHARBHUJI,454660,BORDA BO,BADNAWAR SO,DHAR HO
Bhashkarnagar,454116,Jolana BO,RAJGARH SO,DHAR HO
Bhaskarnagar,454111,JOLANA BO,SARDARPUR SO,DHAR HO
BHATASA,455336,AJNAS BO,KHATEGAON SO,DEWAS HO
BHATBAYDE,455459,BAIJAGWADA BO,SATWAS SO,DEWAS HO
Bhatiyabadli,454116,Dattigaon BO,RAJGARH SO,DHAR HO
BHATIYAPURA,454449,ZIRVI BO,DHARAMPURI SO,DHAR HO
BHATKHARELI,454665,BHATBAMANDA,KANWAN   SO ,DHAR HO
BHATKHEDI,455115,KHOKRIYA BO,BHORANSA SO,DEWAS HO
BHATKUND,455118,CHOUBARA JAGIR BO,SONKUTCH SO,DEWAS HO
BHATUNI,455223,LIMBODA,HATPIPLIYA SO,DEWAS HO
BHATUNI PARMAR,455001,AALRI BO,DEWAS HO ,DEWAS HO
bhatyari,454221,Kanheri bhatyari Bo,BAGH SO,DHAR HO
BHAVRAS,455339,SANDALPUR BO,NEMAWAR SO,DEWAS HO
Bhawaniya khurd,454552,Bhawaniya bujurg  BO,DHAMNOD SO,DHAR HO
Bhawantalai,454552,Gujri BO,DHAMNOD SO,DHAR HO
BHAWARAS,455336,SUKARDI BO,KHATEGAON SO,DEWAS HO
BHAWARPURA,454449,LUNHERA BUJURG BO,DHARAMPURI SO,DHAR HO
BHAWARPURA,454449,LUNHERA BUJURG BO,DHARAMPURI SO,DHAR HO
Bhawriya,454335,Bhawriya Bo,NISHARPUR SO,DHAR HO
BHAYAGAON,455116,BHUTIYA BUJURG,TONKKHURD SO,DEWAS HO
BHAYALI,455440,JINWANI BO,KANTAPHOD SO,DEWAS HO
BHEEMTAAL,455332,VIKARMPUR BO,KANNOD SO,DEWAS HO
Bhempada,454116,Tirla BO,RAJGARH SO,DHAR HO
BHENSAKHEDI,455116,RANAYAL KALAN,TONKKHURD SO,DEWAS HO
Bheru pipliya,454010,Kunjrod BO,MANDU SO,DHAR HO
Bheruchauki,454111,FOOLGAADI BO,SARDARPUR SO,DHAR HO
BHERUPURA,455223,NANUKHEDA BO,HATPIPLIYA SO,DEWAS HO
BHESAWAD,454446,Khandlai Bo,MANAWAR SO,DHAR HO
bheslayi,454331,talwada,KUKSHI SO,DHAR HO
BHESUN,455440,BHESUN BO,KANTAPHOD SO,DEWAS HO
BHESUNI,455001,VIJAYGANJ MANDI,DEWAS HO ,DEWAS HO
BHICHUBARDI,454001,MOHANPURA BO,DHAR HO,DHAR HO
BHIDOTAKHURD,454001,ANARAD BO,DHAR HO,DHAR HO
BHILAMIA,455227,Syalkheda BO,BAGLI SO,DEWAS HO
Bhilatpura,454446,Jajamkhedi Bo,MANAWAR SO,DHAR HO
Bhilbarkhedi,454010,Sodpur BO,MANDU SO,DHAR HO
BHILDI,455332,KOTHDA BO,KANNOD SO,DEWAS HO
BHILDI,455459,MOHAI JAGIR BO,SATWAS SO,DEWAS HO
Bhilkhedi,454010,Bachhanpur BO,MANDU SO,DHAR HO
Bhilkhedi,454116,Taraghati Bo,RAJGARH SO,DHAR HO
BHILKHEDI,455116,JAMONIYA,TONKKHURD SO,DEWAS HO
BHILKHEDI,455336,AJNAS BO,KHATEGAON SO,DEWAS HO
BHILKHEDI,455336,CHICHLI RAJOR BO,KHATEGAON SO,DEWAS HO
Bhilkunda,454010,KURADIA BO,MANDU SO,DHAR HO
Bhilsur,454335,Bhawriya Bo,NISHARPUR SO,DHAR HO
Bhiltalwada,454010,Bhiltalwada BO,MANDU SO,DHAR HO
BHILU KHEDI,455223,TAPPA SHUKLIYA BO,HATPIPLIYA SO,DEWAS HO
BHIMAKHEDI,455001,BANGARDA BO,DEWAS HO ,DEWAS HO
bhimpura,454331,haldi,KUKSHI SO,DHAR HO
BHIMPURA,454001,PALWADA BO,DHAR HO,DHAR HO
BHIMPURA,454660,TILGARA BO,BADNAWAR SO,DHAR HO
BHIMSI,455001,SINGAWADA,DEWAS HO ,DEWAS HO
Bhmriya,454116,Jolana BO,RAJGARH SO,DHAR HO
BHOGAON,454449,PIPALDAGADHI BO,DHARAMPURI SO,DHAR HO
BHOGDAD,454446,Karoli Bo,MANAWAR SO,DHAR HO
"Bhogdar,",454446,Bagliya Bo,MANAWAR SO,DHAR HO
BHOINDA,454665,KHANDIGARA ,KANWAN   SO ,DHAR HO
BHOJPURA,455116,RANAYAL KALAN,TONKKHURD SO,DEWAS HO
BHOJPURA,455440,BHESUN BO,KANTAPHOD SO,DEWAS HO
Bhojyapura,454010,Patadapura BO,MANDU SO,DHAR HO
BHOLYPURA,454446,Kalwani Bo,MANAWAR SO,DHAR HO
BHONDIYA,454774,BRANCH OFFICE KHANDWA,Pithampur III SO,DHAR HO
BHOPAPURA,455223,TAPPA SHUKLIYA BO,HATPIPLIYA SO,DEWAS HO
BHOPAWALI,454001,NAGDA BO,DHAR HO,DHAR HO
BHOURASA,455115,BHORANSA SO,BHORANSA SO,DEWAS HO
BHUKI ITWARPUR,455001,MUNDAHEDA BO,DEWAS HO ,DEWAS HO
BHUKYA,455336,JIYAGAON BO,KHATEGAON SO,DEWAS HO
Bhurakuwa,454010,Jamanjhiri BO,MANDU SO,DHAR HO
Bhuribayadi,454446,Borud Bo,MANAWAR SO,DHAR HO
Bhurighati,454010,Kunjrod BO,MANDU SO,DHAR HO
BHURIMAL,454001,SIYARI BO,DHAR HO,DHAR HO
BHURIYA KUA,454449,LUNHERA BUJURG BO,DHARAMPURI SO,DHAR HO
Bhuriyakua meghapura,454010,Talwada BO,MANDU SO,DHAR HO
BHURIYAPURA,455227,PALASI BO,BAGLI SO,DEWAS HO
BHURKUA,454446,Kachhawada Bo,MANAWAR SO,DHAR HO
BHURLI,454446,Jeerabad Bo,MANAWAR SO,DHAR HO
BHUTIBAODI,454001,SIYARI BO,DHAR HO,DHAR HO
Bhutiya,454446,Bilda Bo,MANAWAR SO,DHAR HO
BHUTIYA,454001,PADLIYA BO,DHAR HO,DHAR HO
BHUTIYA BUJURG,455116,BHUTIYA BUJURG,TONKKHURD SO,DEWAS HO
BHUTIYA KHURD,455116,CHOUBARA DHIRA,TONKKHURD SO,DEWAS HO
BHUTIYAPURA,454446,Balwarikhurd Bo,MANAWAR SO,DHAR HO
Bhuvaliya,454010,Bhiltalwada BO,MANDU SO,DHAR HO
BHUWANIKHEDA,454660,MULTHAN BO,BADNAWAR SO,DHAR HO
bhuwanipura,454331,kundara,KUKSHI SO,DHAR HO
BHVANA,455332,KALWAR BO,KANNOD SO,DEWAS HO
BICHAKHEDI,455459,DANGRAKHEDA BO,SATWAS SO,DEWAS HO
BICHHAKHEDI,455339,SAWASADA BO,NEMAWAR SO,DEWAS HO
Bid jamniya,454010,Talwada BO,MANDU SO,DHAR HO
BIDGAO,455227,SALKHETYA BO,BAGLI SO,DEWAS HO
BIDPADA,454660,BORDA BO,BADNAWAR SO,DHAR HO
BIDPADA,454660,RUNI BO,BADNAWAR SO,DHAR HO
Bidpada,454116,Timaichi BO,RAJGARH SO,DHAR HO
"Bidpura,",454446,Bakaner Bo,MANAWAR SO,DHAR HO
BIDWAL,454665,BIDWAL,KANWAN   SO ,DHAR HO
Bijabayadi,454446,Ajandikot Bo,MANAWAR SO,DHAR HO
Bijalpur,454116,Tirla BO,RAJGARH SO,DHAR HO
BIJALPURA,454001,SULTANPUR BO,DHAR HO,DHAR HO
BIJJUKHEDA,455227,Chapda B.O,BAGLI SO,DEWAS HO
BIJUR,454001,BIJUR BO,DHAR HO,DHAR HO
BIJWAD,455440,BIJWAD BO,KANTAPHOD SO,DEWAS HO
BIKHUPURA,455227,PUNJAPURA BO,BAGLI SO,DEWAS HO
BIKLIKUND,455336,LINGAPANI BO,KHATEGAON SO,DEWAS HO
BILAWALI,455001,BILAWALI BO,DEWAS HO ,DEWAS HO
BILAWALI,455227,KHERKHEDI BO,BAGLI SO,DEWAS HO
Bilipada,454116,Kanjrota Bo,RAJGARH SO,DHAR HO
Bilkhrdi,454773,Badchapra BO,D.G Billod SO,DHAR HO
BILLIPURA,454449,LUNHERA BUJURG BO,DHARAMPURI SO,DHAR HO
Billod,454010,Kunjrod BO,MANDU SO,DHAR HO
Billodakhurd,454010,Billodakhurd BO,MANDU SO,DHAR HO
BILMANPURA,454449,ZIRVI BO,DHARAMPURI SO,DHAR HO
Bilod Village,454773,D.G Billod SO,D.G Billod SO,DHAR HO
BILODA,454001,BILODA BO,DHAR HO,DHAR HO
BILODA,455336,CHICHLI RAJOR BO,KHATEGAON SO,DEWAS HO
Bilyadeh,454010,Hedri BO,MANDU SO,DHAR HO
BINJAL,455001,MUNDAHEDA BO,DEWAS HO ,DEWAS HO
BINJANA,455001,BINJANA BO,DEWAS HO ,DEWAS HO
BIRGOD,455001,KALMA BO,DEWAS HO ,DEWAS HO
BIRJAKHELA,455227,GOWADI BO,BAGLI SO,DEWAS HO
birlayi,454331,kundara,KUKSHI SO,DHAR HO
BISALKHEDI,455116,GORWA,TONKKHURD SO,DEWAS HO
BIYADAR,455227,KANDYA BO,BAGLI SO,DEWAS HO
Biyaghati,454010,Bedwapura BO,MANDU SO,DHAR HO
Boadgaon,454331,Dahi,KUKSHI SO,DHAR HO
BODADA,454446,Khod Bo,MANAWAR SO,DHAR HO
BODANI,455001,PATLAWADA,DEWAS HO ,DEWAS HO
bodhwada,454335,Narmadanagar Bo,NISHARPUR SO,DHAR HO
BODHWADA,454001,SULTANPUR BO,DHAR HO,DHAR HO
BODIYA KHEDI,454446,Singhana Bo,MANAWAR SO,DHAR HO
Bodla,454111,KHARELI BO,SARDARPUR SO,DHAR HO
Bodli,454116,Jolana BO,RAJGARH SO,DHAR HO
Bodli,454111,JOLANA BO,SARDARPUR SO,DHAR HO
BOHARLA,454449,BOHARLA BO,DHARAMPURI SO,DHAR HO
BOLASA,455115,BHORANSA SO,BHORANSA SO,DEWAS HO
BONDARPURA,454446,Rantalav Bo,MANAWAR SO,DHAR HO
Bonriyapura,454446,Bagliya Bo,MANAWAR SO,DHAR HO
BORALI,454660,GHATGARA BO,BADNAWAR SO,DHAR HO
BORANI PHATAR,455440,SUNDREL BO,KANTAPHOD SO,DEWAS HO
BORDA,454001,CHIKHLIYA BO,DHAR HO,DHAR HO
BORDA,455339,KHAL BO,NEMAWAR SO,DEWAS HO
Bordabra,454446,Bilda Bo,MANAWAR SO,DHAR HO
BORDI,454660,BORDA BO,BADNAWAR SO,DHAR HO
Borela,454010,Bedwapura BO,MANDU SO,DHAR HO
BORI,455440,DEHARI BO,KANTAPHOD SO,DEWAS HO
BORIKUNDAL,454001,TIRLA BO,DHAR HO,DHAR HO
BORJHADI,454665,BIDWAL,KANWAN   SO ,DHAR HO
BORJHIRI,454446,Lunhera sadak BO,MANAWAR SO,DHAR HO
Borkhali,454111,LAABRIYA BO,SARDARPUR SO,DHAR HO
BORKHALYA,455227,BORKHALYA BO,BAGLI SO,DEWAS HO
BORKHEDA,454001,MOHANPURA BO,DHAR HO,DHAR HO
BORKHEDA,455115,KHOKRIYA BO,BHORANSA SO,DEWAS HO
BORKHEDA PURVIYA,455223,BORKHEDA PURVIYA BO,HATPIPLIYA SO,DEWAS HO
BORKHEDI,455459,KHIRODA BO,SATWAS SO,DEWAS HO
BORKHEDI,455227,Pandutalab B.O,BAGLI SO,DEWAS HO
BORKHEDI DHAKAD,455001,BILAWALI BO,DEWAS HO ,DEWAS HO
BORKHEDI FATTU,455001,NALESARA,DEWAS HO ,DEWAS HO
BORKUNIDYA,455459,NAMANPUR BO,SATWAS SO,DEWAS HO
"Borli,",454446,Bagliya Bo,MANAWAR SO,DHAR HO
BORPADAW,455227,BORPADAW BO,BAGLI SO,DEWAS HO
BORPADAW,455227,Pipri B.O,BAGLI SO,DEWAS HO
Borwani,454116,Tirla BO,RAJGARH SO,DHAR HO
BRAHMANKHEDA,455001,BILAWALI BO,DEWAS HO ,DEWAS HO
BRAHMANKHEDI,455001,NIPANIYA BO,DEWAS HO ,DEWAS HO
BRAHMPURI,455223,TAPPA SHUKLIYA BO,HATPIPLIYA SO,DEWAS HO
BRAMAHAN,454446,Panwa Bo,MANAWAR SO,DHAR HO
BRAMANPURI,454446,Nagur Bo,MANAWAR SO,DHAR HO
"Bramhanpuri,",454446,Awaldaman Bo,MANAWAR SO,DHAR HO
BRIJDHAM COLONY,454775,Pithampur SO,Pithampur SO,DHAR HO
BUDANGAON,455115,BHORANSA SO,BHORANSA SO,DEWAS HO
BUDASA,455115,SANWARSI BO,BHORANSA SO,DEWAS HO
BUDI BARLAI,455001,KSHIPRA,DEWAS HO ,DEWAS HO
BUKDAVDAKHEDI,454660,GHATGARA BO,BADNAWAR SO,DHAR HO
BULGARA,454660,BALODA BO,BADNAWAR SO,DHAR HO
BULGARI,454665,GAJNOD,KANWAN   SO ,DHAR HO
BURANI,455440,SUNDREL BO,KANTAPHOD SO,DEWAS HO
BURUT,455332,PATRANI BO,KANNOD SO,DEWAS HO
BURUT,455440,BEDGAON BO,KANTAPHOD SO,DEWAS HO
BUZURG,454001,KOT BHIDOTA BO,DHAR HO,DHAR HO
CANARA BANK,454775,Pithampur SO,Pithampur SO,DHAR HO
CAPITAL TRANSPORT,454775,Pithampur SO,Pithampur SO,DHAR HO
CHADODA,454001,KOT BHIDOTA BO,DHAR HO,DHAR HO
chadwa,454221,Dhodhardi Bo,BAGH SO,DHAR HO
CHAINPURA,455227,RAMPURA BO,BAGLI SO,DEWAS HO
CHAKARPURA,455223,TAPPA SHUKLIYA BO,HATPIPLIYA SO,DEWAS HO
Chakliya,454331,Dahi,KUKSHI SO,DHAR HO
CHAKLIYA,454001,TIRLA BO,DHAR HO,DHAR HO
"Chakrud,",454446,Awaldaman Bo,MANAWAR SO,DHAR HO
chalni,454441,chalni,Amjhera So,DHAR HO
chalni,454441,lalgard,Amjhera So,DHAR HO
CHAMARI,454001,MOHANPURA BO,DHAR HO,DHAR HO
CHAMARIYAPURA,454449,KALIBAWDI BO,DHARAMPURI SO,DHAR HO
CHAMARKUA,454001,SIYARI BO,DHAR HO,DHAR HO
Chambalbaroda,454773,Digthan BO,D.G Billod SO,DHAR HO
Chambalchapra,454773,Badchapra BO,D.G Billod SO,DHAR HO
Chamjhar,454116,Narwali BO,RAJGARH SO,DHAR HO
CHAMUNDAKHEDI,454660,GHATGARA BO,BADNAWAR SO,DHAR HO
CHANDA KHEDI,455223,TAPPA SHUKLIYA BO,HATPIPLIYA SO,DEWAS HO
Chandan Khedi,454773,D.G Billod SO,D.G Billod SO,DHAR HO
CHANDAN KHEDI,454774,KUWARSI BO,Pithampur III SO,DHAR HO
chandan khedi,454335,Konda Bo,NISHARPUR SO,DHAR HO
Chandan Nagar,454773,D.G Billod SO,D.G Billod SO,DHAR HO
CHANDANA,455001,MARETHI,DEWAS HO ,DEWAS HO
chandarpura,454010,Kunjrod BO,MANDU SO,DHAR HO
Chandawad,454552,Bhawaniya bujurg  BO,DHAMNOD SO,DHAR HO
CHANDER KESHAR,455227,DHANTALAB BO,BAGLI SO,DEWAS HO
CHANDGARH,455116,JAMONIYA,TONKKHURD SO,DEWAS HO
CHANDI,455332,KAATKUT BO,KANNOD SO,DEWAS HO
CHANDIYABAD,454449,BOHARLA BO,DHARAMPURI SO,DHAR HO
CHANDLAKHEDA,455336,SUKARDI BO,KHATEGAON SO,DEWAS HO
CHANDODI,454001,SIYARI BO,DHAR HO,DHAR HO
Chandodiya,454111,KHUTPALA BO,SARDARPUR SO,DHAR HO
CHANDPURA,454449,PAGARA BO,DHARAMPURI SO,DHAR HO
CHANDPURA,455336,HARNAGAON BO,KHATEGAON SO,DEWAS HO
CHANDRA LOK NAGAR,455111,BALGARH BO,BALGARH SO,DEWAS HO
Chandra shekhar Aajad Marr,455223,HATPIPLIYA SO,HATPIPLIYA SO,DEWAS HO
CHANDRAGARH,454660,RUNI BO,BADNAWAR SO,DHAR HO
CHANDRAPURA,454774,KUWARSI BO,Pithampur III SO,DHAR HO
Chandrawal Colony,455223,HATPIPLIYA SO,HATPIPLIYA SO,DEWAS HO
CHANDUPURA,455227,CHANDUPURA BO,BAGLI SO,DEWAS HO
CHANDWADA,454001,AHU BO,DHAR HO,DHAR HO
CHANDWADIYA,454660,BAKHATGARH BO,BADNAWAR SO,DHAR HO
CHANDWADIYA KALAN,454660,SANDLA BO,BADNAWAR SO,DHAR HO
CHANDWADIYA KHURD,454660,SANDLA BO,BADNAWAR SO,DHAR HO
CHANDWANA,455336,CHANDWANA BO,KHATEGAON SO,DEWAS HO
CHANGARA,454665,CHHHOKALA,KANWAN   SO ,DHAR HO
CHANSIYA,455223,KHAJURIYA BINA BO,HATPIPLIYA SO,DEWAS HO
CHAPDA,455227,Chapda B.O,BAGLI SO,DEWAS HO
CHAPLAKHEDI,455001,SUNWANI GOPAL,DEWAS HO ,DEWAS HO
CHAPLASHA,455332,DOKAKUI BO,KANNOD SO,DEWAS HO
CHARBADI,455227,RAJGARH BO,BAGLI SO,DEWAS HO
Charghati,454010,KURADIA BO,MANDU SO,DHAR HO
Charulya,454116,Jolana BO,RAJGARH SO,DHAR HO
Charulya,454111,JOLANA BO,SARDARPUR SO,DHAR HO
CHATRACHAYA COLONY,454775,Pithampur SO,Pithampur SO,DHAR HO
chatwani,454221,Ukala Bo,BAGH SO,DHAR HO
CHAUKI,454449,BOHARLA BO,DHARAMPURI SO,DHAR HO
CHAVARIYAVAD,454660,MULTHAN BO,BADNAWAR SO,DHAR HO
CHAWRA,455227,RAMPURA BO,BAGLI SO,DEWAS HO
CHAYDIPURA,454001,NALCHA BO,DHAR HO,DHAR HO
CHAYYAN,455001,MARETHI,DEWAS HO ,DEWAS HO
CHELAYI,454001,TIRLA BO,DHAR HO,DHAR HO
chhachkua,454331,Dasana,KUKSHI SO,DHAR HO
CHHAPAR,454001,TEESGAON BO,DHAR HO,DHAR HO
CHHAPDA,455227,Pandutalab B.O,BAGLI SO,DEWAS HO
CHHAPRI,455111,TIGRIYA CHHOTA BO,BALGARH SO,DEWAS HO
CHHAPRIYA INDORE,455116,LASUDIYA BRAHAMAN,TONKKHURD SO,DEWAS HO
Chhayan,454111,BARKHEDA BO,SARDARPUR SO,DHAR HO
CHHAYAN HAJAM,455116,BHUTIYA BUJURG,TONKKHURD SO,DEWAS HO
CHHAYAN KHURD,454665,BAMANDAKALAN,KANWAN   SO ,DHAR HO
CHHAYAN MAINA,455118,TALOD,SONKUTCH SO,DEWAS HO
Chhendiya,454331,Dahi,KUKSHI SO,DHAR HO
chhichwaniya,454331,Dasana,KUKSHI SO,DHAR HO
Chhitri,454552,Tarapura BO,DHAMNOD SO,DHAR HO
CHHOKALAN,454665,CHHHOKALA,KANWAN   SO ,DHAR HO
CHHOKHURD,454665,CHHHOKALA,KANWAN   SO ,DHAR HO
Chhotabarkheda,454010,Bhiltalwada BO,MANDU SO,DHAR HO
CHHOTI CHHITRI,454449,KALIBAWDI BO,DHARAMPURI SO,DHAR HO
chibhrata,454331,talwada,KUKSHI SO,DHAR HO
Chibora,454116,Tirla BO,RAJGARH SO,DHAR HO
CHICHLI,455336,CHICHLI RAJOR BO,KHATEGAON SO,DEWAS HO
CHICHLI,455459,ATWAS BO,SATWAS SO,DEWAS HO
CHICHLI,455339,BIJALGAON  BO,NEMAWAR SO,DEWAS HO
Chichodiya,454111,FOOLGAADI BO,SARDARPUR SO,DHAR HO
Chifkhodra,454010,Bedwapura BO,MANDU SO,DHAR HO
chijba,454221,Ghatbori Bo,BAGH SO,DHAR HO
chikali,454331,haldi,KUKSHI SO,DHAR HO
chikapoti,454331,Talwadi,KUKSHI SO,DHAR HO
Chikhalda,454335,Chikhalda Bo,NISHARPUR SO,DHAR HO
CHIKHLIYA,454001,CHIKHLIYA BO,DHAR HO,DHAR HO
CHIKLI,454446,Khod Bo,MANAWAR SO,DHAR HO
Chilariya,454552,Semalda BO,DHAMNOD SO,DHAR HO
CHILKHI,455223,AMLATAJ BO,HATPIPLIYA SO,DEWAS HO
CHILUR,454001,CHILUR BO,DHAR HO,DHAR HO
chilwa,454331,kundara,KUKSHI SO,DHAR HO
CHIPRIDALI,455332,ONKARA BO,KANNOD SO,DEWAS HO
CHIRAKHAN,454660,BAKHATGARH BO,BADNAWAR SO,DHAR HO
Chirakhan,454111,KHUTPALA BO,SARDARPUR SO,DHAR HO
CHIRAKHAN,454446,Temriya Bo,MANAWAR SO,DHAR HO
CHOBAPIPALIYA,455221,CHOUBAPIPLIYA BO,KARNAWAD SO,DEWAS HO
CHOMALKAPURA,454449,LUNHERA BUJURG BO,DHARAMPURI SO,DHAR HO
CHONGDIYAPURA,454446,Kalwani Bo,MANAWAR SO,DHAR HO
CHORBAWDI,454331,AMBADA,KUKSHI SO,DHAR HO
Chorbawdipura,454010,Patadapura BO,MANDU SO,DHAR HO
CHORMAL,455440,PANIGAON BO,KANTAPHOD SO,DEWAS HO
CHORWA,455440,GODNA BO,KANTAPHOD SO,DEWAS HO
Chota Bhedliya,454552,Gujri BO,DHAMNOD SO,DHAR HO
Chota jamnya,454010,Kunjrod BO,MANDU SO,DHAR HO
CHOTA KATHODIYA. JAWASIYA,454660,DOLANA BO,BADNAWAR SO,DHAR HO
CHOTA MALSAPURA,455001,SIYA,DEWAS HO ,DEWAS HO
CHOTA UNDWA,454660,MULTHAN BO,BADNAWAR SO,DHAR HO
Chotadoormariya,454010,Jamanjhiri BO,MANDU SO,DHAR HO
CHOTI,454446,Balwarikhurd Bo,MANAWAR SO,DHAR HO
CHOTI CHURLAI,455115,BADI CHURLAI BO,BHORANSA SO,DEWAS HO
CHOTI SAGORE,454774,SAGORE BO,Pithampur III SO,DHAR HO
chotia balod,454441,chotia,Amjhera So,DHAR HO
Chotiboldari,454446,Bilda Bo,MANAWAR SO,DHAR HO
CHOUBARADHIRA,455116,CHOUBARA DHIRA,TONKKHURD SO,DEWAS HO
Chouki bharudpura,454552,Bharudpura BO,DHAMNOD SO,DHAR HO
CHOUKIRUNDA,454660,RUNI BO,BADNAWAR SO,DHAR HO
CHULACHULILI,454660,BAKHATGARH BO,BADNAWAR SO,DHAR HO
Chumpiya,454221,Tanda Bo,BAGH SO,DHAR HO
Chuna bhati,454010,Kunjrod BO,MANDU SO,DHAR HO
CHUNA KHADAN,455111,BALGARH BO,BALGARH SO,DEWAS HO
Chunaripura,454446,Bilda Bo,MANAWAR SO,DHAR HO
Chundipura,454010,Bedwapura BO,MANDU SO,DHAR HO
Chunyagadi,454111,BARKHEDA BO,SARDARPUR SO,DHAR HO
CK DAM,455440,CK DAM BO,KANTAPHOD SO,DEWAS HO
D MART,454775,Pithampur SO,Pithampur SO,DHAR HO
D. MANDI,455001,DATTOTAR MANDI BO,DEWAS HO ,DEWAS HO
Daakantlai,454010,Jamanjhiri BO,MANDU SO,DHAR HO
DAAWAT,455332,BAAMNIKHURD BO,KANNOD SO,DEWAS HO
dabhani,454331,kawda,KUKSHI SO,DHAR HO
Dabi,454116,Jolana BO,RAJGARH SO,DHAR HO
DABIYA,454449,KALIBAWDI BO,DHARAMPURI SO,DHAR HO
DABKAPURA,455227,RATANPUR BO,BAGLI SO,DEWAS HO
DABRI,455332,KUSMANIYA BO,KANNOD SO,DEWAS HO
DABRI,455459,BHAMER BO,SATWAS SO,DEWAS HO
DABRI BUJURG,455459,UNHEL BO,SATWAS SO,DEWAS HO
DABRIYAPURA,454449,KALIBAWDI BO,DHARAMPURI SO,DHAR HO
DAD,454001,MOHANPURA BO,DHAR HO,DHAR HO
DADIAALA,454446,Bori Bo,MANAWAR SO,DHAR HO
DADUR,454001,SULTANPUR BO,DHAR HO,DHAR HO
DAGADPURA,454446,Mirjapur Bo,MANAWAR SO,DHAR HO
DAGDIYAPURA,454446,Jeerabad Bo,MANAWAR SO,DHAR HO
Dahi,454331,Dahi,KUKSHI SO,DHAR HO
Dahod,454335,Lingawa Bo,NISHARPUR SO,DHAR HO
DAIYYAT,455339,MURJHAL BO,NEMAWAR SO,DEWAS HO
DAKACHYA,455118,PANDA JAGIR Bo,SONKUTCH SO,DEWAS HO
DAKHNIPUR,455001,AALRI BO,DEWAS HO ,DEWAS HO
Danda Dhamla,454552,Dhani BO,DHAMNOD SO,DHAR HO
Danda Nivaliwal,454552,Dhani BO,DHAMNOD SO,DHAR HO
DANG,455459,NANDANA BO,SATWAS SO,DEWAS HO
DANGADONGI,455227,Pankunwa B.O,BAGLI SO,DEWAS HO
DANGARPADA,454660,TILGARA BO,BADNAWAR SO,DHAR HO
DANGKHEDI,454660,BALODA BO,BADNAWAR SO,DHAR HO
DANGRAKHEDA,455440,DEHARI BO,KANTAPHOD SO,DEWAS HO
DANI,455459,UNHEL BO,SATWAS SO,DEWAS HO
DANI,455440,LOHARDA BO,KANTAPHOD SO,DEWAS HO
DANTHA,455459,NANDANA BO,SATWAS SO,DEWAS HO
Dantoli,454111,LAINDGAANV BO,SARDARPUR SO,DHAR HO
DARBARPURA,454446,Kuwad Bo,MANAWAR SO,DHAR HO
dasaba,454331,Dasana,KUKSHI SO,DHAR HO
dasai,454441,dasai,Amjhera So,DHAR HO
DASODA,454449,PAGARA BO,DHARAMPURI SO,DHAR HO
Datawa,454116,Tirla BO,RAJGARH SO,DHAR HO
Datoda,454773,D.G Billod SO,D.G Billod SO,DHAR HO
DATTIGARA,454665,KHANDIGARA ,KANWAN   SO ,DHAR HO
DATYA,454660,RAJOD BO,BADNAWAR SO,DHAR HO
DAWARPURA,454449,KALIBAWDI BO,DHARAMPURI SO,DHAR HO
DAWARPURA,454449,ZIRVI BO,DHARAMPURI SO,DHAR HO
DAYMAPADA,454660,BHAINSOLA BO,BADNAWAR SO,DHAR HO
DEDALI,454446,Jeerabad Bo,MANAWAR SO,DHAR HO
DEDALI,454446,Panwa Bo,MANAWAR SO,DHAR HO
DEDLA,454001,DEDLA BO,DHAR HO,DHAR HO
Dedla,454116,Jolana BO,RAJGARH SO,DHAR HO
Dedla,454111,JOLANA BO,SARDARPUR SO,DHAR HO
Degawa,454552,Sundrel BO,DHAMNOD SO,DHAR HO
Dehar,454331,Dharamray,KUKSHI SO,DHAR HO
DEHARI,455440,DEHARI BO,KANTAPHOD SO,DEWAS HO
DEHARIYA,455116,NANDEL,TONKKHURD SO,DEWAS HO
DEHARIYA,455332,BAAMNIKHURD BO,KANNOD SO,DEWAS HO
DEHLI WORLD SCHOOL,454001,DEDLA BO,DHAR HO,DHAR HO
DEHRI,455118,GANDHARVPURI BO,SONKUTCH SO,DEWAS HO
DEHRIYA PETH,455118,KHERIYA JAGIR BO,SONKUTCH SO,DEWAS HO
DEHRIYA SAHU,455221,DEHRIYA SAHU BO,KARNAWAD SO,DEWAS HO
DEKLI,454449,UMARBAN BO,DHARAMPURI SO,DHAR HO
DELMI,454001,PADLIYA BO,DHAR HO,DHAR HO
DEMPURA,454446,Kachhawada Bo,MANAWAR SO,DHAR HO
DEOGRH,454660,RAJOD BO,BADNAWAR SO,DHAR HO
DEOJHIRI,455227,DEOJHIRI BO,BAGLI SO,DEWAS HO
DEOJHIRI,455227,DEOJHIRI BO,BAGLI SO,DEWAS HO
DEOJHIRI,455227,DEOJHIRI BO,BAGLI SO,DEWAS HO
DEOJHIRI,455227,DEOJHIRI BO,BAGLI SO,DEWAS HO
DEOJHIRI,455227,DEOJHIRI BO,BAGLI SO,DEWAS HO
DERKHA,454660,BAKHATGARH BO,BADNAWAR SO,DHAR HO
deshwaliya,454335,Deshwaliya Bo,NISHARPUR SO,DHAR HO
Dev pipliya Road,455223,HATPIPLIYA SO,HATPIPLIYA SO,DEWAS HO
DEVALI,455116,RANAYAL KALAN,TONKKHURD SO,DEWAS HO
DEVAR,455001,BAIRAGARH BO,DEWAS HO ,DEWAS HO
devdha,454331,badwaniya,KUKSHI SO,DHAR HO
DEVDHARMARAJPURA,455116,LASUDIYA KULMI,TONKKHURD SO,DEWAS HO
Devgarh,454335,Sirsi Bo,NISHARPUR SO,DHAR HO
DEVGARH,455223,DEVGARH BO,HATPIPLIYA SO,DEWAS HO
Devgarh Chouraha,455223,HATPIPLIYA SO,HATPIPLIYA SO,DEWAS HO
Devgarh Road,455223,HATPIPLIYA SO,HATPIPLIYA SO,DEWAS HO
Devikheda,454111,SALVA BO,SARDARPUR SO,DHAR HO
Devjhiri,454010,Jamanjhiri BO,MANDU SO,DHAR HO
devjhiri,454221,Jamlabag Bo,BAGH SO,DHAR HO
DEVLA,455336,KANKARIYA BO,KHATEGAON SO,DEWAS HO
DEVLI,455332,KALWAR BO,KANNOD SO,DEWAS HO
DEVNAGAR,455339,EKLERA BO,NEMAWAR SO,DEWAS HO
DEVPIPLIYA,455223,KHAJURIYA BINA BO,HATPIPLIYA SO,DEWAS HO
DEVSIRALIYA,455332,SONKHEDI BO,KANNOD SO,DEWAS HO
DEWAS HIGHWAY CITY,455111,BALGARH BO,BALGARH SO,DEWAS HO
DEWASYA,455227,DEWASYA BO,BAGLI SO,DEWAS HO
DEWASYA,455227,DEWASYA BO,BAGLI SO,DEWAS HO
DEWASYA,455227,DEWASYA BO,BAGLI SO,DEWAS HO
DEWASYA,455227,DEWASYA BO,BAGLI SO,DEWAS HO
Dewda,454221,Jamlabag Bo,BAGH SO,DHAR HO
Dhabi,454111,JOLANA BO,SARDARPUR SO,DHAR HO
DHABLA JAGIR,455118,BISAKHEDI BO,SONKUTCH SO,DEWAS HO
DHABLA KHALSA,455118,GARH KHAJURIA BO,SONKUTCH SO,DEWAS HO
Dhal,454010,Kalibel Bo,MANDU SO,DHAR HO
Dhamalippura,455336,SUKARDI BO,KHATEGAON SO,DEWAS HO
dhamanda,454441,dhamnda,Amjhera So,DHAR HO
DHAMANNI,455001,SUNWANI GOPAL,DEWAS HO ,DEWAS HO
Dhamla Gram Panchayat,454552,Dhani BO,DHAMNOD SO,DHAR HO
DHAMNDA,455001,SIROLIYA,DEWAS HO ,DEWAS HO
DHANDEDA,455118,PIPALRAWAN BO,SONKUTCH SO,DEWAS HO
DHANGAON,454449,ZIRVI BO,DHARAMPURI SO,DHAR HO
DHANI GHATI,455223,ARLAWDA BO,HATPIPLIYA SO,DEWAS HO
DHANKHEDI,454449,ZIRVI BO,DHARAMPURI SO,DHAR HO
DHANORA,454449,BOHARLA BO,DHARAMPURI SO,DHAR HO
dhanora,454331,Loni,KUKSHI SO,DHAR HO
DHANORA,455001,KELOD BO,DEWAS HO ,DEWAS HO
DHANORI,455223,MENDIYA BO,HATPIPLIYA SO,DEWAS HO
Dhantalab,454111,BARMANDAL BO,SARDARPUR SO,DHAR HO
DHANTALAB,455227,DHANTALAB BO,BAGLI SO,DEWAS HO
Dhantalav,454446,Gandhwani Bo,MANAWAR SO,DHAR HO
DHANYAKHEDI,454665,BHATBAMANDA,KANWAN   SO ,DHAR HO
DHAPLAPURA,454449,LUNHERA BUJURG BO,DHARAMPURI SO,DHAR HO
Dhar fatta,454552,Gujri BO,DHAMNOD SO,DHAR HO
DHARAMPURI,455118,BABAI BO,SONKUTCH SO,DEWAS HO
DHARAMPURI,455223,MENDIYA BO,HATPIPLIYA SO,DEWAS HO
DHARAMPURI,455440,BHESUN BO,KANTAPHOD SO,DEWAS HO
Dharamray,454331,Dharamray,KUKSHI SO,DHAR HO
DHARAWARA,454001,DEDLA BO,DHAR HO,DHAR HO
DHARMPURI,455339,SAWASADA BO,NEMAWAR SO,DEWAS HO
DHARSIKHEDA,454660,BHAINSOLA BO,BADNAWAR SO,DHAR HO
DHARUKHEDI,455001,BAROTHA BO,DEWAS HO ,DEWAS HO
DHARUKHEDI,455115,SADIKHEDA BO,BHORANSA SO,DEWAS HO
DHATURIYA,455001,PADLIYA BO,DEWAS HO ,DEWAS HO
DHATURIYA RAM,455118,KANKA KHAJURIA BO,SONKUTCH SO,DEWAS HO
DHATURIYA RAO,455118,KANKA KHAJURIA BO,SONKUTCH SO,DEWAS HO
DHAULI BAWDI,454449,SAKALDA BO,DHARAMPURI SO,DHAR HO
DHAULIBAWDI,454449,SAKALDA BO,DHARAMPURI SO,DHAR HO
DHAVDIYA KHO,454660,BORDA BO,BADNAWAR SO,DHAR HO
DHAWARIYA,455227,RAMPURA BO,BAGLI SO,DEWAS HO
dhawladagda,454331,susari,KUKSHI SO,DHAR HO
Dhayadi,454446,Bilda Bo,MANAWAR SO,DHAR HO
Dhayadiya,454111,SALVA BO,SARDARPUR SO,DHAR HO
Dhayli,455336,PIPALKOTA BO,KHATEGAON SO,DEWAS HO
Dhegda,454552,Bhawaniya bujurg  BO,DHAMNOD SO,DHAR HO
DHEKIYA (VIJAY NAGAR),455223,MENDIYA BO,HATPIPLIYA SO,DEWAS HO
Dheriya,454552,Gujri BO,DHAMNOD SO,DHAR HO
DHERIYA AABHA,455227,KHERKHEDI BO,BAGLI SO,DEWAS HO
DHOBDIYA,454446,Balwarikhurd Bo,MANAWAR SO,DHAR HO
DHOBDIYA,454446,Pipli Bo,MANAWAR SO,DHAR HO
DHOLAHANUMAN,454001,SIYARI BO,DHAR HO,DHAR HO
DHOLANKHURD,454001,KHACHRODA BO,DHAR HO,DHAR HO
Dholatlaai,454116,Bimrod BO,RAJGARH SO,DHAR HO
DHOLGARH,454660,RAJOD BO,BADNAWAR SO,DHAR HO
DHOLIKUA,454660,DELCHI BO,BADNAWAR SO,DHAR HO
DHOLIKUA,454660,DOTRYA BO ,BADNAWAR SO,DHAR HO
"Dholwani,",454221,Pipariyapani Bo,BAGH SO,DHAR HO
Dholya,454331,Dholiya,KUKSHI SO,DHAR HO
DHOOPGATTA,455227,PUTLIPURA BO,BAGLI SO,DEWAS HO
Dhormariyapura,454010,Patadapura BO,MANDU SO,DHAR HO
dhukni,454335,Nanoda Bo,NISHARPUR SO,DHAR HO
Dhuliyakheda,454111,LAABRIYA BO,SARDARPUR SO,DHAR HO
dhulsar,454335,Lohari Bo,NISHARPUR SO,DHAR HO
DHUNDHYAKHEDI,455339,MURJHAL BO,NEMAWAR SO,DEWAS HO
DHUTKHEDA,455116,MUNDLA DANGI,TONKKHURD SO,DEWAS HO
DIDALI,455336,CHANDWANA BO,KHATEGAON SO,DEWAS HO
DIGARKHEDA,455227,DIGARKHEDA BO,BAGLI SO,DEWAS HO
DIGGIRAJA NAGAR,455001,KSHIPRA,DEWAS HO ,DEWAS HO
DIGLAYI,454001,GULWA BO,DHAR HO,DHAR HO
DIGOD,455227,DIGARKHEDA BO,BAGLI SO,DEWAS HO
Digthan,454773,Digthan BO,D.G Billod SO,DHAR HO
DIGVI,454331,ALI,KUKSHI SO,DHAR HO
DILAWARA,454001,SALKANPUR BO,DHAR HO,DHAR HO
DINGRODA,455001,AALRI BO,DEWAS HO ,DEWAS HO
Diyoli / Deoli,454773,D.G Billod SO,D.G Billod SO,DHAR HO
DK ROYAL ONLINE,454775,Pithampur SO,Pithampur SO,DHAR HO
DODWAPURA,454446,Kalwani Bo,MANAWAR SO,DHAR HO
DODWAPURA,454446,Kuwad Bo,MANAWAR SO,DHAR HO
doganwa,454335,Konda Bo,NISHARPUR SO,DHAR HO
"doi,",454221,Longsari Bo,BAGH SO,DHAR HO
DOKAKUI,455332,DOKAKUI BO,KANNOD SO,DEWAS HO
DOKARKHEDA,455223,TAPPA SHUKLIYA BO,HATPIPLIYA SO,DEWAS HO
DOLATPURA,454660,CHHAYAN BO,BADNAWAR SO,DHAR HO
DOLATPURA,454001,NAGDA BO,DHAR HO,DHAR HO
DOLATPURA,454001,SALKANPUR BO,DHAR HO,DHAR HO
DOLATPURA,454001,UTAWAD BO,DHAR HO,DHAR HO
DOLBAAJ,455440,PANIGAON BO,KANTAPHOD SO,DEWAS HO
DONGALAPANI,455440,JINWANI BO,KANTAPHOD SO,DEWAS HO
dongargaon,454335,Mandvi Bo,NISHARPUR SO,DHAR HO
Dongargaon,454552,Semalda BO,DHAMNOD SO,DHAR HO
dongargaon,454331,Talanpur,KUKSHI SO,DHAR HO
DONGARI,454449,PAGARA BO,DHARAMPURI SO,DHAR HO
DONGLA,454446,Khandlai Jagir,MANAWAR SO,DHAR HO
DONGLAKHOO,455440,PANIGAON BO,KANTAPHOD SO,DEWAS HO
dongliyapani,454331,Talanpur,KUKSHI SO,DHAR HO
DONGLIYAPURA,454446,Kuwad Bo,MANAWAR SO,DHAR HO
DORAPUR,455116,LASUDIYA BRAHAMAN,TONKKHURD SO,DEWAS HO
DOUBLECHOWKI,455221,DOUBLECHOWKI BO,KARNAWAD SO,DEWAS HO
Doul,454552,Semalda BO,DHAMNOD SO,DHAR HO
DUANGARIYA,455111,TIGARIYA GOGA BO,BALGARH SO,DEWAS HO
Dudhikundalpura,454010,Patadapura BO,MANDU SO,DHAR HO
DUDHIPURA,454449,PAGARA BO,DHARAMPURI SO,DHAR HO
DUDHIYA,454446,Jeerabad Bo,MANAWAR SO,DHAR HO
DUDLAI,455118,KANKA KHAJURIA BO,SONKUTCH SO,DEWAS HO
DUDWAL,454665,BHATBAMANDA,KANWAN   SO ,DHAR HO
DUDWAS,455336,DUDWAS BO,KHATEGAON SO,DEWAS HO
DUGLIYA,454660,BORDA BO,BADNAWAR SO,DHAR HO
Dukanpur,454552,Dhani BO,DHAMNOD SO,DHAR HO
Duknimafi,454010,Talwada BO,MANDU SO,DHAR HO
DULWA,455339,BURADA BO,NEMAWAR SO,DEWAS HO
DUNDIWARDI,454001,SALKANPUR BO,DHAR HO,DHAR HO
Dungi,454552,Gujri BO,DHAMNOD SO,DHAR HO
Durgaapura,454010,Bedwapura BO,MANDU SO,DHAR HO
DURGAPURA,455001,SIYA,DEWAS HO ,DEWAS HO
Ehdadpur (unclear),454552,Dhani BO,DHAMNOD SO,DHAR HO
EICHER COMPANY,454775,Pithampur SO,Pithampur SO,DHAR HO
EIDGARH MOHALLA,455116,TONKKHURD ,TONKKHURD SO,DEWAS HO
EKALARA,454001,TAJPUR BO,DHAR HO,DHAR HO
Ekalduna,454773,Ekalduna BO,D.G Billod SO,DHAR HO
EKALRA BUJURG,454449,PAGARA BO,DHARAMPURI SO,DHAR HO
EKLERA,455440,BEDGAON BO,KANTAPHOD SO,DEWAS HO
EKLERA,455227,Bhamori BO,BAGLI SO,DEWAS HO
EKLERA MATAJI,455116,EKLERA MATAJI,TONKKHURD SO,DEWAS HO
EMLIPADA,454660,TILGARA BO,BADNAWAR SO,DHAR HO
FAKIR MOHLLA,454775,Pithampur SO,Pithampur SO,DHAR HO
Falkyaghatpura,454010,Bedwapura BO,MANDU SO,DHAR HO
Famous Villa,454773,D.G Billod SO,D.G Billod SO,DHAR HO
FANGTI,455223,AMLATAJ BO,HATPIPLIYA SO,DEWAS HO
Faraspura,454552,Gujri BO,DHAMNOD SO,DHAR HO
FARASPURA,454449,UMARBAN BO,DHARAMPURI SO,DHAR HO
FATANPUR,455116,NANDEL,TONKKHURD SO,DEWAS HO
FATEGARH COLONY,455336,BHANDARIYA BO,KHATEGAON SO,DEWAS HO
FATEHGARH,455459,NAMANPUR BO,SATWAS SO,DEWAS HO
FATEPURKHEDA,455116,NANDEL,TONKKHURD SO,DEWAS HO
FAWDA,455118,SONKUTCH SO,SONKUTCH SO,DEWAS HO
fifeda,454331,Gajgota,KUKSHI SO,DHAR HO
FIFRIPURA,454001,MOHANPURA BO,DHAR HO,DHAR HO
FOUJI NAGAR,455111,BALGARH BO,BALGARH SO,DEWAS HO
fuledi,454441,khiledi,Amjhera So,DHAR HO
GAADIYA,455332,BAAMNIKHURD BO,KANNOD SO,DEWAS HO
GACHPURA,455227,SEMLINARWADA BO,BAGLI SO,DEWAS HO
GADAGAON,455336,BICHKUWA BO,KHATEGAON SO,DEWAS HO
GADAGHATI,455227,Pandutalab B.O,BAGLI SO,DEWAS HO
GADDUKHEDI,455115,JAMGOD BO,BHORANSA SO,DEWAS HO
GADHI,454660,BHAINSOLA BO,BADNAWAR SO,DHAR HO
GADISHA PIPLYA,455001,BINJANA BO,DEWAS HO ,DEWAS HO
GADIYA,455227,BORKHALYA BO,BAGLI SO,DEWAS HO
Gadiyadagad,454552,Semalda BO,DHAMNOD SO,DHAR HO
GADMAL,454001,NALCHA BO,DHAR HO,DHAR HO
Gadrawad,454116,Narwali BO,RAJGARH SO,DHAR HO
GADVAY,455332,VIKARMPUR BO,KANNOD SO,DEWAS HO
GAGADDI,455111,TIGARIYA GOGA BO,BALGARH SO,DEWAS HO
GAGARNIYA,455116,JAMONIYA,TONKKHURD SO,DEWAS HO
GAJAKHEDI,455440,CK DAM BO,KANTAPHOD SO,DEWAS HO
gajgota,454331,Gajgota,KUKSHI SO,DHAR HO
GAJNOD,454665,GAJNOD,KANWAN   SO ,DHAR HO
Gallamavdi,454010,Kalibel Bo,MANDU SO,DHAR HO
Gamda,454010,KURADIA BO,MANDU SO,DHAR HO
GANDHWADA,454665,BIDWAL,KANWAN   SO ,DHAR HO
Ganesh Nagar,454773,D.G Billod SO,D.G Billod SO,DHAR HO
GANESH PURI,455111,BALGARH BO,BALGARH SO,DEWAS HO
"Gangabayadi,",454446,Bakaner Bo,MANAWAR SO,DHAR HO
GANGANAGAR,454001,TIRLA BO,DHAR HO,DHAR HO
gangapur,454331,kawda,KUKSHI SO,DHAR HO
Gangata,454773,Badchapra BO,D.G Billod SO,DHAR HO
GANJPURA,455118,SONKUTCH SO,SONKUTCH SO,DEWAS HO
GANPATIPURA,454449,LUNHERA BUJURG BO,DHARAMPURI SO,DHAR HO
ganpur,454335,Mandvi Bo,NISHARPUR SO,DHAR HO
GAON,454774,MANDLAWADA BO,Pithampur III SO,DHAR HO
GAON,454774,SULAWAD BO,Pithampur III SO,DHAR HO
GARAKHEDI,455223,KHAJURIYA BINA BO,HATPIPLIYA SO,DEWAS HO
GARDAWAD,454001,GARDAWAD BO,DHAR HO,DHAR HO
gardi,454221,Geta Bo,BAGH SO,DHAR HO
Gardi,455336,PIPALKOTA BO,KHATEGAON SO,DEWAS HO
Garhi,454552,Gujri BO,DHAMNOD SO,DHAR HO
GARIPADA,454665,GAJNOD,KANWAN   SO ,DHAR HO
GARKHEDA,455227,BORPADAW BO,BAGLI SO,DEWAS HO
GARWADA,454660,BHAINSOLA BO,BADNAWAR SO,DHAR HO
GATAPURA,454446,Jotpur Bo,MANAWAR SO,DHAR HO
GAUTAM NAGAR SIDHRAM NAGAR,455111,BALGARH BO,BALGARH SO,DEWAS HO
GAUTAM SCHOOL,454001,JETAPURA BO,DHAR HO,DHAR HO
GAVLA,454001,SADALPUR BO,DHAR HO,DHAR HO
GAYTRI NAGAR,454775,Pithampur SO,Pithampur SO,DHAR HO
GAZNODKHEDA,455221,DOUBLECHOWKI BO,KARNAWAD SO,DEWAS HO
Gehalgaon,454335,Chikhalda Bo,NISHARPUR SO,DHAR HO
GEHLI,455221,DOUBLECHOWKI BO,KARNAWAD SO,DEWAS HO
geta,454221,Geta Bo,BAGH SO,DHAR HO
GHAATI,455332,KALWAR BO,KANNOD SO,DEWAS HO
ghana,454331,kawda,KUKSHI SO,DHAR HO
GHARATKHEDI,455116,BALON,TONKKHURD SO,DEWAS HO
ghatgoan,454335,Lohari Bo,NISHARPUR SO,DHAR HO
GHATIYA BHANA,455118,CHOUBARA JAGIR BO,SONKUTCH SO,DEWAS HO
GHATIYA GAYASUR,455223,BORKHEDA PURVIYA BO,HATPIPLIYA SO,DEWAS HO
GHATIYA KALAN,455118,PIPALRAWAN BO,SONKUTCH SO,DEWAS HO
ghatoda,454441,dasai,Amjhera So,DHAR HO
GHENNARA,454660,BHAINSOLA BO,BADNAWAR SO,DHAR HO
GHICHLAY,455118,PIPALRAWAN BO,SONKUTCH SO,DEWAS HO
ghoda,454331,Talwadi,KUKSHI SO,DHAR HO
GHODHABAV,454001,TIRLA BO,DHAR HO,DHAR HO
GHODIGHAT,455336,CHANDWANA BO,KHATEGAON SO,DEWAS HO
Ghore,454116,Narwali BO,RAJGARH SO,DHAR HO
GHOTAMANDALI,455336,LINGAPANI BO,KHATEGAON SO,DEWAS HO
Ghotiyadev,454221,Pipariyapani Bo,BAGH SO,DHAR HO
GHUDIYA,455459,ATWAS BO,SATWAS SO,DEWAS HO
GHUDIYA,455227,Chapda B.O,BAGLI SO,DEWAS HO
Ghughripura,454010,Patadapura BO,MANDU SO,DHAR HO
GHUSAT,455223,TAPPA SHUKLIYA BO,HATPIPLIYA SO,DEWAS HO
GHYAN SCHOOL OF NURSING,454001,PADLIYA BO,DHAR HO,DHAR HO
GHYAN SIKHSA MAHAVIDHYALAY,454001,PADLIYA BO,DHAR HO,DHAR HO
GHYANPURA,454001,CHIKHLIYA BO,DHAR HO,DHAR HO
GHYANPURA,454001,NALCHA BO,DHAR HO,DHAR HO
Gindolimal,454010,Lunhera Bo,MANDU SO,DHAR HO
GIRLAKHEDI,455118,DEVGURADIA BO,SONKUTCH SO,DEWAS HO
GITA SHREE DREAM CITY,455111,BALGARH BO,BALGARH SO,DEWAS HO
GITTIKHADAN,455111,BALGARH BO,BALGARH SO,DEWAS HO
giwaniya,454331,Giwaniya,KUKSHI SO,DHAR HO
GOAN,454446,Panwa Bo,MANAWAR SO,DHAR HO
GODNA,455440,GODNA BO,KANTAPHOD SO,DEWAS HO
GODNAPATHAR,455440,GODNA BO,KANTAPHOD SO,DEWAS HO
gogaon,454331,Loni,KUKSHI SO,DHAR HO
GOGAVA,454449,KOTHDA BO,DHARAMPURI SO,DHAR HO
GOGIYA,455001,KELOD BO,DEWAS HO ,DEWAS HO
GOLA,455223,AMLATAJ BO,HATPIPLIYA SO,DEWAS HO
GOLA GUTHAN,455336,BICHKUWA BO,KHATEGAON SO,DEWAS HO
GOLAWADA,454001,PALWADA BO,DHAR HO,DHAR HO
GOLDEN CITY,455111,BALGARH BO,BALGARH SO,DEWAS HO
Golpura,454010,KURADIA BO,MANDU SO,DHAR HO
GOLPURA,454001,SULTANPUR BO,DHAR HO,DHAR HO
GOLPURA,454446,Tonki Bo,MANAWAR SO,DHAR HO
GOLPURA,455336,DUDWAS BO,KHATEGAON SO,DEWAS HO
GONDALYA,455001,BANGARDA BO,DEWAS HO ,DEWAS HO
GONDIKHEDA,454660,RAJOD BO,BADNAWAR SO,DHAR HO
Good Time,454773,D.G Billod SO,D.G Billod SO,DHAR HO
Gopal pura,455223,HATPIPLIYA SO,HATPIPLIYA SO,DEWAS HO
GOPALKHEDI,454665,BAMANDAKALAN,KANWAN   SO ,DHAR HO
GOPALPUR,455336,HARNAGAON BO,KHATEGAON SO,DEWAS HO
Gopalpura,454335,Sirsi Bo,NISHARPUR SO,DHAR HO
GOPALPURA,455221,PATADI BO,KARNAWAD SO,DEWAS HO
GOPALPURA,455227,GURADIYAKALA BO,BAGLI SO,DEWAS HO
GOPI GURADIYA,455221,BARKHEDA SOMA BO,KARNAWAD SO,DEWAS HO
GOPIPUR,455227,KAMLAPUR BO,BAGLI SO,DEWAS HO
Gori Pipli,454116,Tirla BO,RAJGARH SO,DHAR HO
GORKHEDI,455001,AAGROD BO,DEWAS HO ,DEWAS HO
GORWA,455116,GORWA,TONKKHURD SO,DEWAS HO
GOVERDHANPURA,454665,GAJNOD,KANWAN   SO ,DHAR HO
GOVINDKHEDI,454001,SULTANPUR BO,DHAR HO,DHAR HO
GOVINDPURA,454774,KUWARSI BO,Pithampur III SO,DHAR HO
GOVINDPURA,454001,SADALPUR BO,DHAR HO,DHAR HO
GOWADI,455227,GOWADI BO,BAGLI SO,DEWAS HO
GOYALA,455116,LASUDIYA BRAHAMAN,TONKKHURD SO,DEWAS HO
GOYAPURA,454449,UMARBAN BO,DHARAMPURI SO,DHAR HO
Green Park,455223,HATPIPLIYA SO,HATPIPLIYA SO,DEWAS HO
Guda,454552,Dhani BO,DHAMNOD SO,DHAR HO
Guda,454116,Narwali BO,RAJGARH SO,DHAR HO
GUDBAIL,455332,DOKAKUI BO,KANNOD SO,DEWAS HO
GUDLAK TRANSPORT,454775,Pithampur SO,Pithampur SO,DHAR HO
Gudrel,454116,Amba Bo,RAJGARH SO,DHAR HO
gufa,454221,Karkada Bo,BAGH SO,DHAR HO
Gugalpura,454116,Gumanpura BO,RAJGARH SO,DHAR HO
GUGLI,454001,NALCHA BO,DHAR HO,DHAR HO
GUJARGAON,455339,SANDALPUR BO,NEMAWAR SO,DEWAS HO
GUJJAR BAPCHA,455115,JAMGOD BO,BHORANSA SO,DEWAS HO
GULATI,454449,PIPALDAGADHI BO,DHARAMPURI SO,DHAR HO
GULGAON,455336,KANKARIYA BO,KHATEGAON SO,DEWAS HO
Gulharjhiri,454010,Kunjrod BO,MANDU SO,DHAR HO
GULIYADHAD,455459,BHAMER BO,SATWAS SO,DEWAS HO
Guliyakhedi,454116,Taraghati Bo,RAJGARH SO,DHAR HO
Guljhara,454552,Bikhrone BO,DHAMNOD SO,DHAR HO
Guljhari,454552,Bikhrone BO,DHAMNOD SO,DHAR HO
Gulripada,454111,LAABRIYA BO,SARDARPUR SO,DHAR HO
GULRIYA,454660,RAJOD BO,BADNAWAR SO,DHAR HO
GULWA,454001,GULWA BO,DHAR HO,DHAR HO
Gumanpura,454010,Talwada BO,MANDU SO,DHAR HO
GUNAI,455115,BHORANSA SO,BHORANSA SO,DEWAS HO
GUNAWAD,454001,GUNAWAD BO,DHAR HO,DHAR HO
GUNDIKHEDA,454660,DELCHI BO,BADNAWAR SO,DHAR HO
GUNERA,455227,Chapda B.O,BAGLI SO,DEWAS HO
GUNERI,455227,Chapda B.O,BAGLI SO,DEWAS HO
gungidevi,454441,bhuriakund ,Amjhera So,DHAR HO
GUNHERA,454001,BAGDI BO,DHAR HO,DHAR HO
GUNIYARA,454001,SIYARI BO,DHAR HO,DHAR HO
GUNNAS,455339,EKLERA BO,NEMAWAR SO,DEWAS HO
GURAD-DA,455227,RATANPUR BO,BAGLI SO,DEWAS HO
Guradiya,454116,Chanlimata BO,RAJGARH SO,DHAR HO
Guradiya,454116,Narwali BO,RAJGARH SO,DHAR HO
GURADIYA BHIL,455001,SIROLIYA,DEWAS HO ,DEWAS HO
GURADIYA GURJAR,455001,MUNDAHEDA BO,DEWAS HO ,DEWAS HO
GURADIYA GURJAR,455118,PANDA JAGIR Bo,SONKUTCH SO,DEWAS HO
GURADIYA HATU,455223,DEVGARH BO,HATPIPLIYA SO,DEWAS HO
GURADIYA RAO,455227,SALKHETYA BO,BAGLI SO,DEWAS HO
GURADIYA SURDAS,455116,JAMONIYA,TONKKHURD SO,DEWAS HO
GURADIYAKALA,455227,GURADIYAKALA BO,BAGLI SO,DEWAS HO
Gurdaliya,454116,Narwali BO,RAJGARH SO,DHAR HO
GURIYA,455223,KHAJURIYA BINA BO,HATPIPLIYA SO,DEWAS HO
Guriya road,455223,HATPIPLIYA SO,HATPIPLIYA SO,DEWAS HO
GUTHARIYAPURA,454449,KALIBAWDI BO,DHARAMPURI SO,DHAR HO
Guvadi,454116,Jolana BO,RAJGARH SO,DHAR HO
Guwadi,454111,JOLANA BO,SARDARPUR SO,DHAR HO
gwalabaydi,454331,susari,KUKSHI SO,DHAR HO
Gwaliyawadi,454552,Semalda BO,DHAMNOD SO,DHAR HO
Gwaljhiri,454111,KHUTPALA BO,SARDARPUR SO,DHAR HO
GWALRUNDI,454665,BIDWAL,KANWAN   SO ,DHAR HO
GYARASPURA,455223,NANUKHEDA BO,HATPIPLIYA SO,DEWAS HO
GYARASPURA,455227,KOHDIYA BO,BAGLI SO,DEWAS HO
Gyasabad,454773,Badchapra BO,D.G Billod SO,DHAR HO
HADKAJHAR,454660,BAKHATGARH BO,BADNAWAR SO,DHAR HO
HAIDERPUR,455223,DEVGARH BO,HATPIPLIYA SO,DEWAS HO
HAJARTPUR,454001,SULTANPUR BO,DHAR HO,DHAR HO
HALADEY,454449,PAGARA BO,DHARAMPURI SO,DHAR HO
haldi,454331,haldi,KUKSHI SO,DHAR HO
HAMIRKHEDI,455227,KHERKHEDI BO,BAGLI SO,DEWAS HO
HANDIYA KUNDIYA,454660,BORDA BO,BADNAWAR SO,DHAR HO
HANUMAN ROAD,455111,BALGARH BO,BALGARH SO,DEWAS HO
HANUMANJIPURA,454446,Rantalav Bo,MANAWAR SO,DHAR HO
Hanumantia Singeshwar,454111,JOLANA BO,SARDARPUR SO,DHAR HO
Hanumantikaag,454111,BOLA BO,SARDARPUR SO,DHAR HO
Hanumantiya,454552,Gujri BO,DHAMNOD SO,DHAR HO
Hanumantiyasingeshwar,454116,Jolana BO,RAJGARH SO,DHAR HO
HANUMANTYA,454660,BAKHATGARH BO,BADNAWAR SO,DHAR HO
Hanumantya,454446,Jatpura Bo,MANAWAR SO,DHAR HO
HANUMANTYA,454446,Kuwad Bo,MANAWAR SO,DHAR HO
HANUMANTYA,454660,RUNI BO,BADNAWAR SO,DHAR HO
hanumantya padam pura,454441,chotia,Amjhera So,DHAR HO
HAPAKHEDA,455001,SIROLIYA,DEWAS HO ,DEWAS HO
HAPSIKHEDI,454001,KOT BHIDOTA BO,DHAR HO,DHAR HO
Haranjapda,454446,Gandhwani Bo,MANAWAR SO,DHAR HO
HARJIPURA,455223,TAPPA SHUKLIYA BO,HATPIPLIYA SO,DEWAS HO
HARNAVDA,455118,SONKUTCH SO,SONKUTCH SO,DEWAS HO
HARNAWADA,455116,HARNAWADA,TONKKHURD SO,DEWAS HO
HARNIYA,454446,Balwarikhurd Bo,MANAWAR SO,DHAR HO
HARSHORA,454001,SADALPUR BO,DHAR HO,DHAR HO
HASANPURA,454449,KALIBAWDI BO,DHARAMPURI SO,DHAR HO
HATHI GURADIYA,455223,DEVGARH BO,HATPIPLIYA SO,DEWAS HO
Hathwada,454010,Kunjrod BO,MANDU SO,DHAR HO
HATLAY,455332,KUSMANIYA BO,KANNOD SO,DEWAS HO
HATNAWAR,454449,PAGARA BO,DHARAMPURI SO,DHAR HO
HATNORI,455440,BIJWAD BO,KANTAPHOD SO,DEWAS HO
hatod,454441,hatod,Amjhera So,DHAR HO
Hatyapan,454111,SALVA BO,SARDARPUR SO,DHAR HO
HAVELIPURA,454449,KALIBAWDI BO,DHARAMPURI SO,DHAR HO
HAWANKHEDI,455001,BINJANA BO,DEWAS HO ,DEWAS HO
HAWELI,454446,Jotpur Bo,MANAWAR SO,DHAR HO
HAYADI,455440,BHESUN BO,KANTAPHOD SO,DEWAS HO
HAYASAKHEDI(1),455440,CK DAM BO,KANTAPHOD SO,DEWAS HO
HAYASKHEDI(2),455440,NAYAPURA BO,KANTAPHOD SO,DEWAS HO
HDFC BANK,454775,Pithampur SO,Pithampur SO,DHAR HO
HEBATPURA,455001,SALAMKHEDI,DEWAS HO ,DEWAS HO
Hedri,454010,Hedri BO,MANDU SO,DHAR HO
HEERAPUR,455227,UDAY NAGAR,BAGLI SO,DEWAS HO
Heladad,454335,Bhawriya Bo,NISHARPUR SO,DHAR HO
HEMBARDI,454001,NALCHA BO,DHAR HO,DHAR HO
Hillkhedi,454773,Badchapra BO,D.G Billod SO,DHAR HO
HIMMATGARH,454001,PADLIYA BO,DHAR HO,DHAR HO
HIMMATPURA,455116,TONKKHURD ,TONKKHURD SO,DEWAS HO
Hindustan Agro,454773,D.G Billod SO,D.G Billod SO,DHAR HO
Hirapur,454552,Semalda BO,DHAMNOD SO,DHAR HO
HIRAPUR,455223,MENDIYA BO,HATPIPLIYA SO,DEWAS HO
HIRAPUR,455221,PATADI BO,KARNAWAD SO,DEWAS HO
HIRAPUR,455440,CK DAM BO,KANTAPHOD SO,DEWAS HO
Hirapura,454010,Jamanjhiri BO,MANDU SO,DHAR HO
HIRLI,455001,BAIRAGARH BO,DEWAS HO ,DEWAS HO
HKG HOSPITAL,454775,Pithampur SO,Pithampur SO,DHAR HO
HOSHIYARKHEDI,455001,MARETHI,DEWAS HO ,DEWAS HO
HOUSING BORD,455111,BALGARH BO,BALGARH SO,DEWAS HO
IBRAHIMPURA,454449,KALIBAWDI BO,DHARAMPURI SO,DHAR HO
IDBI BANK,454775,Pithampur SO,Pithampur SO,DHAR HO
idla,454221,Tanda Bo,BAGH SO,DHAR HO
IDRIYAPURA,454446,Jeerabad Bo,MANAWAR SO,DHAR HO
ILACHPUR,455118,PANDA JAGIR Bo,SONKUTCH SO,DEWAS HO
ILASKHEDI,455001,AAGROD BO,DEWAS HO ,DEWAS HO
ILASKHEDI,455116,MUNDLA DANGI,TONKKHURD SO,DEWAS HO
IMALIPADA,454660,CHHAYAN BO,BADNAWAR SO,DHAR HO
IMALIPADA,454660,RUNI BO,BADNAWAR SO,DHAR HO
Imalipura,454111,FOOLGAADI BO,SARDARPUR SO,DHAR HO
Imli,454773,Badchapra BO,D.G Billod SO,DHAR HO
IMLIPADA,454660,RAJOD BO,BADNAWAR SO,DHAR HO
Imlipura,454010,Kalibel Bo,MANDU SO,DHAR HO
IMLIPURA,454001,SULTANPUR BO,DHAR HO,DHAR HO
Imlipura,454552,Gujri BO,DHAMNOD SO,DHAR HO
IMLIPURA,455227,UDAY NAGAR,BAGLI SO,DEWAS HO
INADPURA,454660,BAKHATGARH BO,BADNAWAR SO,DHAR HO
Inchur,454116,Chanlimata BO,RAJGARH SO,DHAR HO
Indala,454446,Bilda Bo,MANAWAR SO,DHAR HO
Indira nagar,454552,Bikhrone BO,DHAMNOD SO,DHAR HO
INDIRAGANDHI HOMYOPATHIK,454001,JETAPURA BO,DHAR HO,DHAR HO
INDISTRAIL AREA SEC 3,454774,Pithampur III SO,Pithampur III SO,DHAR HO
INDORAMA,454774,Pithampur III SO,Pithampur III SO,DHAR HO
Indra Colony,455223,HATPIPLIYA SO,HATPIPLIYA SO,DEWAS HO
INDRAPURI,455459,SENDRANI BO,SATWAS SO,DEWAS HO
INDUS TOWN,454775,Pithampur SO,Pithampur SO,DHAR HO
INDUS TOWN COLONY,454775,Pithampur SO,Pithampur SO,DHAR HO
Industrial Area,454773,Digthan BO,D.G Billod SO,DHAR HO
industrial kshetra 03,455111,NAGDA BO,BALGARH SO,DEWAS HO
ISHAKPURKHEDI,454449,LUNHERA BUJURG BO,DHARAMPURI SO,DHAR HO
ISHKIYAPURA,454446,Kuwad Bo,MANAWAR SO,DHAR HO
ISHKIYAPURA,454446,Lunhera sadak BO,MANAWAR SO,DHAR HO
ISHWAR NAGARAMBE NAGAR,455111,BALGARH BO,BALGARH SO,DEWAS HO
ISMAILKHEDI,455227,KHERKHEDI BO,BAGLI SO,DEWAS HO
IT BHATTA,455001,BINJANA BO,DEWAS HO ,DEWAS HO
JAAMNER,455339,BURADA BO,NEMAWAR SO,DEWAS HO
JABALPUR,455440,BEDGAON BO,KANTAPHOD SO,DEWAS HO
JABDA,454660,TILGARA BO,BADNAWAR SO,DHAR HO
Jagdishpur,455118,BABAI BO,SONKUTCH SO,DEWAS HO
JAGIR AJIJKHEDI,455001,NIPANIYA BO,DEWAS HO ,DEWAS HO
JAGTHA,455332,KUSMANIYA BO,KANNOD SO,DEWAS HO
Jai,454116,Amba Bo,RAJGARH SO,DHAR HO
JAISWALPURA,454449,KALIBAWDI BO,DHARAMPURI SO,DHAR HO
JALALKHEDI,455001,AAGROD BO,DEWAS HO ,DEWAS HO
JALAMPURA,454665,BIDWAL,KANWAN   SO ,DHAR HO
JALERIYA,455118,SONKUTCH SO,SONKUTCH SO,DEWAS HO
jali,454221,Ukala Bo,BAGH SO,DHAR HO
JALOD,454001,PALWADA BO,DHAR HO,DHAR HO
JALODIYA,455115,BADI CHURLAI BO,BHORANSA SO,DEWAS HO
JALODIYA DEV,455118,BISAKHEDI BO,SONKUTCH SO,DEWAS HO
JALODKHETA,454665,GAJNOD,KANWAN   SO ,DHAR HO
JALOKHIYA,454001,SULTANPUR BO,DHAR HO,DHAR HO
jalwat,454331,kawda,KUKSHI SO,DHAR HO
JALWAY,454774,KUWARSI BO,Pithampur III SO,DHAR HO
jam nahar,455111,NAGDA BO,BALGARH SO,DEWAS HO
Jamal,454446,Bilda Bo,MANAWAR SO,DHAR HO
jamal,454221,Piparibag Bo,BAGH SO,DHAR HO
Jamanghati,454010,Sarai BO,MANDU SO,DHAR HO
Jamanjhiri,454010,Jamanjhiri BO,MANDU SO,DHAR HO
JAMANJHIRI,454449,KALIBAWDI BO,DHARAMPURI SO,DHAR HO
JAMANJIRI,455440,NAYAPURA BO,KANTAPHOD SO,DEWAS HO
JAMANJIRI,455227,DHANTALAB BO,BAGLI SO,DEWAS HO
JAMANPATI,454446,Latamali Bo,MANAWAR SO,DHAR HO
JAMBUR KHEDI,454001,DEDLA BO,DHAR HO,DHAR HO
jamda,454331,Jamda,KUKSHI SO,DHAR HO
JAMGOD,455118,TALOD,SONKUTCH SO,DEWAS HO
JAMGOD,455115,JAMGOD BO,BHORANSA SO,DEWAS HO
JAMLA,454446,Latamali Bo,MANAWAR SO,DHAR HO
Jamlabag,454221,Jamlabag Bo,BAGH SO,DHAR HO
JAMLI,455223,AMLATAJ BO,HATPIPLIYA SO,DEWAS HO
JAMMODI,455118,CHOUBARA JAGIR BO,SONKUTCH SO,DEWAS HO
JAMNADA,454001,TAJPUR BO,DHAR HO,DHAR HO
JAMNAYA,454449,PAGARA BO,DHARAMPURI SO,DHAR HO
Jamnda,454010,Jamanjhiri BO,MANDU SO,DHAR HO
JAMNIYA,455223,TAPPA SHUKLIYA BO,HATPIPLIYA SO,DEWAS HO
JAMNIYA MOTHA,454449,UMARBAN BO,DHARAMPURI SO,DHAR HO
JAMNIYAKHURD,454449,KALIBAWDI BO,DHARAMPURI SO,DHAR HO
"Jamniyapur,",454446,Jatpura Bo,MANAWAR SO,DHAR HO
jamniyapura,454221,Karkada Bo,BAGH SO,DHAR HO
JAMODI,454774,BRANCH OFFICE KHANDWA,Pithampur III SO,DHAR HO
JAMODI,455116,JAMONIYA,TONKKHURD SO,DEWAS HO
JAMONIYA,455116,JAMONIYA,TONKKHURD SO,DEWAS HO
JAMRAPURA,454449,LUNHERA BUJURG BO,DHARAMPURI SO,DHAR HO
JAMRAPURA,454449,PAGARA BO,DHARAMPURI SO,DHAR HO
JAMRAPURA,454449,TAWLAI BO,DHARAMPURI SO,DHAR HO
JAMUNIYA,455001,BANGARDA BO,DEWAS HO ,DEWAS HO
jamuniya,455332,THURIYA BO,KANNOD SO,DEWAS HO
JAMUNIYANAKA,454660,BAKHATGARH BO,BADNAWAR SO,DHAR HO
JAMUNIYANAKA,454660,RUNI BO,BADNAWAR SO,DHAR HO
JANGIPUR,455115,BHORANSA SO,BHORANSA SO,DEWAS HO
JANJHERWADI,455111,TIGRIYA CHHOTA BO,BALGARH SO,DEWAS HO
JANOIKHEDI,455001,PATLAWADA,DEWAS HO ,DEWAS HO
JANOLIKHURD,455116,NANDEL,TONKKHURD SO,DEWAS HO
JANSUR,455440,JINWANI BO,KANTAPHOD SO,DEWAS HO
JASMATPURA,455440,NAYAPURA BO,KANTAPHOD SO,DEWAS HO
JASMYA,455001,RANDHANKHEDI,DEWAS HO ,DEWAS HO
JASODGARH,455001,SIYA,DEWAS HO ,DEWAS HO
Jat Colony,454773,D.G Billod SO,D.G Billod SO,DHAR HO
Jatpura,455223,HATPIPLIYA SO,HATPIPLIYA SO,DEWAS HO
Javkhedi,454116,Ringnod BO,RAJGARH SO,DHAR HO
Jawani,454773,D.G Billod SO,D.G Billod SO,DHAR HO
JAWASIYA,455001,MUNDAHEDA BO,DEWAS HO ,DEWAS HO
JAY NAGAR / SHANTIDHAM,454775,Pithampur SO,Pithampur SO,DHAR HO
jaynagar,454335,Limbol Bo,NISHARPUR SO,DHAR HO
Jayswal Colony,454773,D.G Billod SO,D.G Billod SO,DHAR HO
JEERABAD PALACE,454001,PADLIYA BO,DHAR HO,DHAR HO
JETAPUR,454446,Mirjapur Bo,MANAWAR SO,DHAR HO
Jethgarh,454221,Ukala Bo,BAGH SO,DHAR HO
JETPURA,454001,JETAPURA BO,DHAR HO,DHAR HO
Jetpura,454116,Kanjrota Bo,RAJGARH SO,DHAR HO
jhaba,454221,Karkada Bo,BAGH SO,DHAR HO
Jhabariya,455336,PIPALKOTA BO,KHATEGAON SO,DEWAS HO
Jhad Sangvi,454116,Gumanpura BO,RAJGARH SO,DHAR HO
JHADIBARODA,454774,KUWARSI BO,Pithampur III SO,DHAR HO
JHAGADAVATPADA,454660,CHHAYAN BO,BADNAWAR SO,DHAR HO
Jhai,454116,Narwali BO,RAJGARH SO,DHAR HO
Jhakrud,454552,Sundrel BO,DHAMNOD SO,DHAR HO
Jhangirpura,454552,Piplaz BO,DHAMNOD SO,DHAR HO
JHARAN,454446,Bori Bo,MANAWAR SO,DHAR HO
JHARAN,454446,Jeerabad Bo,MANAWAR SO,DHAR HO
JHARIPADA,454660,BAKHATGARH BO,BADNAWAR SO,DHAR HO
JHARKHEDI,455116,AGROD,TONKKHURD SO,DEWAS HO
jhdada,454221,Longsari Bo,BAGH SO,DHAR HO
"jhdadi,",454221,Longsari Bo,BAGH SO,DHAR HO
jhekda,454221,Dehri Bo,BAGH SO,DHAR HO
Jhijhapada,454111,SALVA BO,SARDARPUR SO,DHAR HO
JHIJHARARH,454660,BAKHATGARH BO,BADNAWAR SO,DHAR HO
JHIKALI,454660,DOTRYA BO ,BADNAWAR SO,DHAR HO
JHIKNIYABARDI,454001,SIYARI BO,DHAR HO,DHAR HO
JHINJHOTA,454660,RAJOD BO,BADNAWAR SO,DHAR HO
JHINJHPADA,454660,SANDLA BO,BADNAWAR SO,DHAR HO
JHIRI,455227,RAJGARH BO,BAGLI SO,DEWAS HO
JHIRI KHO,455227,Bhamori BO,BAGLI SO,DEWAS HO
Jhirniya,454010,KURADIA BO,MANDU SO,DHAR HO
JHIRNIYA,455336,SUKARDI BO,KHATEGAON SO,DEWAS HO
JHIRNYA,455459,NAMANPUR BO,SATWAS SO,DEWAS HO
Jhirpanya,454221,Akhada BO,BAGH SO,DHAR HO
JHULAGARH,455227,Pankunwa B.O,BAGLI SO,DEWAS HO
JIJAJIGARH,455116,JIJAJIGARH,TONKKHURD SO,DEWAS HO
jikri,454221,Dehri Bo,BAGH SO,DHAR HO
JILA JAIL,454001,MOHANPURA BO,DHAR HO,DHAR HO
JINWANI,455459,KHIRODA BO,SATWAS SO,DEWAS HO
JINWANI,455440,JINWANI BO,KANTAPHOD SO,DEWAS HO
Jirapura,454010,Lunhera Bo,MANDU SO,DHAR HO
JIRWAY,455118,DEVGURADIA BO,SONKUTCH SO,DEWAS HO
JIVAN JYOTI,454774,Pithampur III SO,Pithampur III SO,DHAR HO
Jives Company,454773,D.G Billod SO,D.G Billod SO,DHAR HO
JODPIPLI,455227,Pipri B.O,BAGLI SO,DEWAS HO
JODWA,454446,Bori Bo,MANAWAR SO,DHAR HO
jogardi,454331,jogardi,KUKSHI SO,DHAR HO
Jogiya,454446,Bilda Bo,MANAWAR SO,DHAR HO
jogiyapura,454221,Piparibag Bo,BAGH SO,DHAR HO
Jogna,454116,Tirla BO,RAJGARH SO,DHAR HO
jogtalai,454331,kundara,KUKSHI SO,DHAR HO
JOJAKPURA,455227,SEMLINARWADA BO,BAGLI SO,DEWAS HO
JOLAY,455118,NIPANIYA HURHUR BO,SONKUTCH SO,DEWAS HO
JUHAVDA,454001,SADALPUR BO,DHAR HO,DHAR HO
Julvaliya,454116,Jolana BO,RAJGARH SO,DHAR HO
Julwania,454111,JOLANA BO,SARDARPUR SO,DHAR HO
JULWANIYA,454446,Lunhera sadak BO,MANAWAR SO,DHAR HO
JULWANIYA,454446,Pipli Bo,MANAWAR SO,DHAR HO
"Julwaniya,",454446,Bagliya Bo,MANAWAR SO,DHAR HO
JUMNA VIHAR,455111,BALGARH BO,BALGARH SO,DEWAS HO
JUNA KOTHDA,455118,BABAI BO,SONKUTCH SO,DEWAS HO
Junapaani,454116,Dattigaon BO,RAJGARH SO,DHAR HO
JUNAPAANI BUJURG,455336,HARNAGAON BO,KHATEGAON SO,DEWAS HO
Junapani,454010,Kalibel Bo,MANDU SO,DHAR HO
JUNAPANI KHURD,455336,GANORA BO,KHATEGAON SO,DEWAS HO
Junidhal,454010,Kalibel Bo,MANDU SO,DHAR HO
KAATKUT,455332,KAATKUT BO,KANNOD SO,DEWAS HO
KABARPADA,454660,BHAINSOLA BO,BADNAWAR SO,DHAR HO
Kabitpura,455223,HATPIPLIYA SO,HATPIPLIYA SO,DEWAS HO
KABRYAJHADI,454660,BAKHATGARH BO,BADNAWAR SO,DHAR HO
KACCHI GURADIA,455118,TALOD,SONKUTCH SO,DEWAS HO
KACHAN,454001,NALCHA BO,DHAR HO,DHAR HO
KACHHADAR,454449,SAKALDA BO,DHARAMPURI SO,DHAR HO
Kachhavakhedi,454111,SALVA BO,SARDARPUR SO,DHAR HO
KACHNARIYA,454660,RAJOD BO,BADNAWAR SO,DHAR HO
KACHNARIYA,455118,GARH KHAJURIA BO,SONKUTCH SO,DEWAS HO
KADIPURA,454449,BOHARLA BO,DHARAMPURI SO,DHAR HO
kadmal,454335,Kadmal Bo,NISHARPUR SO,DHAR HO
KADODHURD,454665,BAMANDAKALAN,KANWAN   SO ,DHAR HO
KADOLA,454001,KOT BHIDOTA BO,DHAR HO,DHAR HO
KADOLA KHURD,454001,UTAWAD BO,DHAR HO,DHAR HO
Kadwal,454446,Bilda Bo,MANAWAR SO,DHAR HO
kadwal,454221,Ghatbori Bo,BAGH SO,DHAR HO
KADWALIPURA,454446,Jeerabad Bo,MANAWAR SO,DHAR HO
Kadwalya Gram Panchayat,454552,Dhani BO,DHAMNOD SO,DHAR HO
Kagdipura,454010,KURADIA BO,MANDU SO,DHAR HO
KAILASHNAGAR,455227,RAJGARH BO,BAGLI SO,DEWAS HO
KAJLIVAN,455223,MAHUKHEDA BO,HATPIPLIYA SO,DEWAS HO
Kakadkuwa,454221,Dhodhardi Bo,BAGH SO,DHAR HO
Kakadpura,454552,Dhani BO,DHAMNOD SO,DHAR HO
KAKADPURA,454446,Kuwad Bo,MANAWAR SO,DHAR HO
KAKALPURA,454001,NALCHA BO,DHAR HO,DHAR HO
Kakalwa,454116,Tirla BO,RAJGARH SO,DHAR HO
KAKARPURA,454449,ZIRVI BO,DHARAMPURI SO,DHAR HO
KAKDDI,455332,ONKARA BO,KANNOD SO,DEWAS HO
Kakdpada,454116,Chanlimata BO,RAJGARH SO,DHAR HO
Kakrda,454552,Gujri BO,DHAMNOD SO,DHAR HO
kakriya,454331,Gajgota,KUKSHI SO,DHAR HO
Kalabhata,454446,Jajamkhedi Bo,MANAWAR SO,DHAR HO
KALALDA,454449,LUNHERA BUJURG BO,DHARAMPURI SO,DHAR HO
KALALPURA,454449,BOHARLA BO,DHARAMPURI SO,DHAR HO
KALALPURA,454449,PAGARA BO,DHARAMPURI SO,DHAR HO
KALAMKHEDI.UTTARSI,454001,UTAWAD BO,DHAR HO,DHAR HO
KALAMPURA,454449,KALIBAWDI BO,DHARAMPURI SO,DHAR HO
KALAMTALAI,455227,LAXMI NAGAR BO,BAGLI SO,DEWAS HO
KALANI COLD STORE,454775,Pithampur SO,Pithampur SO,DHAR HO
KALAPATHA,455440,BIJWAD BO,KANTAPHOD SO,DEWAS HO
KALAPHATA,454001,TIRLA BO,DHAR HO,DHAR HO
KALIBAI,455332,AAMLA BO,KANNOD SO,DEWAS HO
KALIBAI,455332,ONKARA BO,KANNOD SO,DEWAS HO
KALIBAWDI,454449,KALIBAWDI BO,DHARAMPURI SO,DHAR HO
Kalibel,454010,Kalibel Bo,MANDU SO,DHAR HO
Kalichaat,454116,Jolana BO,RAJGARH SO,DHAR HO
Kalichat,454111,JOLANA BO,SARDARPUR SO,DHAR HO
kalidevi,454221,Ukala Bo,BAGH SO,DHAR HO
Kalikarai,454111,JOLANA BO,SARDARPUR SO,DHAR HO
Kalikirai,454010,KURADIA BO,MANDU SO,DHAR HO
KALIKIRAY,454446,Kuwad Bo,MANAWAR SO,DHAR HO
Kalikiray,454010,Patadapura BO,MANDU SO,DHAR HO
Kalikiray,454552,Tarapura BO,DHAMNOD SO,DHAR HO
KALIKOTHI,455227,RAJGARH BO,BAGLI SO,DEWAS HO
Kalikrai,454116,Jolana BO,RAJGARH SO,DHAR HO
KALIRATRI,455440,SURMANIYA BO,KANTAPHOD SO,DEWAS HO
Kaliyadeh,454010,Talwada BO,MANDU SO,DHAR HO
KALIYADEH,455001,BAROTHA BO,DEWAS HO ,DEWAS HO
KALLUKHEDI,455116,EKLERA MATAJI,TONKKHURD SO,DEWAS HO
KALMA,455001,KALMA BO,DEWAS HO ,DEWAS HO
kalmani,454331,Badda,KUKSHI SO,DHAR HO
Kalmi,454331,Dholiya,KUKSHI SO,DHAR HO
KALORA,454665,SEMLIYA ,KANWAN   SO ,DHAR HO
KALSADA,454001,KALSADA BO,DHAR HO,DHAR HO
Kalsada Khurd,454773,Kalsada Khurd BO,D.G Billod SO,DHAR HO
KALUKHEDI,454001,LABRAWADA BO,DHAR HO,DHAR HO
KALUKHEDI,455001,BILAWALI BO,DEWAS HO ,DEWAS HO
KALUKHEDI,455118,ANABAD BO,SONKUTCH SO,DEWAS HO
KALWAR,455332,KALWAR BO,KANNOD SO,DEWAS HO
Kalyana Gram Panchayat,454552,Dhani BO,DHAMNOD SO,DHAR HO
KALYANPURA,454660,DHAMAMA BO,BADNAWAR SO,DHAR HO
KAMALPURA,455118,PANDA JAGIR Bo,SONKUTCH SO,DEWAS HO
KAMANA NAGAR,455111,BALGARH BO,BALGARH SO,DEWAS HO
KAMATH,455227,RAMPURA BO,BAGLI SO,DEWAS HO
KAMLAPUR,455227,KAMLAPUR BO,BAGLI SO,DEWAS HO
KAMLAPURKHEDA,455116,AGROD,TONKKHURD SO,DEWAS HO
KAMTA,454446,Anjanai Bo,MANAWAR SO,DHAR HO
KANA,455339,SANDALPUR BO,NEMAWAR SO,DEWAS HO
KANABUJURG,455336,CHICHLI RAJOR BO,KHATEGAON SO,DEWAS HO
KANAD,455227,Pandutalab B.O,BAGLI SO,DEWAS HO
KANADIA MAHORE,455118,GANDHARVPURI BO,SONKUTCH SO,DEWAS HO
KANASIYAPURA,454449,KALIBAWDI BO,DHARAMPURI SO,DHAR HO
KANAWAL CHIDHHAWAD,454001,KALSADA BO,DHAR HO,DHAR HO
KANCHANPUR,455001,BILAWALI BO,DEWAS HO ,DEWAS HO
KANDA,455440,GODNA BO,KANTAPHOD SO,DEWAS HO
KANDARAKHEDI,455116,LASUDIYA KULMI,TONKKHURD SO,DEWAS HO
KANDARIYA,454001,KESUR BO,DHAR HO,DHAR HO
KANDYA,455227,KANDYA BO,BAGLI SO,DEWAS HO
Kaneriya,454010,Kunjrod BO,MANDU SO,DHAR HO
KANERIYA,455223,TAPPA SHUKLIYA BO,HATPIPLIYA SO,DEWAS HO
Kanheri,454221,Kanheri bhatyari Bo,BAGH SO,DHAR HO
KANHERIYA,455116,NANDEL,TONKKHURD SO,DEWAS HO
KANJAR,455227,KOHDIYA BO,BAGLI SO,DEWAS HO
Kanjipura,455336,UMARIYA BO,KHATEGAON SO,DEWAS HO
KANKADDA,455115,BHORANSA SO,BHORANSA SO,DEWAS HO
KANKADKHEDI,455459,NANDANA BO,SATWAS SO,DEWAS HO
Kankadkui,455336,SUKARDI BO,KHATEGAON SO,DEWAS HO
KANKRAJ,454660,PANCHAKWASA BO,BADNAWAR SO,DHAR HO
KANKUND,455115,ANWLIA PIPLIA BO,BHORANSA SO,DEWAS HO
KANWASA,454660,BALODA BO,BADNAWAR SO,DHAR HO
KANWLASA,455336,AJNAS BO,KHATEGAON SO,DEWAS HO
KANYASIKHSA PARISAR,454001,MOHANPURA BO,DHAR HO,DHAR HO
KANYASIKSHA PARISAR,454001,JETAPURA BO,DHAR HO,DHAR HO
kapasi,454331,kapasi,KUKSHI SO,DHAR HO
kapasipura,454331,kapasi,KUKSHI SO,DHAR HO
kapasthal,454441,sagwal,Amjhera So,DHAR HO
KARADIYA,454001,BILODA BO,DHAR HO,DHAR HO
KARADIYA,455001,PADLIYA BO,DEWAS HO ,DEWAS HO
KARADIYA,455221,CHOUBAPIPLIYA BO,KARNAWAD SO,DEWAS HO
KARADIYA PARI,455118,SONKUTCH SO,SONKUTCH SO,DEWAS HO
KARAMDIKHORA,454660,DELCHI BO,BADNAWAR SO,DHAR HO
Karamdiya,454116,Ringnod BO,RAJGARH SO,DHAR HO
Karamtalai,454010,Bhiltalwada BO,MANDU SO,DHAR HO
KARANJWA,454001,GUNAWAD BO,DHAR HO,DHAR HO
karanpura,454221,Tanda Bo,BAGH SO,DHAR HO
KARANPURA,454660,TILGARA BO,BADNAWAR SO,DHAR HO
karchat,454221,Dhodhardi Bo,BAGH SO,DHAR HO
karda,454441,keshvi,Amjhera So,DHAR HO
KARDI,455227,CHANDUPURA BO,BAGLI SO,DEWAS HO
KARENI,454446,Bori Bo,MANAWAR SO,DHAR HO
karjwani,454331,Gajgota,KUKSHI SO,DHAR HO
karkada,454221,Karkada Bo,BAGH SO,DHAR HO
KARMANKHEDI,455001,BAROTHA BO,DEWAS HO ,DEWAS HO
KARNAKHEDI,455001,SINGAWADA,DEWAS HO ,DEWAS HO
KARODA,454660,KACHIBARODA BO,BADNAWAR SO,DHAR HO
KAROND,455339,BIJALGAON  BO,NEMAWAR SO,DEWAS HO
Karond Bujurg,455336,SUKARDI BO,KHATEGAON SO,DEWAS HO
KAROND KHURD,455336,HARNAGAON BO,KHATEGAON SO,DEWAS HO
Karondiya,454773,Digthan BO,D.G Billod SO,DHAR HO
KARONDIYA,454446,Jeerabad Bo,MANAWAR SO,DHAR HO
Karondiya,454010,Karondiya BO,MANDU SO,DHAR HO
KARONDIYA,455227,Agurli BO,BAGLI SO,DEWAS HO
Karondiyakhali,454010,Bedwapura BO,MANDU SO,DHAR HO
KARONDIYHAMOTA,454449,SAKALDA BO,DHARAMPURI SO,DHAR HO
katabari,454331,Talwadi,KUKSHI SO,DHAR HO
Katanesh,454116,Jolana BO,RAJGARH SO,DHAR HO
Katanesh,454111,JOLANA BO,SARDARPUR SO,DHAR HO
Katara,454552,Tarapura BO,DHAMNOD SO,DHAR HO
katarkheda,454331,Dasana,KUKSHI SO,DHAR HO
"Katarpura,",454446,Bilda Bo,MANAWAR SO,DHAR HO
KATHODIYA,454001,GULWA BO,DHAR HO,DHAR HO
kati,454221,Geta Bo,BAGH SO,DHAR HO
KATLAWADA,454001,NAGDA BO,DHAR HO,DHAR HO
KATLAWDA,454665,BAMANDAKALAN,KANWAN   SO ,DHAR HO
KATLAY,455332,SONKHEDI BO,KANNOD SO,DEWAS HO
katnera,454335,Deshwaliya Bo,NISHARPUR SO,DHAR HO
KATUKYA,455227,Pipri B.O,BAGLI SO,DEWAS HO
Kavadiya,454552,Dhani BO,DHAMNOD SO,DHAR HO
KAWADPADA,454660,BHAINSOLA BO,BADNAWAR SO,DHAR HO
Kawavis,454116,Dattigaon BO,RAJGARH SO,DHAR HO
KAWCHAPURA,454449,LUNHERA BUJURG BO,DHARAMPURI SO,DHAR HO
KAWCHAPURA,454449,LUNHERA BUJURG BO,DHARAMPURI SO,DHAR HO
kawda,454331,kawda,KUKSHI SO,DHAR HO
KAWDI,455001,AAGROD BO,DEWAS HO ,DEWAS HO
kawdikheda,454331,kapasi,KUKSHI SO,DHAR HO
KAWLAIKHURD,454449,KOTHDA BO,DHARAMPURI SO,DHAR HO
Kddalpada,454116,Jolana BO,RAJGARH SO,DHAR HO
KEHJLIYAPURA,454001,NALCHA BO,DHAR HO,DHAR HO
kelikala,454441,ratakot,Amjhera So,DHAR HO
KELOD,455001,KELOD BO,DEWAS HO ,DEWAS HO
KESAR COMPLEX,454775,Pithampur SO,Pithampur SO,DHAR HO
KESARPURA,454660,BAKHATGARH BO,BADNAWAR SO,DHAR HO
KESHARPURA,454665,BIDWAL,KANWAN   SO ,DHAR HO
kesharpura,454441,sagwal,Amjhera So,DHAR HO
KESHARPURA,454449,SAKALDA BO,DHARAMPURI SO,DHAR HO
keshavi,454441,keshvi,Amjhera So,DHAR HO
KESUR,454001,KESUR BO,DHAR HO,DHAR HO
Kevrimal,454010,KURADIA BO,MANDU SO,DHAR HO
KEWATIYA PANI,455227,PALASI BO,BAGLI SO,DEWAS HO
KHAARI,455459,KITKHEDI BO,SATWAS SO,DEWAS HO
KHACHRODA,454001,KHACHRODA BO,DHAR HO,DHAR HO
KHADANBUZURG,454001,PADLIYA BO,DHAR HO,DHAR HO
KHADI,454001,BILODA BO,DHAR HO,DHAR HO
KHADIMOLI,454449,UMARBAN BO,DHARAMPURI SO,DHAR HO
KHADKIYA,454446,Bori Bo,MANAWAR SO,DHAR HO
KHADYAGHAT,454449,BOHARLA BO,DHARAMPURI SO,DHAR HO
khaidi,455332,THURIYA BO,KANNOD SO,DEWAS HO
KHAIDIPURA,455227,CHANDUPURA BO,BAGLI SO,DEWAS HO
KHAJURIYA,454665,KHANDIGARA ,KANWAN   SO ,DHAR HO
KHAJURIYA,455118,KANKA KHAJURIA BO,SONKUTCH SO,DEWAS HO
KHAJURIYA,455001,NIPANIYA BO,DEWAS HO ,DEWAS HO
KHAJURIYA BINA,455223,KHAJURIYA BINA BO,HATPIPLIYA SO,DEWAS HO
KHAJURIYA PARMAR,455001,MUNDAHEDA BO,DEWAS HO ,DEWAS HO
KHAJURIYA SADAR,455001,MUNDAHEDA BO,DEWAS HO ,DEWAS HO
Khajurpada,454111,LAABRIYA BO,SARDARPUR SO,DHAR HO
Khakhariya Ghat,454111,SALVA BO,SARDARPUR SO,DHAR HO
KHAKHAROD,454660,DOTRYA BO ,BADNAWAR SO,DHAR HO
KHAL,455440,BEDGAON BO,KANTAPHOD SO,DEWAS HO
Khalsa dukni,454010,Talwada BO,MANDU SO,DHAR HO
Khamdipada,454116,Jolana BO,RAJGARH SO,DHAR HO
Khamdipada,454111,JOLANA BO,SARDARPUR SO,DHAR HO
KHAMLA,454001,UTAWAD BO,DHAR HO,DHAR HO
KHANDANKHURD,454001,MOHANPURA BO,DHAR HO,DHAR HO
KHANDIGARA,454665,KHANDIGARA ,KANWAN   SO ,DHAR HO
khandlai,454331,jogardi,KUKSHI SO,DHAR HO
KHANDWA,454774,BRANCH OFFICE KHANDWA,Pithampur III SO,DHAR HO
Khandwa,454335,Pipliya Bo,NISHARPUR SO,DHAR HO
Khaniamba,454116,Narwali BO,RAJGARH SO,DHAR HO
Khanpur,454010,Billodakhurd BO,MANDU SO,DHAR HO
KHANPURA,454001,PADLIYA BO,DHAR HO,DHAR HO
khaperkheda,454335,Kadmal Bo,NISHARPUR SO,DHAR HO
KHAPRAS,455336,BICHKUWA BO,KHATEGAON SO,DEWAS HO
KHARADI,455440,SURMANIYA BO,KANTAPHOD SO,DEWAS HO
KHARADIPADA,454660,BORDA BO,BADNAWAR SO,DHAR HO
kharajna,454331,Loni,KUKSHI SO,DHAR HO
KHARAMPUR,454001,CHIKHLIYA BO,DHAR HO,DHAR HO
KHARBARI,454446,Anjanai Bo,MANAWAR SO,DHAR HO
KHARDA,455339,KOLARI  BO,NEMAWAR SO,DEWAS HO
KHARELI,455001,KHARELI BO,DEWAS HO ,DEWAS HO
Kharjuni,454111,LAINDGAANV BO,SARDARPUR SO,DHAR HO
KHARPDI,455118,BISAKHEDI BO,SONKUTCH SO,DEWAS HO
Kharpura,454446,Ekalwara Bo,MANAWAR SO,DHAR HO
KHARPURA,454446,Karoli Bo,MANAWAR SO,DHAR HO
KHARPURA,454449,PAGARA BO,DHARAMPURI SO,DHAR HO
KHARSI,455118,DOULATPUR BO,SONKUTCH SO,DEWAS HO
kharsoda,454441,dhamnda,Amjhera So,DHAR HO
Kharwa,454116,Gumanpura BO,RAJGARH SO,DHAR HO
kharwat,454331,Gajgota,KUKSHI SO,DHAR HO
KHATADGAON,454449,PAGARA BO,DHARAMPURI SO,DHAR HO
KHATAMAU,455336,LINGAPANI BO,KHATEGAON SO,DEWAS HO
KHATAMBA,455115,JAMGOD BO,BHORANSA SO,DEWAS HO
khatami,454331,Gajgota,KUKSHI SO,DHAR HO
KHATEDIYA,455221,PATADI BO,KARNAWAD SO,DEWAS HO
KHATI BHONDIYA,454774,BRANCH OFFICE KHANDWA,Pithampur III SO,DHAR HO
KHATIYA,455440,BEDGAON BO,KANTAPHOD SO,DEWAS HO
khattali,454331,Dholiya,KUKSHI SO,DHAR HO
KHATTIYAPURA,454449,TAWLAI BO,DHARAMPURI SO,DHAR HO
KHATYAPURA,454449,KALIBAWDI BO,DHARAMPURI SO,DHAR HO
KHEDA,454774,BRANCH OFFICE KHANDWA,Pithampur III SO,DHAR HO
KHEDA,454660,DOTRYA BO ,BADNAWAR SO,DHAR HO
KHEDA,454660,KHEDA BO,BADNAWAR SO,DHAR HO
KHEDA,454446,Kuwad Bo,MANAWAR SO,DHAR HO
KHEDA,455118,DOULATPUR BO,SONKUTCH SO,DEWAS HO
KHEDA,455459,NANDANA BO,SATWAS SO,DEWAS HO
KHEDA,455440,CK DAM BO,KANTAPHOD SO,DEWAS HO
KHEDAKHAL,455227,DHANTALAB BO,BAGLI SO,DEWAS HO
KHEDAPURA,454449,LUNHERA BUJURG BO,DHARAMPURI SO,DHAR HO
KHEDAPURA,454449,LUNHERA BUJURG BO,DHARAMPURI SO,DHAR HO
KHEDI,454660,BHAINSOLA BO,BADNAWAR SO,DHAR HO
KHEDI,454660,BORDA BO,BADNAWAR SO,DHAR HO
KHEDI,454446,Jotpur Bo,MANAWAR SO,DHAR HO
Khedi,454010,KURADIA BO,MANDU SO,DHAR HO
Khedi,454116,Ringnod BO,RAJGARH SO,DHAR HO
KHEDI,455339,KOLARI  BO,NEMAWAR SO,DEWAS HO
"Khedi,",454446,Jatpura Bo,MANAWAR SO,DHAR HO
KHEDIPADA,454660,RAJOD BO,BADNAWAR SO,DHAR HO
KHEDIPURA,455440,SUNDREL BO,KANTAPHOD SO,DEWAS HO
KHEDIRAJPURA,455116,BHUTIYA BUJURG,TONKKHURD SO,DEWAS HO
KHEDKHEDA,454660,RUNI BO,BADNAWAR SO,DHAR HO
khedli,454331,Talwadi,KUKSHI SO,DHAR HO
KHEJAPURA,454449,LUNHERA BUJURG BO,DHARAMPURI SO,DHAR HO
Khejkhedi Dhara,454552,Dhani BO,DHAMNOD SO,DHAR HO
KHERI,455440,PANIGAON BO,KANTAPHOD SO,DEWAS HO
KHERIYA SAHU,455118,SONKUTCH SO,SONKUTCH SO,DEWAS HO
KHERIYHAKHODRI,454449,BOHARLA BO,DHARAMPURI SO,DHAR HO
Kherkheda,455336,PIPALKOTA BO,KHATEGAON SO,DEWAS HO
KHERKHEDI,455227,KHERKHEDI BO,BAGLI SO,DEWAS HO
KHEROD,454001,KHEROD BO,DHAR HO,DHAR HO
Kherpura,454010,Talwada BO,MANDU SO,DHAR HO
kherwa,454221,Akhada BO,BAGH SO,DHAR HO
KHERWA,454446,Jalkhan Bo,MANAWAR SO,DHAR HO
KHERWAS,454660,DHAMAMA BO,BADNAWAR SO,DHAR HO
KHETAKHEDI NAYAPURA,455001,RAJODA,DEWAS HO ,DEWAS HO
KHETIKHEDA,455332,BAAMNIKHURD BO,KANNOD SO,DEWAS HO
KHIDKIYA,455339,KOLARI  BO,NEMAWAR SO,DEWAS HO
KHIDKIYA KALA DADIYALA KUNDU,454001,SIYARI BO,DHAR HO,DHAR HO
KHILCHIPURA,454001,TORNOD BO,DHAR HO,DHAR HO
khiledi,454441,khiledi,Amjhera So,DHAR HO
KHILEDI,454001,SADALPUR BO,DHAR HO,DHAR HO
KHINDARAKHEDI,455116,JIJAJIGARH,TONKKHURD SO,DEWAS HO
KHIRNIKHEDA,455336,CHANDWANA BO,KHATEGAON SO,DEWAS HO
Khodi,454446,Bilda Bo,MANAWAR SO,DHAR HO
KHODRA,454449,LUNHERA BUJURG BO,DHARAMPURI SO,DHAR HO
KHOJAKUA,454446,Khojakua Bo,MANAWAR SO,DHAR HO
KHOKHARI,454660,DOTRYA BO ,BADNAWAR SO,DHAR HO
Khokhariya,454552,Balwari BO,DHAMNOD SO,DHAR HO
KHOKHDIYA MARG,454001,SULTANPUR BO,DHAR HO,DHAR HO
KHOKRIYA,455223,NANUKHEDA BO,HATPIPLIYA SO,DEWAS HO
KHOKRIYA,455115,KHOKRIYA BO,BHORANSA SO,DEWAS HO
KHONPIRPIPLIYA,455115,BHORANSA SO,BHORANSA SO,DEWAS HO
KHORCHA,454001,SULTANPUR BO,DHAR HO,DHAR HO
khothda kalan,454441,chotia,Amjhera So,DHAR HO
KHOYRA,455118,GARH KHAJURIA BO,SONKUTCH SO,DEWAS HO
KHUDGAON,455336,CHICHLI RAJOR BO,KHATEGAON SO,DEWAS HO
KHUDGAON,455336,CHICHLI RAJOR BO,KHATEGAON SO,DEWAS HO
KHUDLA,454446,Anjanai Bo,MANAWAR SO,DHAR HO
KHULGAON,455339,BURADA BO,NEMAWAR SO,DEWAS HO
KHUPGAO,455227,RAJGARH BO,BAGLI SO,DEWAS HO
KHURD,454446,Kachhawada Bo,MANAWAR SO,DHAR HO
KHURD,455227,Pankunwa B.O,BAGLI SO,DEWAS HO
khurdpura,454331,Talanpur,KUKSHI SO,DHAR HO
kikrwas,454331,Dharamray,KUKSHI SO,DHAR HO
KILODA (B),455332,BAAGANKHEDA BO,KANNOD SO,DEWAS HO
KILODA (P),455332,PATRANI BO,KANNOD SO,DEWAS HO
KILOLI,454001,BIJUR BO,DHAR HO,DHAR HO
KILOLI,454660,RAJOD BO,BADNAWAR SO,DHAR HO
KINDURIYA,455116,MUNDLA DANGI,TONKKHURD SO,DEWAS HO
KIRADIYAPURA,454449,LUNHERA BUJURG BO,DHARAMPURI SO,DHAR HO
KIRCHALIBAYDI,454449,PAGARA BO,DHARAMPURI SO,DHAR HO
Kiriya,454116,Chhadawad BO,RAJGARH SO,DHAR HO
KIRTAN KHEDI,455227,SALKHETYA BO,BAGLI SO,DEWAS HO
Kisani kunda,454010,Lunhera Bo,MANDU SO,DHAR HO
KISANPURA,455116,TONKKHURD ,TONKKHURD SO,DEWAS HO
KISANPURA,455336,SUKARDI BO,KHATEGAON SO,DEWAS HO
KISHANGARH,455221,PATADI BO,KARNAWAD SO,DEWAS HO
KISHANGARH,455227,Pankunwa B.O,BAGLI SO,DEWAS HO
KISHANOPUR BEYDI,454449,ZIRVI BO,DHARAMPURI SO,DHAR HO
KISHANPURA,454665,SHERGAD ,KANWAN   SO ,DHAR HO
KITI,455459,DHANSHAD BO,SATWAS SO,DEWAS HO
KITIYA,455332,KUSMANIYA BO,KANNOD SO,DEWAS HO
KITKHEDI,455459,KITKHEDI BO,SATWAS SO,DEWAS HO
KITOLAKHURD,455440,BEDGAON BO,KANTAPHOD SO,DEWAS HO
KOD,454665,KOD ,KANWAN   SO ,DHAR HO
KODAPURA,455223,AMLATAJ BO,HATPIPLIYA SO,DEWAS HO
KODLIPADA,454660,CHHAYAN BO,BADNAWAR SO,DHAR HO
KOHDIYA,455227,KOHDIYA BO,BAGLI SO,DEWAS HO
KOKALJHIRI,454001,SIYARI BO,DHAR HO,DHAR HO
Kokari,454446,Bilda Bo,MANAWAR SO,DHAR HO
KOKLAKHEDI,455001,BANGARDA BO,DEWAS HO ,DEWAS HO
kolgoan,454335,Nanoda Bo,NISHARPUR SO,DHAR HO
KOLIPURA,454446,Kuwad Bo,MANAWAR SO,DHAR HO
KOLIYAPURA,455227,CHANDUPURA BO,BAGLI SO,DEWAS HO
KOLUBHATTA,455227,PUNJAPURA BO,BAGLI SO,DEWAS HO
KOLUKHEDI,455001,AAGROD BO,DEWAS HO ,DEWAS HO
Koluyabari,454446,Bilda Bo,MANAWAR SO,DHAR HO
konda,454335,Konda Bo,NISHARPUR SO,DHAR HO
KOPLA,455223,NANUKHEDA BO,HATPIPLIYA SO,DEWAS HO
KORIYA,454449,BOHARLA BO,DHARAMPURI SO,DHAR HO
KORIYA KAKRIYA,455336,GANORA BO,KHATEGAON SO,DEWAS HO
KOSDANA,454446,Khojakua Bo,MANAWAR SO,DHAR HO
koswada,454335,Mandvi Bo,NISHARPUR SO,DHAR HO
KOT BHITOTA,454001,KOT BHIDOTA BO,DHAR HO,DHAR HO
kota,454221,Piparibag Bo,BAGH SO,DHAR HO
Kotadakalan,454116,Jolana BO,RAJGARH SO,DHAR HO
kotba,454331,Gajgota,KUKSHI SO,DHAR HO
KOTDA PUNARWAS,454449,KOTHDA BO,DHARAMPURI SO,DHAR HO
Kotdakala,454111,JOLANA BO,SARDARPUR SO,DHAR HO
KOTESHWAR,454665,GAJNOD,KANWAN   SO ,DHAR HO
KOTHDA,454449,KOTHDA BO,DHARAMPURI SO,DHAR HO
KOTHDA,454001,SALKANPUR BO,DHAR HO,DHAR HO
KOTHDA,455332,KOTHDA BO,KANNOD SO,DEWAS HO
KOTHDA,455459,DHANSHAD BO,SATWAS SO,DEWAS HO
KOTHDA,455227,SALKHETYA BO,BAGLI SO,DEWAS HO
KOTHDI,455332,KOTHDA BO,KANNOD SO,DEWAS HO
Kothi,454010,Sodpur BO,MANDU SO,DHAR HO
Kothida,454552,Bharudpura BO,DHAMNOD SO,DHAR HO
KOTHMIR,455332,PATRANI BO,KANNOD SO,DEWAS HO
Kotisanda,454446,Awaldaman Bo,MANAWAR SO,DHAR HO
KOTKHEDA,455440,LOHARDA BO,KANTAPHOD SO,DEWAS HO
Kotkhedi,455336,UMARIYA BO,KHATEGAON SO,DEWAS HO
KRASHI VIGYAN KENDRA,455111,BALGARH BO,BALGARH SO,DEWAS HO
Krelabtada,454552,Gujri BO,DHAMNOD SO,DHAR HO
KRISHNA COLONY,454775,Pithampur SO,Pithampur SO,DHAR HO
KRISHNAPURA,454774,KUWARSI BO,Pithampur III SO,DHAR HO
Krishnapura,455223,HATPIPLIYA SO,HATPIPLIYA SO,DEWAS HO
Krondiya,454010,Talwada BO,MANDU SO,DHAR HO
Krondiya maal,454010,Talwada BO,MANDU SO,DHAR HO
KSHIPRA,455001,KSHIPRA,DEWAS HO ,DEWAS HO
KULALA,455115,SANWARSI BO,BHORANSA SO,DEWAS HO
KULAWAD,455221,DEHRIYA SAHU BO,KARNAWAD SO,DEWAS HO
KULCHIPURA,455227,CHANDUPURA BO,BAGLI SO,DEWAS HO
Kuldipada,454116,Jolana BO,RAJGARH SO,DHAR HO
Kuldipada,454111,JOLANA BO,SARDARPUR SO,DHAR HO
KUMALDI,455118,BISAKHEDI BO,SONKUTCH SO,DEWAS HO
KUMANGAON,455332,AAMLA BO,KANNOD SO,DEWAS HO
Kumar Gadiya,454773,D.G Billod SO,D.G Billod SO,DHAR HO
KUMARIA RAO,455118,BISAKHEDI BO,SONKUTCH SO,DEWAS HO
KUMARIYA,455111,TIGRIYA CHHOTA BO,BALGARH SO,DEWAS HO
Kumariyakhedi,454116,Bhangarh BO,RAJGARH SO,DHAR HO
Kumariyakhedi,454116,Bhangarh BO,RAJGARH SO,DHAR HO
Kumarkhadi,454116,Timaichi BO,RAJGARH SO,DHAR HO
Kumarpath,454111,BHOPAVAR BO,SARDARPUR SO,DHAR HO
KUMEDI,454665,BIDWAL,KANWAN   SO ,DHAR HO
Kunarpada,454116,Tirla BO,RAJGARH SO,DHAR HO
Kundalpada,454111,JOLANA BO,SARDARPUR SO,DHAR HO
kundara,454331,kundara,KUKSHI SO,DHAR HO
KUNDERSHI,454001,KOT BHIDOTA BO,DHAR HO,DHAR HO
KUNDGAON(BUJURG),455339,MURJHAL BO,NEMAWAR SO,DEWAS HO
KUNDGAON(KHURD),455339,MURJHAL BO,NEMAWAR SO,DEWAS HO
Kundi,454446,Bilda Bo,MANAWAR SO,DHAR HO
KUNDI,454446,Bori Bo,MANAWAR SO,DHAR HO
kundi,454335,Mandvi Bo,NISHARPUR SO,DHAR HO
KUNDI,454446,Singhana Bo,MANAWAR SO,DHAR HO
KUNDIYA,454001,SALKANPUR BO,DHAR HO,DHAR HO
KUNDIYAPURA,454449,ZIRVI BO,DHARAMPURI SO,DHAR HO
Kundli,454010,Bhiltalwada BO,MANDU SO,DHAR HO
KUNGASA,455339,DEEPGAON  BO,NEMAWAR SO,DEWAS HO
KUNJRAKHEDRA,454001,NALCHA BO,DHAR HO,DHAR HO
KUNWARSI GAON,454774,KUWARSI BO,Pithampur III SO,DHAR HO
Kuradada,454446,Bilda Bo,MANAWAR SO,DHAR HO
Kuradia,454010,KURADIA BO,MANDU SO,DHAR HO
kurchada,454221,Nayawel Bo,BAGH SO,DHAR HO
"Kurdujeta,",454221,Kurdujeta Bo,BAGH SO,DHAR HO
KUSAWADA,454001,KHEROD BO,DHAR HO,DHAR HO
Kushalpura,454116,Amba Bo,RAJGARH SO,DHAR HO
KUSMANIYA,455332,KUSMANIYA BO,KANNOD SO,DEWAS HO
Kusumbhiya,454552,Gujri BO,DHAMNOD SO,DHAR HO
Kutedi,454116,Narwali BO,RAJGARH SO,DHAR HO
KUTIRPURA,454449,BOHARLA BO,DHARAMPURI SO,DHAR HO
Kuttalab,454116,Chanlimata BO,RAJGARH SO,DHAR HO
KUWAD,454446,Kuwad Bo,MANAWAR SO,DHAR HO
L& T FIANCE,454775,Pithampur SO,Pithampur SO,DHAR HO
LABRAWADA,454001,LABRAWADA BO,DHAR HO,DHAR HO
LAKDANI,455332,PATRANI BO,KANNOD SO,DEWAS HO
LAKUMDI,455118,NIPANIYA HURHUR BO,SONKUTCH SO,DEWAS HO
LALAKHEDI,455118,DOULATPUR BO,SONKUTCH SO,DEWAS HO
LALAKHEDI,455223,MAHUKHEDA BO,HATPIPLIYA SO,DEWAS HO
Lalbagh,454552,Balwari BO,DHAMNOD SO,DHAR HO
Lalgad,454552,Bharudpura BO,DHAMNOD SO,DHAR HO
Lalgarh,454111,SALVA BO,SARDARPUR SO,DHAR HO
LALGUVADI,454660,CHHAYAN BO,BADNAWAR SO,DHAR HO
LALIPIPLIYA,455223,DEVGARH BO,HATPIPLIYA SO,DEWAS HO
LALKHEDI,455440,LOHARDA BO,KANTAPHOD SO,DEWAS HO
Lalmatya,454552,Tarapura BO,DHAMNOD SO,DHAR HO
Lambi ghati,454010,Kunjrod BO,MANDU SO,DHAR HO
LAMPTA,454660,BORDA BO,BADNAWAR SO,DHAR HO
LANGDAPURA,454449,KALIBAWDI BO,DHARAMPURI SO,DHAR HO
Lanpura,454116,Amba Bo,RAJGARH SO,DHAR HO
Lasngaouw,454552,Khalghat BO,DHAMNOD SO,DHAR HO
LASUDIYA,454001,LABRAWADA BO,DHAR HO,DHAR HO
LASUDIYA,455227,MATMOR BO,BAGLI SO,DEWAS HO
LASUDIYA BRAHAMAN,455116,LASUDIYA BRAHAMAN,TONKKHURD SO,DEWAS HO
LASUDIYA KULMI,455116,LASUDIYA KULMI,TONKKHURD SO,DEWAS HO
LASULDIYA,455001,NALESARA,DEWAS HO ,DEWAS HO
LASULDIYA CHATRADHAR,455001,SINGAWADA,DEWAS HO ,DEWAS HO
LASULDIYA HATU,455223,DEVGARH BO,HATPIPLIYA SO,DEWAS HO
LASULDIYA NAJDIK,455001,RAJODA,DEWAS HO ,DEWAS HO
LATAMLI,454446,Latamali Bo,MANAWAR SO,DHAR HO
LAWANI,454449,SAKALDA BO,DHARAMPURI SO,DHAR HO
LAWANI,454449,SAKALDA BO,DHARAMPURI SO,DHAR HO
LAWRAS,455339,SANDALPUR BO,NEMAWAR SO,DEWAS HO
LAXMI CJHAL,455111,BALGARH BO,BALGARH SO,DEWAS HO
LAXMI NAGAR,455227,LAXMI NAGAR BO,BAGLI SO,DEWAS HO
LAXMIPURA,455001,AAGROD BO,DEWAS HO ,DEWAS HO
Lebadchowki,454773,Lebadchowki BO,D.G Billod SO,DHAR HO
Lebadgaon,454773,Lebadchowki BO,D.G Billod SO,DHAR HO
LEKHI,455440,BHESUN BO,KANTAPHOD SO,DEWAS HO
LGB / DPH Company,454773,D.G Billod SO,D.G Billod SO,DHAR HO
LILA CROWN PARK,455111,BALGARH BO,BALGARH SO,DEWAS HO
LILI,455332,VIKARMPUR BO,KANNOD SO,DEWAS HO
LILIKHEDI,454660,CHHAYAN BO,BADNAWAR SO,DHAR HO
LIMBODA,455001,BANGAR BO,DEWAS HO ,DEWAS HO
LIMBODA,455223,LIMBODA,HATPIPLIYA SO,DEWAS HO
Limboda Fhata,455223,HATPIPLIYA SO,HATPIPLIYA SO,DEWAS HO
limbol,454335,Limbol Bo,NISHARPUR SO,DHAR HO
Limdakheda,454116,Timaichi BO,RAJGARH SO,DHAR HO
Limdapada,454116,Timaichi BO,RAJGARH SO,DHAR HO
"Lingawa,",454335,Lingawa Bo,NISHARPUR SO,DHAR HO
LITTLE FLOWER SCHOOL,454001,TORNOD BO,DHAR HO,DHAR HO
Lobhanpura,454010,Talwada BO,MANDU SO,DHAR HO
Logarpura,454552,Tarapura BO,DHAMNOD SO,DHAR HO
LOHA TAPPER,455440,JINWANI BO,KANTAPHOD SO,DEWAS HO
LOHAR PIPLYA,455001,KSHIPRA,DEWAS HO ,DEWAS HO
lohara,454331,talwada,KUKSHI SO,DHAR HO
LOHARDA,455440,LOHARDA BO,KANTAPHOD SO,DEWAS HO
lohari,454335,Lohari Bo,NISHARPUR SO,DHAR HO
Lohari,454552,Semalda BO,DHAMNOD SO,DHAR HO
LOHARI,455001,MARETHI,DEWAS HO ,DEWAS HO
LOHARI BUZURG,454001,KOT BHIDOTA BO,DHAR HO,DHAR HO
LONDIYA,455118,KANKA KHAJURIA BO,SONKUTCH SO,DEWAS HO
"longsari,",454221,Longsari Bo,BAGH SO,DHAR HO
loni,454331,Loni,KUKSHI SO,DHAR HO
"Loni,",454446,Jatpura Bo,MANAWAR SO,DHAR HO
LSA COLLAGE,454001,JETAPURA BO,DHAR HO,DHAR HO
Lunhera,454010,Lunhera Bo,MANDU SO,DHAR HO
LUNHERA BUJURG,454449,LUNHERA BUJURG BO,DHARAMPURI SO,DHAR HO
LUNHERA KHURD,454449,PIPALDAGADHI BO,DHARAMPURI SO,DHAR HO
"lunhera,",454221,Longsari Bo,BAGH SO,DHAR HO
MAANPURIA,455332,BAAMNIKHURD BO,KANNOD SO,DEWAS HO
MAATHNI,455332,KAATKUT BO,KANNOD SO,DEWAS HO
MACHKADA,454001,SADALPUR BO,DHAR HO,DHAR HO
MACHLAYI,454001,SULTANPUR BO,DHAR HO,DHAR HO
MACHWAS,455332,PATRANI BO,KANNOD SO,DEWAS HO
MADANPUR,455227,LAXMI NAGAR BO,BAGLI SO,DEWAS HO
Madawpura,454773,Digthan BO,D.G Billod SO,DHAR HO
Madhaliya,454116,Amba Bo,RAJGARH SO,DHAR HO
MADHAVGAD,454665,SHERGAD ,KANWAN   SO ,DHAR HO
MADHIYAPURA,454449,ZIRVI BO,DHARAMPURI SO,DHAR HO
MADHOPURKHEDA,455116,AGROD,TONKKHURD SO,DEWAS HO
Madhupura,454116,Bimrod BO,RAJGARH SO,DHAR HO
MADIYA,455223,DEVGARH BO,HATPIPLIYA SO,DEWAS HO
MADLESHWAR,455336,CHICHLI RAJOR BO,KHATEGAON SO,DEWAS HO
MAFIPURA,454001,MOHANPURA BO,DHAR HO,DHAR HO
Magajpura,454010,Talwada BO,MANDU SO,DHAR HO
MAGARIYAPADA,454660,CHHAYAN BO,BADNAWAR SO,DHAR HO
MAGRADEH,455227,PUTLIPURA BO,BAGLI SO,DEWAS HO
MAGRADEV,455227,UDAY NAGAR,BAGLI SO,DEWAS HO
MAGRIYA,455115,BHORANSA SO,BHORANSA SO,DEWAS HO
MAGRIYA,455459,ATWAS BO,SATWAS SO,DEWAS HO
MAGRYA,454660,RAJOD BO,BADNAWAR SO,DHAR HO
Mahalaxmi Nagar,454773,D.G Billod SO,D.G Billod SO,DHAR HO
Mahankal Marg,455223,HATPIPLIYA SO,HATPIPLIYA SO,DEWAS HO
MAHAPURA,454449,KOTHDA BO,DHARAMPURI SO,DHAR HO
Maharajkhedi,454773,Digthan BO,D.G Billod SO,DHAR HO
MAHEDPURA,454001,NAGORA BO,DHAR HO,DHAR HO
Mahendikhedi,454010,Sodpur BO,MANDU SO,DHAR HO
Maheshwari Nagar,454773,D.G Billod SO,D.G Billod SO,DHAR HO
MAHIGAO,455227,Pandutalab B.O,BAGLI SO,DEWAS HO
MAHINDRA TWO WHEELAR,454775,Pithampur SO,Pithampur SO,DHAR HO
MAHU,455223,AMLATAJ BO,HATPIPLIYA SO,DEWAS HO
MAHUDIYA,455223,TAPPA SHUKLIYA BO,HATPIPLIYA SO,DEWAS HO
MAHUDIYA,455332,KALWAR BO,KANNOD SO,DEWAS HO
MAHUDIYA,455221,SANNOD BO,KARNAWAD SO,DEWAS HO
MAHUDIYA KHALSA,455227,DIGARKHEDA BO,BAGLI SO,DEWAS HO
mahuj,454221,Ukala Bo,BAGH SO,DHAR HO
MAHUKHEDA,455223,MAHUKHEDA BO,HATPIPLIYA SO,DEWAS HO
MAIDANPURA,454449,KALIBAWDI BO,DHARAMPURI SO,DHAR HO
Mailkhedi,454552,Gujri BO,DHAMNOD SO,DHAR HO
makadwani,454331,badwaniya,KUKSHI SO,DHAR HO
MAKANI,454001,NAGDA BO,DHAR HO,DHAR HO
"Makdi,",454221,Tanda Bo,BAGH SO,DHAR HO
MAKDIYA,455227,Chapda B.O,BAGLI SO,DEWAS HO
MAKKARKHEDI,454665,BIDWAL,KANWAN   SO ,DHAR HO
MAKODIYA,455111,TIGRIYA CHHOTA BO,BALGARH SO,DEWAS HO
MAKUND GARH,455227,GURADIYAKALA BO,BAGLI SO,DEWAS HO
MALAGAON,455459,KHIRODA BO,SATWAS SO,DEWAS HO
MALAGAON,455339,PIPLYANANKAR  BO,NEMAWAR SO,DEWAS HO
MALAKPUR,455118,KHERIYA JAGIR BO,SONKUTCH SO,DEWAS HO
Malasiya,454116,Amba Bo,RAJGARH SO,DHAR HO
MALENDIYA,455115,BADI CHURLAI BO,BHORANSA SO,DEWAS HO
MALGAV,454001,ANARAD BO,DHAR HO,DHAR HO
MALHAR COL,455111,BALGARH BO,BALGARH SO,DEWAS HO
MALHERA,454446,Khojakua Bo,MANAWAR SO,DHAR HO
Mali Pura,455223,HATPIPLIYA SO,HATPIPLIYA SO,DEWAS HO
MALIPURA,454449,KALIBAWDI BO,DHARAMPURI SO,DHAR HO
MALIPURA,455227,RAJGARH BO,BAGLI SO,DEWAS HO
MALIYAPUR,455459,NANDANA BO,SATWAS SO,DEWAS HO
MALJIPURA,455332,KALWAR BO,KANNOD SO,DEWAS HO
MALPURA,454449,BOHARLA BO,DHARAMPURI SO,DHAR HO
malpura,454331,Gajgota,KUKSHI SO,DHAR HO
MALPURA,454446,Kachhawada Bo,MANAWAR SO,DHAR HO
malpura,454331,Loni,KUKSHI SO,DHAR HO
MALPURA,454446,Nagur Bo,MANAWAR SO,DHAR HO
MALPURA,454446,Rantalav Bo,MANAWAR SO,DHAR HO
Malpura,454010,Sarai BO,MANDU SO,DHAR HO
Malpura,454331,Talwadi,KUKSHI SO,DHAR HO
Malpura,454552,Tarapura BO,DHAMNOD SO,DHAR HO
Malpuriya,454116,Ringnod BO,RAJGARH SO,DHAR HO
MALSAGODA,455336,AJNAS BO,KHATEGAON SO,DEWAS HO
Malti Chauraha,454773,D.G Billod SO,D.G Billod SO,DHAR HO
Malti Road,454773,D.G Billod SO,D.G Billod SO,DHAR HO
Malvihar,454010,Karondiya BO,MANDU SO,DHAR HO
malwada,454335,Narmadanagar Bo,NISHARPUR SO,DHAR HO
malwadi,454335,Konda Bo,NISHARPUR SO,DHAR HO
Malwapunj,454773,D.G Billod SO,D.G Billod SO,DHAR HO
Mamti,454116,Amba Bo,RAJGARH SO,DHAR HO
MANAPIPLIYA,455223,MENDIYA BO,HATPIPLIYA SO,DEWAS HO
MANASA,454001,MANASA BO,DHAR HO,DHAR HO
Manasa,454116,Tirla BO,RAJGARH SO,DHAR HO
MANASA,455118,ANABAD BO,SONKUTCH SO,DEWAS HO
MANASA,455223,ARLAWDA BO,HATPIPLIYA SO,DEWAS HO
Manasiya,454010,Talwada BO,MANDU SO,DHAR HO
MANDAWDA,454449,BOHARLA BO,DHARAMPURI SO,DHAR HO
MANDIRPURA,454449,KALIBAWDI BO,DHARAMPURI SO,DHAR HO
MANDLAWADA,454774,MANDLAWADA BO,Pithampur III SO,DHAR HO
MANDLI,454660,BHAINSOLA BO,BADNAWAR SO,DHAR HO
MANDLI,454001,SIYARI BO,DHAR HO,DHAR HO
"Mandvi,",454335,Mandvi Bo,NISHARPUR SO,DHAR HO
Mangarh,454116,Chhadawad BO,RAJGARH SO,DHAR HO
Mangbeemda,454552,Dahiwar BO,DHAMNOD SO,DHAR HO
MANGLIYA,454660,BAKHATGARH BO,BADNAWAR SO,DHAR HO
MANGLIYA,455440,JINWANI BO,KANTAPHOD SO,DEWAS HO
Mangrol,454773,Digthan BO,D.G Billod SO,DHAR HO
MANGROLA,455001,SALAMKHEDI,DEWAS HO ,DEWAS HO
Manki,454116,Gumanpura BO,RAJGARH SO,DHAR HO
MANKUND,455223,MAHUKHEDA BO,HATPIPLIYA SO,DEWAS HO
MANKUNDI,455223,MAHUKHEDA BO,HATPIPLIYA SO,DEWAS HO
MANMANI COLONY,454775,Pithampur SO,Pithampur SO,DHAR HO
MANORA,455332,MANORA BO,KANNOD SO,DEWAS HO
MANPURA,454665,BIDWAL,KANWAN   SO ,DHAR HO
MANPURA,454665,GAJNOD,KANWAN   SO ,DHAR HO
Manpura,454111,KHUTPALA BO,SARDARPUR SO,DHAR HO
MANSINGH PURA,455227,PUNJAPURA BO,BAGLI SO,DEWAS HO
MANSIYA,454660,BORDA BO,BADNAWAR SO,DHAR HO
MAOLIPURA,454449,BOHARLA BO,DHARAMPURI SO,DHAR HO
MARETHI,455001,MARETHI,DEWAS HO ,DEWAS HO
marol,454441,bandedi ,Amjhera So,DHAR HO
MASANIYA,454665,BHATBAMANDA,KANWAN   SO ,DHAR HO
masaniya,454335,Limbol Bo,NISHARPUR SO,DHAR HO
Masidpura,454552,Gujri BO,DHAMNOD SO,DHAR HO
Masih Hospital compound,455223,HATPIPLIYA SO,HATPIPLIYA SO,DEWAS HO
MATAPADA,454660,SANDLA BO,BADNAWAR SO,DHAR HO
MATAWALAPURA,454449,KALIBAWDI BO,DHARAMPURI SO,DHAR HO
Matlabpura,454552,Tarapura BO,DHAMNOD SO,DHAR HO
MATMOR,455227,MATMOR BO,BAGLI SO,DEWAS HO
Matoshree Nagar,454773,D.G Billod SO,D.G Billod SO,DHAR HO
MAVARKHEDI,455118,GARH KHAJURIA BO,SONKUTCH SO,DEWAS HO
MAVASA-MAVASI,455339,EKLERA BO,NEMAWAR SO,DEWAS HO
Mavdi,454116,Ringnod BO,RAJGARH SO,DHAR HO
Mavdipura,454010,Hedri BO,MANDU SO,DHAR HO
MAVDIPURA,454001,TIRLA BO,DHAR HO,DHAR HO
MAWADA,455440,PANIGAON BO,KANTAPHOD SO,DEWAS HO
MAWDIKHEDA,455227,RAMPURA BO,BAGLI SO,DEWAS HO
MAWLIPURA,454449,LUNHERA BUJURG BO,DHARAMPURI SO,DHAR HO
Medaal (unclear),454773,D.G Billod SO,D.G Billod SO,DHAR HO
MEDICAPS BUSINESS PARK,454775,Pithampur SO,Pithampur SO,DHAR HO
Meghapura,454010,Talwada BO,MANDU SO,DHAR HO
MEHANDIKHEDI,454001,UTAWAD BO,DHAR HO,DHAR HO
MEHANDUL,455459,SENDRANI BO,SATWAS SO,DEWAS HO
Mehdiya,454552,Dhani BO,DHAMNOD SO,DHAR HO
Mehgaon,454552,Semalda BO,DHAMNOD SO,DHAR HO
MEKNIC NAGAR,454775,Pithampur SO,Pithampur SO,DHAR HO
MEMANPURA,454449,BOHARLA BO,DHARAMPURI SO,DHAR HO
MEMDIYA,454001,SALKANPUR BO,DHAR HO,DHAR HO
MENDIYA,455223,MENDIYA BO,HATPIPLIYA SO,DEWAS HO
MERKHEDI,455001,NALESARA,DEWAS HO ,DEWAS HO
MERKHEDI,455116,LASUDIYA KULMI,TONKKHURD SO,DEWAS HO
MERKHEDI,455115,KHOKRIYA BO,BHORANSA SO,DEWAS HO
merti,454221,Bhandaniya Bo,BAGH SO,DHAR HO
MERUKHEDI,455223,DEVGARH BO,HATPIPLIYA SO,DEWAS HO
meshran,454221,Akhada BO,BAGH SO,DHAR HO
Mewad Kothi,455223,HATPIPLIYA SO,HATPIPLIYA SO,DEWAS HO
MEWADA,455118,KANKA KHAJURIA BO,SONKUTCH SO,DEWAS HO
Mewasjamnia,454010,Bedwapura BO,MANDU SO,DHAR HO
Mhavir Marg,455223,HATPIPLIYA SO,HATPIPLIYA SO,DEWAS HO
Mijalda,454446,Bilda Bo,MANAWAR SO,DHAR HO
MIRJAPUR,454001,GUNAWAD BO,DHAR HO,DHAR HO
MIRJAPUR,455336,MELPIPLIYA BO,KHATEGAON SO,DEWAS HO
MIRPURKHEDI,455118,BABAI BO,SONKUTCH SO,DEWAS HO
MIRZAPUR,455115,BHORANSA SO,BHORANSA SO,DEWAS HO
MIRZAPUR,455221,CHOUBAPIPLIYA BO,KARNAWAD SO,DEWAS HO
MIRZAPUR,455227,UDAY NAGAR,BAGLI SO,DEWAS HO
MIYAKHEDI,454660,DHAMAMA BO,BADNAWAR SO,DHAR HO
MIYAPUR PHAD,454446,Anjanai Bo,MANAWAR SO,DHAR HO
Miyapura,454010,Talwada BO,MANDU SO,DHAR HO
MOCHIKHEDI,455001,AAGROD BO,DEWAS HO ,DEWAS HO
MOD,455459,DHANSHAD BO,SATWAS SO,DEWAS HO
MODKANAPUR,454449,PAGARA BO,DHARAMPURI SO,DHAR HO
MODRIYA,455115,SADIKHEDA BO,BHORANSA SO,DEWAS HO
mogra,454331,jogardi,KUKSHI SO,DHAR HO
Mograbaw,454010,Hedri BO,MANDU SO,DHAR HO
MOHAMMADKHEDA,455116,RANAYAL KALAN,TONKKHURD SO,DEWAS HO
MOHAMMADPUR,455118,CHOUBARA JAGIR BO,SONKUTCH SO,DEWAS HO
"Mohankatya,",454446,Awaldaman Bo,MANAWAR SO,DHAR HO
Mohanpura,454010,Bhiltalwada BO,MANDU SO,DHAR HO
Mohanpura,454116,Dattigaon BO,RAJGARH SO,DHAR HO
MOHANPURA,454001,MOHANPURA BO,DHAR HO,DHAR HO
MOKHAPITLIYA,455227,MATMOR BO,BAGLI SO,DEWAS HO
MOLA,455336,SUKARDI BO,KHATEGAON SO,DEWAS HO
Molana,454116,Jolana BO,RAJGARH SO,DHAR HO
Molana,454111,JOLANA BO,SARDARPUR SO,DHAR HO
MOLANI,454001,KESUR BO,DHAR HO,DHAR HO
MOLAY,455221,CHOUBAPIPLIYA BO,KARNAWAD SO,DEWAS HO
Morapura,454116,Taraghati Bo,RAJGARH SO,DHAR HO
MORDA,454001,SALKANPUR BO,DHAR HO,DHAR HO
Morgadi,454552,Khalghat BO,DHAMNOD SO,DHAR HO
morgaon,454441,hatod,Amjhera So,DHAR HO
MORIPURA,454449,KALIBAWDI BO,DHARAMPURI SO,DHAR HO
MORIPURA,454446,Khojakua Bo,MANAWAR SO,DHAR HO
MORIPURA,454446,Kuwad Bo,MANAWAR SO,DHAR HO
MORIPURA,454446,Nagur Bo,MANAWAR SO,DHAR HO
MORIPURA,454449,PAGARA BO,DHARAMPURI SO,DHAR HO
moripura,454331,susari,KUKSHI SO,DHAR HO
Morkhal,454010,Karondiya BO,MANDU SO,DHAR HO
Morkiray,454010,Patadapura BO,MANDU SO,DHAR HO
MORUKHEDI,455001,BAROTHA BO,DEWAS HO ,DEWAS HO
MOSAR,454665,BIDWAL,KANWAN   SO ,DHAR HO
MOTIMATAPURA,454446,Rantalav Bo,MANAWAR SO,DHAR HO
MOTIPADA,454660,DELCHI BO,BADNAWAR SO,DHAR HO
MOTIPURA,454660,BAKHATGARH BO,BADNAWAR SO,DHAR HO
MOVALIPURA,454446,Kuwad Bo,MANAWAR SO,DHAR HO
Moyakheda,454111,BOLA BO,SARDARPUR SO,DHAR HO
MOYAKHEDA,454660,RUNI BO,BADNAWAR SO,DHAR HO
MRADUL VIHAR,455111,BALGARH BO,BALGARH SO,DEWAS HO
MUDKA,455001,PATLAWADA,DEWAS HO ,DEWAS HO
MUHAI,455332,KUSMANIYA BO,KANNOD SO,DEWAS HO
MUHLIYA,454446,Jeerabad Bo,MANAWAR SO,DHAR HO
mujaldpura,454221,Piparibag Bo,BAGH SO,DHAR HO
MUJHALDAPURA,454446,Kalwani Bo,MANAWAR SO,DHAR HO
MUKATIPURA,454449,BOHARLA BO,DHARAMPURI SO,DHAR HO
MUKATIPURA,454449,KALIBAWDI BO,DHARAMPURI SO,DHAR HO
mukudpura,454221,Tanda Bo,BAGH SO,DHAR HO
MULTANI,454446,Kuwad Bo,MANAWAR SO,DHAR HO
MUNDAHEDA,455001,MUNDAHEDA BO,DEWAS HO ,DEWAS HO
MUNDANA,454774,KUWARSI BO,Pithampur III SO,DHAR HO
MUNDIKHEDI,455118,GARH KHAJURIA BO,SONKUTCH SO,DEWAS HO
Mundla,454010,Bachhanpur BO,MANDU SO,DHAR HO
MUNDLA,454449,KALIBAWDI BO,DHARAMPURI SO,DHAR HO
MUNDLA,454001,KHACHRODA BO,DHAR HO,DHAR HO
MUNDLA AANA,455118,CHOUBARA JAGIR BO,SONKUTCH SO,DEWAS HO
MUNDLA DANGI,455116,MUNDLA DANGI,TONKKHURD SO,DEWAS HO
MUNDLA TAPPAR,455223,BORKHEDA PURVIYA BO,HATPIPLIYA SO,DEWAS HO
MUNDLADANGI,455116,BALON,TONKKHURD SO,DEWAS HO
MUNGAWADA,455001,SINGAWADA,DEWAS HO ,DEWAS HO
MUNGELA,454660,BHAINSOLA BO,BADNAWAR SO,DHAR HO
MUNSHIYAPURA,454446,Kuwad Bo,MANAWAR SO,DHAR HO
MURADPUR,455223,BORKHEDA PURVIYA BO,HATPIPLIYA SO,DEWAS HO
MURDAKA,454001,NAGORA BO,DHAR HO,DHAR HO
MUSAPURA,454001,MOHANPURA BO,DHAR HO,DHAR HO
MUSAWADA,454001,KHEROD BO,DHAR HO,DHAR HO
MUTHOOT FIANCE,454775,Pithampur SO,Pithampur SO,DHAR HO
MUVASYA,455332,BAHIRAWAD BO,KANNOD SO,DEWAS HO
MUVIDIPADA,454660,RUNI BO,BADNAWAR SO,DHAR HO
NABIPUR,455001,BAROTHA BO,DEWAS HO ,DEWAS HO
NAG JHIRI,455111,TIGRIYA CHHOTA BO,BALGARH SO,DEWAS HO
NAGDA,454001,NAGDA BO,DHAR HO,DHAR HO
Nagda,455111,NAGDA BO,BALGARH SO,DEWAS HO
NAGJHIRI,454665,GAJNOD,KANWAN   SO ,DHAR HO
NAGJHIRI,454449,PIPALDAGADHI BO,DHARAMPURI SO,DHAR HO
Nagjhiri,454010,Talwada BO,MANDU SO,DHAR HO
NAGJHIRI,455459,DANGRAKHEDA BO,SATWAS SO,DEWAS HO
NAGORA,454001,NAGORA BO,DHAR HO,DHAR HO
NAGORA,455001,KSHIPRA,DEWAS HO ,DEWAS HO
NAGPANCHLANA,455116,EKLERA MATAJI,TONKKHURD SO,DEWAS HO
NAGUKHEDI,455001,SINGAWADA,DEWAS HO ,DEWAS HO
Naharkhali,454111,BARMANDAL BO,SARDARPUR SO,DHAR HO
NAHARKHEDA,454660,TILGARA BO,BADNAWAR SO,DHAR HO
Naharkhodara,454111,BARMANDAL BO,SARDARPUR SO,DHAR HO
NAHARKHODRA,454660,MULTHAN BO,BADNAWAR SO,DHAR HO
Naharpura,454116,Jolana BO,RAJGARH SO,DHAR HO
Naharpura,454111,JOLANA BO,SARDARPUR SO,DHAR HO
Nai Aabadi,455223,HATPIPLIYA SO,HATPIPLIYA SO,DEWAS HO
NAI ABADI,455116,TONKKHURD ,TONKKHURD SO,DEWAS HO
NAI ABADI,455111,BALGARH BO,BALGARH SO,DEWAS HO
Nai baroda,454010,Kunjrod BO,MANDU SO,DHAR HO
NAIKHEDI,455116,NANDEL,TONKKHURD SO,DEWAS HO
Najikbaroda,454773,Ekalduna BO,D.G Billod SO,DHAR HO
NAKAPURA,454446,Jotpur Bo,MANAWAR SO,DHAR HO
NALAWADA,454001,CHILUR BO,DHAR HO,DHAR HO
NALCHA,454001,NALCHA BO,DHAR HO,DHAR HO
Nalwaniya,454331,Gajgota,KUKSHI SO,DHAR HO
NANADHARAKHEDI,455115,BHORANSA SO,BHORANSA SO,DEWAS HO
Nanak baydi,454335,Chikhalda Bo,NISHARPUR SO,DHAR HO
NANASA,455336,NANASA BO,KHATEGAON SO,DEWAS HO
NANDADAI,455332,ONKARA BO,KANNOD SO,DEWAS HO
NANDAKHEDA,455332,ONKARA BO,KANNOD SO,DEWAS HO
NANDALA,455001,KHARELI BO,DEWAS HO ,DEWAS HO
Nandana,454111,SALVA BO,SARDARPUR SO,DHAR HO
NANDEL,455116,NANDEL,TONKKHURD SO,DEWAS HO
NANDI,455332,KAATKUT BO,KANNOD SO,DEWAS HO
NANDKHEDA,454001,CHILUR BO,DHAR HO,DHAR HO
NANDLAI,454660,DELCHI BO,BADNAWAR SO,DHAR HO
NANDON,455332,KUSMANIYA BO,KANNOD SO,DEWAS HO
NANDWADA,454001,CHILUR BO,DHAR HO,DHAR HO
Nankipura,454010,Bhiltalwada BO,MANDU SO,DHAR HO
nanoda,454335,Nanoda Bo,NISHARPUR SO,DHAR HO
NANUKHEDA,455223,NANUKHEDA BO,HATPIPLIYA SO,DEWAS HO
NANUKHEDI,455001,CHIDAWAD BO,DEWAS HO ,DEWAS HO
NAPAKHEDI,455001,SIROLIYA,DEWAS HO ,DEWAS HO
Napipura,454552,Balwari BO,DHAMNOD SO,DHAR HO
Napipura,454552,Dahiwar BO,DHAMNOD SO,DHAR HO
NARANA,455115,BHORANSA SO,BHORANSA SO,DEWAS HO
NARANJIPUR,455001,BANGAR BO,DEWAS HO ,DEWAS HO
NARAYAN GARH,455111,TIGRIYA CHHOTA BO,BALGARH SO,DEWAS HO
NARAYANKHEDI,455116,NANDEL,TONKKHURD SO,DEWAS HO
Narayanpura,454773,Ekalduna BO,D.G Billod SO,DHAR HO
NARAYANPURA,455336,BHANDARIYA BO,KHATEGAON SO,DEWAS HO
Narebeda,454552,Semalda BO,DHAMNOD SO,DHAR HO
NARIYAKHEDA,455001,KELOD BO,DEWAS HO ,DEWAS HO
narjhali,454331,badwaniya,KUKSHI SO,DHAR HO
NARKHEDI,455001,AAGROD BO,DEWAS HO ,DEWAS HO
narmada Nagar,454335,Narmadanagar Bo,NISHARPUR SO,DHAR HO
NARMADA PUNRWAS GHYAN SCHOOL OF NURSING,454001,CHIKHLIYA BO,DHAR HO,DHAR HO
Narsinghmal,454010,KURADIA BO,MANDU SO,DHAR HO
Narsinh Ghat,455223,HATPIPLIYA SO,HATPIPLIYA SO,DEWAS HO
Narsinhgh Bajar,455223,HATPIPLIYA SO,HATPIPLIYA SO,DEWAS HO
NASIRABAD,455223,MENDIYA BO,HATPIPLIYA SO,DEWAS HO
NATNAGARA,454001,PADLIYA BO,DHAR HO,DHAR HO
NAVALGAON,455339,EKLERA BO,NEMAWAR SO,DEWAS HO
NAVAPADA,454660,TILGARA BO,BADNAWAR SO,DHAR HO
"Navarikhdari,",454446,Awaldaman Bo,MANAWAR SO,DHAR HO
NAVDAKHEDI,455221,SANNOD BO,KARNAWAD SO,DEWAS HO
Navratna Vihar Colony,455223,HATPIPLIYA SO,HATPIPLIYA SO,DEWAS HO
nawad pura,454335,Konda Bo,NISHARPUR SO,DHAR HO
NAWADA,455116,NANDEL,TONKKHURD SO,DEWAS HO
NAWADA,455339,SAWASADA BO,NEMAWAR SO,DEWAS HO
Nawasa,454773,Digthan BO,D.G Billod SO,DHAR HO
NAWASA,454001,TORNOD BO,DHAR HO,DHAR HO
NAYAGAON (KHEDA),455339,KOLARI  BO,NEMAWAR SO,DEWAS HO
NAYAKHEDA,454665,BHATBAMANDA,KANWAN   SO ,DHAR HO
NAYAKHEDA,455227,Syalkheda BO,BAGLI SO,DEWAS HO
Nayan Tokij,455223,HATPIPLIYA SO,HATPIPLIYA SO,DEWAS HO
NAYANAWADA,455339,SAWASADA BO,NEMAWAR SO,DEWAS HO
NAYAPADA,454660,DOTRYA BO ,BADNAWAR SO,DHAR HO
NAYAPDA,454660,CHHAYAN BO,BADNAWAR SO,DHAR HO
NAYAPURA,454449,BOHARLA BO,DHARAMPURI SO,DHAR HO
NAYAPURA,454449,BOHARLA BO,DHARAMPURI SO,DHAR HO
Nayapura,454773,D.G Billod SO,D.G Billod SO,DHAR HO
NAYAPURA,454001,GULWA BO,DHAR HO,DHAR HO
NAYAPURA,454001,NALCHA BO,DHAR HO,DHAR HO
NAYAPURA,454001,PADLIYA BO,DHAR HO,DHAR HO
Nayapura,454116,Piparani BO,RAJGARH SO,DHAR HO
NAYAPURA,454446,Rantalav Bo,MANAWAR SO,DHAR HO
NAYAPURA,454665,SHERGAD ,KANWAN   SO ,DHAR HO
NAYAPURA,454001,SULTANPUR BO,DHAR HO,DHAR HO
Nayapura,454116,Taraghati Bo,RAJGARH SO,DHAR HO
NAYAPURA,454449,UMARBAN BO,DHARAMPURI SO,DHAR HO
NAYAPURA,455336,MELPIPLIYA BO,KHATEGAON SO,DEWAS HO
NAYAPURA,455440,NAYAPURA BO,KANTAPHOD SO,DEWAS HO
NAYAPURA,455227,GOWADI BO,BAGLI SO,DEWAS HO
Nayapura Bodli,454111,JOLANA BO,SARDARPUR SO,DHAR HO
Nayapura Road,454773,D.G Billod SO,D.G Billod SO,DHAR HO
Nayapura Ter,454111,JOLANA BO,SARDARPUR SO,DHAR HO
NAYHAPURA,454449,KALIBAWDI BO,DHARAMPURI SO,DHAR HO
NAYI AABADI,455227,KAMLAPUR BO,BAGLI SO,DEWAS HO
Nayra Petrol Pump,455223,HATPIPLIYA SO,HATPIPLIYA SO,DEWAS HO
NAYTA BAPCHA,455001,RAJODA,DEWAS HO ,DEWAS HO
NEEMANPUR,455227,PREMGARH BO,BAGLI SO,DEWAS HO
NEEMKHEDA,455227,Pankunwa B.O,BAGLI SO,DEWAS HO
NEEMTONKA,454446,Kachhawada Bo,MANAWAR SO,DHAR HO
Nekpur,454773,Kalsada Khurd BO,D.G Billod SO,DHAR HO
nengaon,454331,kundara,KUKSHI SO,DHAR HO
NEORI,455001,PATLAWADA,DEWAS HO ,DEWAS HO
NEPAWALI,454001,TORNOD BO,DHAR HO,DHAR HO
NERGUDIYYAPURA,454449,SAKALDA BO,DHARAMPURI SO,DHAR HO
NESHPURA,454446,Nagur Bo,MANAWAR SO,DHAR HO
Neta ji subhash marg,455223,HATPIPLIYA SO,HATPIPLIYA SO,DEWAS HO
NETRAX,454774,BRANCH OFFICE KHANDWA,Pithampur III SO,DHAR HO
NEVERI,455223,NEVRI BO,HATPIPLIYA SO,DEWAS HO
Nevri Bagli Marg,455223,HATPIPLIYA SO,HATPIPLIYA SO,DEWAS HO
NEW KAKA COPLEX,454775,Pithampur SO,Pithampur SO,DHAR HO
NEW LODHI MOHLLA,454775,Pithampur SO,Pithampur SO,DHAR HO
NEWARI,455001,PATLAWADA,DEWAS HO ,DEWAS HO
NIGAMPURA,454449,BOHARLA BO,DHARAMPURI SO,DHAR HO
NIGWALPURA,454449,ZIRVI BO,DHARAMPURI SO,DHAR HO
NILDA,454449,SAKALDA BO,DHARAMPURI SO,DHAR HO
NILGAON,454446,Kharbardi Bo,MANAWAR SO,DHAR HO
NIMANPUR,455339,SAWASADA BO,NEMAWAR SO,DEWAS HO
NIMASA,455459,UNHEL BO,SATWAS SO,DEWAS HO
NIMFALIYA,454001,SULTANPUR BO,DHAR HO,DHAR HO
Nimgarh,454552,Gujri BO,DHAMNOD SO,DHAR HO
nimkheda,454221,Ghatbori Bo,BAGH SO,DHAR HO
NIMKHEDA,455332,KOTHDA BO,KANNOD SO,DEWAS HO
NIMLAY,455440,JINWANI BO,KANTAPHOD SO,DEWAS HO
NIMOLA,454449,PIPALDAGADHI BO,DHARAMPURI SO,DHAR HO
NIMOLA PUNARWAS,454449,PIPALDAGADHI BO,DHARAMPURI SO,DHAR HO
NIMORA,455336,CHICHLI RAJOR BO,KHATEGAON SO,DEWAS HO
Nimrani,454552,Dahiwar BO,DHAMNOD SO,DHAR HO
nimthal,454331,talwada,KUKSHI SO,DHAR HO
NINDWANIYA,454660,BAKHATGARH BO,BADNAWAR SO,DHAR HO
NIPANIA,455111,TIGARIYA GOGA BO,BALGARH SO,DEWAS HO
NIPANIYA,455001,NIPANIYA BO,DEWAS HO ,DEWAS HO
NIPANIYA,455116,HARNAWADA,TONKKHURD SO,DEWAS HO
NIPAWALI,454660,RAJOD BO,BADNAWAR SO,DHAR HO
Nirgudiyapura,454552,Semalda BO,DHAMNOD SO,DHAR HO
NITYANAND COLLAGE,454001,CHIKHLIYA BO,DHAR HO,DHAR HO
Nivaliwal Gram Panchayat,454552,Dhani BO,DHAMNOD SO,DHAR HO
NIWARDI,455332,PATRANI BO,KANNOD SO,DEWAS HO
NIYAMTKHEDI,454001,UTAWAD BO,DHAR HO,DHAR HO
Nizampura,454773,Digthan BO,D.G Billod SO,DHAR HO
NOGAVATHANA,454001,JETAPURA BO,DHAR HO,DHAR HO
NOGAVKHURD,454001,NAGORA BO,DHAR HO,DHAR HO
NOSHRABAD,455118,POLAY JAGIR BO,SONKUTCH SO,DEWAS HO
NUTAN NAGAR,454775,Pithampur SO,Pithampur SO,DHAR HO
NYA KOTHDA,455118,BABAI BO,SONKUTCH SO,DEWAS HO
Nyapurabodli,454116,Jolana BO,RAJGARH SO,DHAR HO
Nyapurater,454116,Jolana BO,RAJGARH SO,DHAR HO
OAD,455118,POLAY JAGIR BO,SONKUTCH SO,DEWAS HO
ODNI,455118,BABAI BO,SONKUTCH SO,DEWAS HO
OLMBA,455332,KAATKUT BO,KANNOD SO,DEWAS HO
Omsad / Aomsad (unclear),454773,D.G Billod SO,D.G Billod SO,DHAR HO
ONKARA,455332,ONKARA BO,KANNOD SO,DEWAS HO
OSAR,454665,BIDWAL,KANWAN   SO ,DHAR HO
OSARIPURA,454449,KALIBAWDI BO,DHARAMPURI SO,DHAR HO
OSRA,454001,AHU BO,DHAR HO,DHAR HO
Other Names Written Below,454773,D.G Billod SO,D.G Billod SO,DHAR HO
Paanchpipla,454116,Jolana BO,RAJGARH SO,DHAR HO
PAANGRA,455332,DOKAKUI BO,KANNOD SO,DEWAS HO
Pachrundi,454111,BARMANDAL BO,SARDARPUR SO,DHAR HO
PADAMPURA,455221,SANNOD BO,KARNAWAD SO,DEWAS HO
PADDI,454660,BORDA BO,BADNAWAR SO,DHAR HO
padiyal,454331,Padiyal,KUKSHI SO,DHAR HO
padliya,454221,Karkada Bo,BAGH SO,DHAR HO
PADLIYA,454001,PADLIYA BO,DHAR HO,DHAR HO
PADLIYA,455001,PADLIYA BO,DEWAS HO ,DEWAS HO
PADLIYA,455111,TIGARIYA GOGA BO,BALGARH SO,DEWAS HO
PADLIYA MOHABBA,455118,KHUNTKHEDA BO,SONKUTCH SO,DEWAS HO
PADPADA,455115,SANWARSI BO,BHORANSA SO,DEWAS HO
PADPADI,455227,UDAY NAGAR,BAGLI SO,DEWAS HO
Padti,454010,Talwada BO,MANDU SO,DHAR HO
Padukhal,454010,Lunhera Bo,MANDU SO,DHAR HO
Padunikala,454111,BARMANDAL BO,SARDARPUR SO,DHAR HO
Padunikhurd,454111,BARMANDAL BO,SARDARPUR SO,DHAR HO
PAGARA,454449,PAGARA BO,DHARAMPURI SO,DHAR HO
PAHADIYADEH,455336,CHANDWANA BO,KHATEGAON SO,DEWAS HO
PAJRIYA,454449,SAKALDA BO,DHARAMPURI SO,DHAR HO
PAJRIYA,455227,RAMPURA BO,BAGLI SO,DEWAS HO
Pakariya Bhiri,454116,Amba Bo,RAJGARH SO,DHAR HO
pal nagar,455111,NAGDA BO,BALGARH SO,DEWAS HO
pal nagar industrial,455111,NAGDA BO,BALGARH SO,DEWAS HO
PALAI,455116,HARNAWADA,TONKKHURD SO,DEWAS HO
palasi,454331,haldi,KUKSHI SO,DHAR HO
PALASI,455336,HARNAGAON BO,KHATEGAON SO,DEWAS HO
PALASI,455440,LOHARDA BO,KANTAPHOD SO,DEWAS HO
PALASI,455227,PALASI BO,BAGLI SO,DEWAS HO
Palasiya,454552,Balwari BO,DHAMNOD SO,DHAR HO
Palasmaal,454010,Jamanjhiri BO,MANDU SO,DHAR HO
PALDI,455116,HARNAWADA,TONKKHURD SO,DEWAS HO
PALIBARODA.,454660,DOLANA BO,BADNAWAR SO,DHAR HO
PALKHA,455227,KAMLAPUR BO,BAGLI SO,DEWAS HO
Palkhedi,454773,D.G Billod SO,D.G Billod SO,DHAR HO
PALWADA,454001,PALWADA BO,DHAR HO,DHAR HO
PAMAKHEDI,455459,NANDANA BO,SATWAS SO,DEWAS HO
PANALA,454001,NALCHA BO,DHAR HO,DHAR HO
PANCHAM MUNHA,454660,RUNI BO,BADNAWAR SO,DHAR HO
Panchkhatti,454552,Piplaz BO,DHAMNOD SO,DHAR HO
PANCHLANA,454001,GARDAWAD BO,DHAR HO,DHAR HO
PANCHMUKHI,454665,BAMANDAKALAN,KANWAN   SO ,DHAR HO
Panchpipla,454111,JOLANA BO,SARDARPUR SO,DHAR HO
panchpiplia,454441,chalni,Amjhera So,DHAR HO
PANCHTALAB,455001,BAIRAGARH BO,DEWAS HO ,DEWAS HO
PANDA,455001,KHARELI BO,DEWAS HO ,DEWAS HO
pandav,454221,Karkada Bo,BAGH SO,DHAR HO
Pandhaniya,454552,Semalda BO,DHAMNOD SO,DHAR HO
PANDI,455115,SANWARSI BO,BHORANSA SO,DEWAS HO
PANDUTALAB,455227,Pandutalab B.O,BAGLI SO,DEWAS HO
PANGRA,455440,BHESUN BO,KANTAPHOD SO,DEWAS HO
PANGRI,455459,ATWAS BO,SATWAS SO,DEWAS HO
panhal,454331,Gajgota,KUKSHI SO,DHAR HO
PANIGAON,455440,PANIGAON BO,KANTAPHOD SO,DEWAS HO
PANJAPADA,454665,BIDWAL,KANWAN   SO ,DHAR HO
PANJARI,454446,Kuwad Bo,MANAWAR SO,DHAR HO
PANKUA,455227,Pankunwa B.O,BAGLI SO,DEWAS HO
PANPAT,455459,SENDRANI BO,SATWAS SO,DEWAS HO
panth,454441,baledi bo,Amjhera So,DHAR HO
PANTH MUNDALA,455001,DATTOTAR MANDI BO,DEWAS HO ,DEWAS HO
PANWASA,455221,CHOUBAPIPLIYA BO,KARNAWAD SO,DEWAS HO
PARAS DAM,455227,PALASI BO,BAGLI SO,DEWAS HO
PARASPIPLI,455227,LAXMI NAGAR BO,BAGLI SO,DEWAS HO
PARDESHIPURA,454449,BOHARLA BO,DHARAMPURI SO,DHAR HO
PARDESHIPURA,455116,TONKKHURD ,TONKKHURD SO,DEWAS HO
Pardhiyapura,454010,Kalibel Bo,MANDU SO,DHAR HO
PARDI,455118,DOULATPUR BO,SONKUTCH SO,DEWAS HO
PARDIKHEDA,455118,DOULATPUR BO,SONKUTCH SO,DEWAS HO
PARGOTA,454660,DOTRYA BO ,BADNAWAR SO,DHAR HO
PARTAPPURA,454449,KALIBAWDI BO,DHARAMPURI SO,DHAR HO
PARVATI CHAL,455111,BALGARH BO,BALGARH SO,DEWAS HO
PARVATI PURA,455111,TIGRIYA CHHOTA BO,BALGARH SO,DEWAS HO
PARVATPURA,454446,Anjanai Bo,MANAWAR SO,DHAR HO
PARWATPURA,455221,PATADI BO,KARNAWAD SO,DEWAS HO
Patadapura,454010,Patadapura BO,MANDU SO,DHAR HO
PATADIPALA,455227,UDAY NAGAR,BAGLI SO,DEWAS HO
PATADIYA NAJDIK,455118,KHERIYA JAGIR BO,SONKUTCH SO,DEWAS HO
PATADIYA TAJ,455118,GANDHARVPURI BO,SONKUTCH SO,DEWAS HO
PATAKHAAL,455227,PREMGARH BO,BAGLI SO,DEWAS HO
PATARIPALA,455227,PUTLIPURA BO,BAGLI SO,DEWAS HO
PATEL COMPLEX,454775,Pithampur SO,Pithampur SO,DHAR HO
Patel Nagar,454773,D.G Billod SO,D.G Billod SO,DHAR HO
Patel pura,454010,Sarai BO,MANDU SO,DHAR HO
Patelkaradia,454773,Badchapra BO,D.G Billod SO,DHAR HO
PATELPURA,454449,BOHARLA BO,DHARAMPURI SO,DHAR HO
PATELPURA,454449,BOHARLA BO,DHARAMPURI SO,DHAR HO
PATELPURA,454449,KALIBAWDI BO,DHARAMPURI SO,DHAR HO
PATELPURA,454449,KALIBAWDI BO,DHARAMPURI SO,DHAR HO
PATELPURA,454446,Kalwani Bo,MANAWAR SO,DHAR HO
PATELPURA,454446,Kuwad Bo,MANAWAR SO,DHAR HO
PATELPURA,454446,Kuwad Bo,MANAWAR SO,DHAR HO
PATELPURA,454449,LUNHERA BUJURG BO,DHARAMPURI SO,DHAR HO
PATELPURA,454446,Nagur Bo,MANAWAR SO,DHAR HO
PATELPURA,454446,Rantalav Bo,MANAWAR SO,DHAR HO
PATELPURA,454449,UMARBAN BO,DHARAMPURI SO,DHAR HO
PATELPURA,454449,ZIRVI BO,DHARAMPURI SO,DHAR HO
PATELPURA,454449,ZIRVI BO,DHARAMPURI SO,DHAR HO
PATELPURA,454449,ZIRVI BO,DHARAMPURI SO,DHAR HO
Patelpura,455223,HATPIPLIYA SO,HATPIPLIYA SO,DEWAS HO
PATHACHHOTI,454449,SAKALDA BO,DHARAMPURI SO,DHAR HO
PATHAMOTI,454449,SAKALDA BO,DHARAMPURI SO,DHAR HO
Pathar,454111,LAABRIYA BO,SARDARPUR SO,DHAR HO
pathar,455332,THURIYA BO,KANNOD SO,DEWAS HO
PATHAR,455227,CHANDUPURA BO,BAGLI SO,DEWAS HO
Patilya,454773,Digthan BO,D.G Billod SO,DHAR HO
Patiyakuwa,454116,Bimrod BO,RAJGARH SO,DHAR HO
Patlavadiya,454111,BHOPAVAR BO,SARDARPUR SO,DHAR HO
Patlawad,454552,Sundrel BO,DHAMNOD SO,DHAR HO
PATLAWADA,455001,PATLAWADA,DEWAS HO ,DEWAS HO
Patliyapura,454010,Lunhera Bo,MANDU SO,DHAR HO
Patolya,454111,BARKHEDA BO,SARDARPUR SO,DHAR HO
PATRANI,455332,PATRANI BO,KANNOD SO,DEWAS HO
PATTHAR GURADIYA,455223,MAHUKHEDA BO,HATPIPLIYA SO,DEWAS HO
PATYAPUR,454449,PAGARA BO,DHARAMPURI SO,DHAR HO
PAVATIPURA,454446,Kuwad Bo,MANAWAR SO,DHAR HO
PAYIKUNDA,454001,KHACHRODA BO,DHAR HO,DHAR HO
Payli,455336,PIPALKOTA BO,KHATEGAON SO,DEWAS HO
Pedabanda,454116,Narwali BO,RAJGARH SO,DHAR HO
Pedvi,454552,Sundrel BO,DHAMNOD SO,DHAR HO
PEER KHEDI,455116,NANDEL,TONKKHURD SO,DEWAS HO
PEER PADLIYA,455118,PIPALRAWAN BO,SONKUTCH SO,DEWAS HO
Peerghatpura,454010,Kalibel Bo,MANDU SO,DHAR HO
PEMIPURA,454001,TIRLA BO,DHAR HO,DHAR HO
pendarwani,454331,badwaniya,KUKSHI SO,DHAR HO
PENDIYABAYDI,454449,KALIBAWDI BO,DHARAMPURI SO,DHAR HO
PERKHAD,454446,Jotpur Bo,MANAWAR SO,DHAR HO
Phulkipada,454116,Jolana BO,RAJGARH SO,DHAR HO
Phulkipada,454111,JOLANA BO,SARDARPUR SO,DHAR HO
Phulpad,454116,Gumanpura BO,RAJGARH SO,DHAR HO
PILWANI,455118,CHOUBARA JAGIR BO,SONKUTCH SO,DEWAS HO
PINJRAYA,454001,TEESGAON BO,DHAR HO,DHAR HO
PIPALDAGADHI,454449,PIPALDAGADHI BO,DHARAMPURI SO,DHAR HO
PIPALDAGADHI COLONY,454449,PIPALDAGADHI BO,DHARAMPURI SO,DHAR HO
PIPALKHEDA,454001,UTAWAD BO,DHAR HO,DHAR HO
Pipalkota,455336,PIPALKOTA BO,KHATEGAON SO,DEWAS HO
PIPALPAATI,455227,Pipri B.O,BAGLI SO,DEWAS HO
PIPALPAATI KUA,455227,Pipri B.O,BAGLI SO,DEWAS HO
pipaltoka,454335,Mandvi Bo,NISHARPUR SO,DHAR HO
Pipalwa,454116,Narwali BO,RAJGARH SO,DHAR HO
"piparbag,",454221,Piparibag Bo,BAGH SO,DHAR HO
PIPLADA,454001,GUNAWAD BO,DHAR HO,DHAR HO
"Piplaj,",454446,Ekalwara Bo,MANAWAR SO,DHAR HO
PIPLANI,455332,PATRANI BO,KANNOD SO,DEWAS HO
Piplda,454446,Bilda Bo,MANAWAR SO,DHAR HO
PIPLDA,455332,KAATKUT BO,KANNOD SO,DEWAS HO
Piplimal,454010,Bhiltalwada BO,MANDU SO,DHAR HO
PIPLIMAL,454001,SALKANPUR BO,DHAR HO,DHAR HO
Piplimal meghapura,454010,Talwada BO,MANDU SO,DHAR HO
PIPLIPADA,454665,BIDWAL,KANWAN   SO ,DHAR HO
PIPLIPADA,454660,BORDA BO,BADNAWAR SO,DHAR HO
PIPLIPADA,454660,CHHAYAN BO,BADNAWAR SO,DHAR HO
PIPLIPADA,454660,SANDLA BO,BADNAWAR SO,DHAR HO
PIPLIYA,454660,BAKHATGARH BO,BADNAWAR SO,DHAR HO
pipliya,454773,Digthan BO,D.G Billod SO,DHAR HO
PIPLIYA,454001,KALSADA BO,DHAR HO,DHAR HO
PIPLIYA,454774,KUWARSI BO,Pithampur III SO,DHAR HO
PIPLIYA,454665,SEMLIYA ,KANWAN   SO ,DHAR HO
PIPLIYA BACHO,455118,BABAI BO,SONKUTCH SO,DEWAS HO
PIPLIYA BAKSHU,455118,CHOUBARA JAGIR BO,SONKUTCH SO,DEWAS HO
PIPLIYA KUMAR,455115,SANWARSI BO,BHORANSA SO,DEWAS HO
PIPLIYA LOHAR,455227,UDAY NAGAR,BAGLI SO,DEWAS HO
PIPLIYA MOTHA,454449,UMARBAN BO,DHARAMPURI SO,DHAR HO
PIPLIYA RAO,455115,ANWLIA PIPLIA BO,BHORANSA SO,DEWAS HO
PIPLIYA SAHAB,455227,MATMOR BO,BAGLI SO,DEWAS HO
"Pipliya,",454335,Pipliya Bo,NISHARPUR SO,DHAR HO
PIPLIYAKAMIN,454449,PAGARA BO,DHARAMPURI SO,DHAR HO
PIPLIYAKHURD,455115,BADI CHURLAI BO,BHORANSA SO,DEWAS HO
PIPLIYAKHUT,454449,PAGARA BO,DHARAMPURI SO,DHAR HO
PIPLNERIYA,455339,BIJALGAON  BO,NEMAWAR SO,DEWAS HO
piplud,454331,Jamda,KUKSHI SO,DHAR HO
PIPLYA JAAGRI,455339,BIJALGAON  BO,NEMAWAR SO,DEWAS HO
PIPLYA SADAK,455001,AALRI BO,DEWAS HO ,DEWAS HO
PIPLYA SARA,454446,Khandlai Jagir,MANAWAR SO,DHAR HO
Piplyabhan,454116,Chanlimata BO,RAJGARH SO,DHAR HO
PIPLYAPURA,454449,KALIBAWDI BO,DHARAMPURI SO,DHAR HO
PIPRI,455227,Pipri B.O,BAGLI SO,DEWAS HO
Piprpada,454116,Chanlimata BO,RAJGARH SO,DHAR HO
PIR KARADIYA,455001,KSHIPRA,DEWAS HO ,DEWAS HO
PITAVLI,455223,KHAJURIYA BINA BO,HATPIPLIYA SO,DEWAS HO
PITAWALA,455001,RAJODA,DEWAS HO ,DEWAS HO
PITAWALI,455001,RAJODA,DEWAS HO ,DEWAS HO
PITGARA,454660,GHATGARA BO,BADNAWAR SO,DHAR HO
pithampur,454331,Padiyal,KUKSHI SO,DHAR HO
PITHAMPUR TRADE CENTER,454775,Pithampur SO,Pithampur SO,DHAR HO
plwat,454331,Gajgota,KUKSHI SO,DHAR HO
POKHARBHUJURG,455459,BHAMER BO,SATWAS SO,DEWAS HO
POLAKHAL,455227,Pipri B.O,BAGLI SO,DEWAS HO
POLAY,455227,Agurli BO,BAGLI SO,DEWAS HO
PONASA,455223,MAHUKHEDA BO,HATPIPLIYA SO,DEWAS HO
POSAN AAHAR,454001,PADLIYA BO,DHAR HO,DHAR HO
Posiya,454116,Ringnod BO,RAJGARH SO,DHAR HO
Posiya,454116,Taraghati Bo,RAJGARH SO,DHAR HO
POSTIPURA,455227,BORPADAW BO,BAGLI SO,DEWAS HO
POTLA,455227,KANDYA BO,BAGLI SO,DEWAS HO
POWER HOUSE KUTI,454774,,Pithampur III SO,DHAR HO
PREM NAGAR,455111,BALGARH BO,BALGARH SO,DEWAS HO
PREMGARH,455227,PREMGARH BO,BAGLI SO,DEWAS HO
PREMPNAGAR,454001,TIRLA BO,DHAR HO,DHAR HO
Pretha,454116,Narwali BO,RAJGARH SO,DHAR HO
PRITI NAGAR COLONY,454775,Pithampur SO,Pithampur SO,DHAR HO
PTELPURA,454446,Kuwad Bo,MANAWAR SO,DHAR HO
PUNJAB AND SINDH BANK,454775,Pithampur SO,Pithampur SO,DHAR HO
PUNJAPURA,455227,PUNJAPURA BO,BAGLI SO,DEWAS HO
PUNRASWAS,454446,Jotpur Bo,MANAWAR SO,DHAR HO
PURA,454446,Jotpur Bo,MANAWAR SO,DHAR HO
PURA,454446,Kalwani Bo,MANAWAR SO,DHAR HO
PURA,454446,Kuwad Bo,MANAWAR SO,DHAR HO
PURA,454446,Kuwad Bo,MANAWAR SO,DHAR HO
PURA,454446,Kuwad Bo,MANAWAR SO,DHAR HO
Pura,454335,Pipliya Bo,NISHARPUR SO,DHAR HO
PURA,454446,Rantalav Bo,MANAWAR SO,DHAR HO
PURA,455440,BEDGAON BO,KANTAPHOD SO,DEWAS HO
PURONI,455336,JIYAGAON BO,KHATEGAON SO,DEWAS HO
PUTLIPURA,455227,PUTLIPURA BO,BAGLI SO,DEWAS HO
PUWARDA,455001,SINGAWADA,DEWAS HO ,DEWAS HO
Raamsagar,454116,Jolana BO,RAJGARH SO,DHAR HO
Raatakot,454116,Jolana BO,RAJGARH SO,DHAR HO
RABDIYA,455001,SIYA,DEWAS HO ,DEWAS HO
RADHA NAGAR,454774,KUWARSI BO,Pithampur III SO,DHAR HO
RADHA NAGAR,455111,BALGARH BO,BALGARH SO,DEWAS HO
RAGHOGARH,455221,RAGHOGARH BO,KARNAWAD SO,DEWAS HO
Raghunathpura,454111,JOLANA BO,SARDARPUR SO,DHAR HO
Ragunaathpura,454116,Jolana BO,RAJGARH SO,DHAR HO
RAIPUR,455116,BHUTIYA BUJURG,TONKKHURD SO,DEWAS HO
RAIPURIYA,454001,SULTANPUR BO,DHAR HO,DHAR HO
RAISINGH PURA,455227,BORKHALYA BO,BAGLI SO,DEWAS HO
RAJAPUR,455118,GARH KHAJURIA BO,SONKUTCH SO,DEWAS HO
Rajendra Nagar,455223,HATPIPLIYA SO,HATPIPLIYA SO,DEWAS HO
RAJENDRANAGAR,455336,BHANDARIYA BO,KHATEGAON SO,DEWAS HO
RAJGARH,455227,RAJGARH BO,BAGLI SO,DEWAS HO
RAJGHATA,454660,RAJOD BO,BADNAWAR SO,DHAR HO
RAJIV NAGAR,455001,BINJANA BO,DEWAS HO ,DEWAS HO
"RAJNAGAR, AAM GURADIA",455118,CHOUBARA JAGIR BO,SONKUTCH SO,DEWAS HO
RAJODA,455001,RAJODA,DEWAS HO ,DEWAS HO
RAJODA,455115,BHORANSA SO,BHORANSA SO,DEWAS HO
RAJOR,455336,CHICHLI RAJOR BO,KHATEGAON SO,DEWAS HO
RAJPURA,454449,KOTHDA BO,DHARAMPURI SO,DHAR HO
raju nagar,455111,NAGDA BO,BALGARH SO,DEWAS HO
Rajumod (unclear),454552,Dhani BO,DHAMNOD SO,DHAR HO
RALAMANDAL,455001,AAGROD BO,DEWAS HO ,DEWAS HO
RALAMANDAL,455116,AMONA,TONKKHURD SO,DEWAS HO
RALAMANDAL BANJARI,454449,LUNHERA BUJURG BO,DHARAMPURI SO,DHAR HO
RALAYATA,454660,RUNI BO,BADNAWAR SO,DHAR HO
RALAYTA,454665,GAJNOD,KANWAN   SO ,DHAR HO
RALAYTI,455223,AMLATAJ BO,HATPIPLIYA SO,DEWAS HO
Ram Nagar,454773,D.G Billod SO,D.G Billod SO,DHAR HO
RAM RATAN PATEL NAGAR,454775,Pithampur SO,Pithampur SO,DHAR HO
RAMADHAMA,454449,KALIBAWDI BO,DHARAMPURI SO,DHAR HO
RAMAL KHEDI,455223,DEVGARH BO,HATPIPLIYA SO,DEWAS HO
ramgarh,454441,keshvi,Amjhera So,DHAR HO
RAMGARH,455223,TAPPA SHUKLIYA BO,HATPIPLIYA SO,DEWAS HO
RAMGARH JANGALI,455001,NALESARA,DEWAS HO ,DEWAS HO
RAMKHEDA.,454660,RUNI BO,BADNAWAR SO,DHAR HO
RAMNAGAR,454001,KESUR BO,DHAR HO,DHAR HO
RAMNAGAR,455339,SANDALPUR BO,NEMAWAR SO,DEWAS HO
RAMPUR,454001,ANARAD BO,DHAR HO,DHAR HO
Rampura,454116,Dhulet BO,RAJGARH SO,DHAR HO
rampura,454331,kundara,KUKSHI SO,DHAR HO
RAMPURA,454001,SULTANPUR BO,DHAR HO,DHAR HO
Rampura,454552,Sundrel BO,DHAMNOD SO,DHAR HO
RAMPURA,455221,DEHRIYA SAHU BO,KARNAWAD SO,DEWAS HO
RAMPURA,455227,RAMPURA BO,BAGLI SO,DEWAS HO
RAMPURA,455227,UDAY NAGAR,BAGLI SO,DEWAS HO
Ramsagar,454111,JOLANA BO,SARDARPUR SO,DHAR HO
RAMTAPADA,454660,MULTHAN BO,BADNAWAR SO,DHAR HO
RAMTEK,455332,BAAMNIKHURD BO,KANNOD SO,DEWAS HO
RANAYAER,455111,TIGARIYA GOGA BO,BALGARH SO,DEWAS HO
RANAYAL GADRI,455001,RANDHANKHEDI,DEWAS HO ,DEWAS HO
RANAYAL KALAN,455116,RANAYAL KALAN,TONKKHURD SO,DEWAS HO
RANDA,454449,KALIBAWDI BO,DHARAMPURI SO,DHAR HO
RANDHANKHEDI,455001,RANDHANKHEDI,DEWAS HO ,DEWAS HO
Rangaon,454010,Bhiltalwada BO,MANDU SO,DHAR HO
Rangaon,454331,Gajgota,KUKSHI SO,DHAR HO
RANGAON,454449,ZIRVI BO,DHARAMPURI SO,DHAR HO
RANGARAKHEDI,454001,NAGDA BO,DHAR HO,DHAR HO
RANIBAGH,455336,CHANDWANA BO,KHATEGAON SO,DEWAS HO
RANIKHEDI,454660,RAJOD BO,BADNAWAR SO,DHAR HO
RANIPURA,454001,GULWA BO,DHAR HO,DHAR HO
RANIPURA,454001,TIRLA BO,DHAR HO,DHAR HO
Rantha,455336,PIPALKOTA BO,KHATEGAON SO,DEWAS HO
Rasalpur,454552,Tarapura BO,DHAMNOD SO,DHAR HO
RASANIYA,454660,RAJOD BO,BADNAWAR SO,DHAR HO
raswa,454335,Deshwaliya Bo,NISHARPUR SO,DHAR HO
RATAGARH,455227,Pipri B.O,BAGLI SO,DEWAS HO
Ratakot,454111,JOLANA BO,SARDARPUR SO,DHAR HO
Ratan Colony,454773,D.G Billod SO,D.G Billod SO,DHAR HO
RATANKHEDI,455001,CHIDAWAD BO,DEWAS HO ,DEWAS HO
RATANPUR,455336,HARNAGAON BO,KHATEGAON SO,DEWAS HO
RATANPUR,455227,RATANPUR BO,BAGLI SO,DEWAS HO
Ratanpura,454116,Gumanpura BO,RAJGARH SO,DHAR HO
RATANPURA,454449,KALIBAWDI BO,DHARAMPURI SO,DHAR HO
RATANPURA,454665,SEMLIYA ,KANWAN   SO ,DHAR HO
RATANPURA,454660,TILGARA BO,BADNAWAR SO,DHAR HO
RATEDI,455001,BAROTHA BO,DEWAS HO ,DEWAS HO
RATHATALAI,455227,Pankunwa B.O,BAGLI SO,DEWAS HO
Ratimali,454116,Dhulet BO,RAJGARH SO,DHAR HO
RATITALAIR,454446,Jeerabad Bo,MANAWAR SO,DHAR HO
Rattikeda,454773,Digthan BO,D.G Billod SO,DHAR HO
RATVAY,455332,DOKAKUI BO,KANNOD SO,DEWAS HO
Ratwa,454446,Barda Bo,MANAWAR SO,DHAR HO
RATWA,454001,GULWA BO,DHAR HO,DHAR HO
RAWATPADA,454660,BORDA BO,BADNAWAR SO,DHAR HO
RAWATPURA,454449,LUNHERA BUJURG BO,DHARAMPURI SO,DHAR HO
RAWATPURA,454449,TAWLAI BO,DHARAMPURI SO,DHAR HO
RAWATPURA DEVALRA,454449,TAWLAI BO,DHARAMPURI SO,DHAR HO
RAWLAS,455336,MELPIPLIYA BO,KHATEGAON SO,DEWAS HO
Rayan,454773,Digthan BO,D.G Billod SO,DHAR HO
RAYANPADA,454660,BAKHATGARH BO,BADNAWAR SO,DHAR HO
RAYANPADA,454660,MULTHAN BO,BADNAWAR SO,DHAR HO
raypuriya,454331,Dholiya,KUKSHI SO,DHAR HO
rebadda,454331,badwaniya,KUKSHI SO,DHAR HO
recti,454335,Deshwaliya Bo,NISHARPUR SO,DHAR HO
Redash Bakhal,455223,HATPIPLIYA SO,HATPIPLIYA SO,DEWAS HO
REHATI,455336,CHANDWANA BO,KHATEGAON SO,DEWAS HO
REHATIYA,455116,BHUTIYA BUJURG,TONKKHURD SO,DEWAS HO
REHDADA,454446,Khojakua Bo,MANAWAR SO,DHAR HO
REHMANPURA,455440,LOHARDA BO,KANTAPHOD SO,DEWAS HO
REHTI,455339,BURADA BO,NEMAWAR SO,DEWAS HO
REHTIYA,454446,Kachhawada Bo,MANAWAR SO,DHAR HO
RESHAMGARA,454665,GAJNOD,KANWAN   SO ,DHAR HO
RICCHI,455336,RICCHI BO,KHATEGAON SO,DEWAS HO
RICHDIYA,455116,JIJAJIGARH,TONKKHURD SO,DEWAS HO
RIJGAON,455339,DEEPGAON  BO,NEMAWAR SO,DEWAS HO
RITODA,454665,CHHHOKALA,KANWAN   SO ,DHAR HO
RITODI,454665,CHHHOKALA,KANWAN   SO ,DHAR HO
RIVER COLONY,455111,BALGARH BO,BALGARH SO,DEWAS HO
RODADA,454446,Jeerabad Bo,MANAWAR SO,DHAR HO
ROHINYA,455459,KHARIYA BO,SATWAS SO,DEWAS HO
roja,454331,Giwaniya,KUKSHI SO,DHAR HO
ROJA,454446,Jeerabad Bo,MANAWAR SO,DHAR HO
Rojabayedi,454010,Sarai BO,MANDU SO,DHAR HO
ROJDI,455223,NEVRI BO,HATPIPLIYA SO,DEWAS HO
ROLUPIPLIYA,455118,SONKUTCH SO,SONKUTCH SO,DEWAS HO
Rongliya,454773,Badchapra BO,D.G Billod SO,DHAR HO
ROSHNABAD,455118,SONKUTCH SO,SONKUTCH SO,DEWAS HO
RTO,454001,MOHANPURA BO,DHAR HO,DHAR HO
RUDRAWASA,455221,ZIKRAKHEDA BO,KARNAWAD SO,DEWAS HO
RUKHIBAVDI,454001,SULTANPUR BO,DHAR HO,DHAR HO
RUNDA,454660,CHHAYAN BO,BADNAWAR SO,DHAR HO
RUNDA CHHAYAN,454660,CHHAYAN BO,BADNAWAR SO,DHAR HO
RUNNDI,454660,BHAINSOLA BO,BADNAWAR SO,DHAR HO
Rupakheda,454111,JOLANA BO,SARDARPUR SO,DHAR HO
RUPAKHEDA,454660,TILGARA BO,BADNAWAR SO,DHAR HO
Rupakhedi,454116,Jolana BO,RAJGARH SO,DHAR HO
RUPAKHEDI,455001,MARETHI,DEWAS HO ,DEWAS HO
RUPAPADA,454660,RUNI BO,BADNAWAR SO,DHAR HO
Ruparel,454111,KHARELI BO,SARDARPUR SO,DHAR HO
RUPATTA,454449,PAGARA BO,DHARAMPURI SO,DHAR HO
RUPATTA,455221,SANNOD BO,KARNAWAD SO,DEWAS HO
RUPLI PURA,455227,BORKHALYA BO,BAGLI SO,DEWAS HO
RUPLI PURA,455227,PALASI BO,BAGLI SO,DEWAS HO
RUPPTA,454774,KUWARSI BO,Pithampur III SO,DHAR HO
SAATAL,455332,ONKARA BO,KANNOD SO,DEWAS HO
SADAKPURA,454449,UMARBAN BO,DHARAMPURI SO,DHAR HO
SADALPUR,454001,SADALPUR BO,DHAR HO,DHAR HO
SADASHIVPURA,455001,BAROTHA BO,DEWAS HO ,DEWAS HO
SADHUKHEDI,455118,KHERIYA JAGIR BO,SONKUTCH SO,DEWAS HO
SADIKHEDA,455115,SADIKHEDA BO,BHORANSA SO,DEWAS HO
SADIPURA,455221,BARKHEDA SOMA BO,KARNAWAD SO,DEWAS HO
Sadrabad,454552,Gujri BO,DHAMNOD SO,DHAR HO
Sagdi,454010,Billodakhurd BO,MANDU SO,DHAR HO
Sagdipura,454552,Sundrel BO,DHAMNOD SO,DHAR HO
Sagliyawas,454552,Gujri BO,DHAMNOD SO,DHAR HO
SAGONIYA,455332,VIKARMPUR BO,KANNOD SO,DEWAS HO
SAGORE BO,454774,SAGORE BO,Pithampur III SO,DHAR HO
SAGORE KUTI CHOURAHA,454774,Pithampur III SO,Pithampur III SO,DHAR HO
sagwal,454441,sagwal,Amjhera So,DHAR HO
SAHABNAGAR,454665,KADOD ,KANWAN   SO ,DHAR HO
Sai Dham,454773,D.G Billod SO,D.G Billod SO,DHAR HO
Sajjan vihar coloni,455223,HATPIPLIYA SO,HATPIPLIYA SO,DEWAS HO
SAJNODKHEDA,455221,DOUBLECHOWKI BO,KARNAWAD SO,DEWAS HO
SAJOD,454660,RAJOD BO,BADNAWAR SO,DHAR HO
SAKALDA,454449,SAKALDA BO,DHARAMPURI SO,DHAR HO
SAKALDA CHIDIPURA,454449,SAKALDA BO,DHARAMPURI SO,DHAR HO
SAKATALI,454660,BAKHATGARH BO,BADNAWAR SO,DHAR HO
SAKTALI,454001,ANARAD BO,DHAR HO,DHAR HO
SAKTALI,455223,AMLATAJ BO,HATPIPLIYA SO,DEWAS HO
Sala,454552,Khalghat BO,DHAMNOD SO,DHAR HO
SALAMATPURA,455440,BEDGAON BO,KANTAPHOD SO,DEWAS HO
SALAMKHEDI,455001,SALAMKHEDI,DEWAS HO ,DEWAS HO
SALAMKHEDI,455118,ANABAD BO,SONKUTCH SO,DEWAS HO
SALEPURKHEDI,454449,TAWLAI BO,DHARAMPURI SO,DHAR HO
SALIYAMAL,454446,Jeerabad Bo,MANAWAR SO,DHAR HO
SALKANPUR,454001,SALKANPUR BO,DHAR HO,DHAR HO
salkheda,454331,Loni,KUKSHI SO,DHAR HO
SALKHETYA,455227,SALKHETYA BO,BAGLI SO,DEWAS HO
Salvakhedi,454111,SALVA BO,SARDARPUR SO,DHAR HO
SALYAMAL,454446,Lunhera sadak BO,MANAWAR SO,DHAR HO
Salyamalpura,454010,Patadapura BO,MANDU SO,DHAR HO
SAMBHAR,454001,ANARAD BO,DHAR HO,DHAR HO
SAMGI,455116,AMONA,TONKKHURD SO,DEWAS HO
SAMGI,455227,KHERKHEDI BO,BAGLI SO,DEWAS HO
SAMJIPURA,454446,Mirjapur Bo,MANAWAR SO,DHAR HO
SAMMASKHEDI,455116,LASUDIYA BRAHAMAN,TONKKHURD SO,DEWAS HO
Sampura,454116,Taraghati Bo,RAJGARH SO,DHAR HO
Samriya,454010,Bhiltalwada BO,MANDU SO,DHAR HO
SAMSABAD,455223,DEVGARH BO,HATPIPLIYA SO,DEWAS HO
SANAWADA,454001,MANASA BO,DHAR HO,DHAR HO
Sandala,454111,SALVA BO,SARDARPUR SO,DHAR HO
SANGESHRA,454001,SADALPUR BO,DHAR HO,DHAR HO
SANGHAVI,454660,CHHAYAN BO,BADNAWAR SO,DHAR HO
SANGHAVI,454446,Kachhawada Bo,MANAWAR SO,DHAR HO
Sangibavadi,454446,Bilda Bo,MANAWAR SO,DHAR HO
SANJEEVANI COLLOGE,454001,TIRLA BO,DHAR HO,DHAR HO
Sankot Gram Panchayat,454552,Dhani BO,DHAMNOD SO,DHAR HO
SANMOD,454446,Lunhera sadak BO,MANAWAR SO,DHAR HO
SANNOD,455221,SANNOD BO,KARNAWAD SO,DEWAS HO
SANNOD,455336,RICCHI BO,KHATEGAON SO,DEWAS HO
SANOLI,454665,KHANDIGARA ,KANWAN   SO ,DHAR HO
SANWARSI,455115,SANWARSI BO,BHORANSA SO,DEWAS HO
SANWER,455118,SONKUTCH SO,SONKUTCH SO,DEWAS HO
Sarafa Bajar,455223,HATPIPLIYA SO,HATPIPLIYA SO,DEWAS HO
Sarai,454010,Sarai BO,MANDU SO,DHAR HO
Saranpur Gram Panchayat,454552,Dhani BO,DHAMNOD SO,DHAR HO
SARAPATTI,455221,PATADI BO,KARNAWAD SO,DEWAS HO
SARASGAON,454449,KOTHDA BO,DHARAMPURI SO,DHAR HO
SARASWATI VIHAR,454775,Pithampur SO,Pithampur SO,DHAR HO
SARFARABAD,454449,PAGARA BO,DHARAMPURI SO,DHAR HO
SAROL,455221,CHOUBAPIPLIYA BO,KARNAWAD SO,DEWAS HO
SAROLA,455001,PATLAWADA,DEWAS HO ,DEWAS HO
Saroti,454111,SALVA BO,SARDARPUR SO,DHAR HO
SARSODA,455115,BHORANSA SO,BHORANSA SO,DEWAS HO
SARVANIYA,454001,KESUR BO,DHAR HO,DHAR HO
SARVESHWAR NAGAR,454775,Pithampur SO,Pithampur SO,DHAR HO
SAT NAGRI,455336,HARNAGAON BO,KHATEGAON SO,DEWAS HO
SATBARDI,455001,RAJODA,DEWAS HO ,DEWAS HO
Sategaon,455336,SUKARDI BO,KHATEGAON SO,DEWAS HO
SATHBHAIPURA,455227,KANDYA BO,BAGLI SO,DEWAS HO
SATPURA,454449,BOHARLA BO,DHARAMPURI SO,DHAR HO
SATPURA,454449,KALIBAWDI BO,DHARAMPURI SO,DHAR HO
SATRUNDA,454660,MULTHAN BO,BADNAWAR SO,DHAR HO
Sattalai,454335,Sirsi Bo,NISHARPUR SO,DHAR HO
SATWAS WARD NO. 11 SE 15,455459,ATWAS BO,SATWAS SO,DEWAS HO
SATYA SAY NAGAR,454775,Pithampur SO,Pithampur SO,DHAR HO
Savariya Nagar,454773,D.G Billod SO,D.G Billod SO,DHAR HO
SAWASADI,455339,SAWASADA BO,NEMAWAR SO,DEWAS HO
SAWLAKHEDI,454449,UMARBAN BO,DHARAMPURI SO,DHAR HO
SBI BANK,454775,Pithampur SO,Pithampur SO,DHAR HO
SCHOOLPURA,454449,BOHARLA BO,DHARAMPURI SO,DHAR HO
SCHOOLPURA,454449,BOHARLA BO,DHARAMPURI SO,DHAR HO
SCHOOLPURA,454449,KALIBAWDI BO,DHARAMPURI SO,DHAR HO
SCHOOLPURA,454446,Kuwad Bo,MANAWAR SO,DHAR HO
SCHOOLPURA,454449,TAWLAI BO,DHARAMPURI SO,DHAR HO
SCHOOLPURA,454449,ZIRVI BO,DHARAMPURI SO,DHAR HO
SEDU,455116,LASUDIYA KULMI,TONKKHURD SO,DEWAS HO
Sejpawa,454773,D.G Billod SO,D.G Billod SO,DHAR HO
SEMALKHEDA,454660,BHAINSOLA BO,BADNAWAR SO,DHAR HO
Semalkhedi,454111,KHUTPALA BO,SARDARPUR SO,DHAR HO
Semalkhodra,454111,KHUTPALA BO,SARDARPUR SO,DHAR HO
SEMLI,455227,Pandutalab B.O,BAGLI SO,DEWAS HO
SEMLI BUJURG,455223,LIMBODA,HATPIPLIYA SO,DEWAS HO
SEMLI RAISEN,455221,DEHRIYA SAHU BO,KARNAWAD SO,DEWAS HO
SEMLIBUJURG,455459,UNHEL BO,SATWAS SO,DEWAS HO
SEMLIKHEDA,455227,RAMPURA BO,BAGLI SO,DEWAS HO
SEMLIKHURD,455459,UNHEL BO,SATWAS SO,DEWAS HO
SEMLINARWADA,455227,SEMLINARWADA BO,BAGLI SO,DEWAS HO
SEMLIPIRA,454331,AMBADA,KUKSHI SO,DHAR HO
SEMLIPURA,454446,Bori Bo,MANAWAR SO,DHAR HO
SEMLIPURA,454001,SULTANPUR BO,DHAR HO,DHAR HO
Semliya,454116,Dhulet BO,RAJGARH SO,DHAR HO
SEMLIYA,454665,SEMLIYA ,KANWAN   SO ,DHAR HO
SENDRANI,455459,SENDRANI BO,SATWAS SO,DEWAS HO
SENDUKHEDI,455221,PATADI BO,KARNAWAD SO,DEWAS HO
SENKLI,455116,RANAYAL KALAN,TONKKHURD SO,DEWAS HO
SERGONA,455332,KAATKUT BO,KANNOD SO,DEWAS HO
seti,455332,THURIYA BO,KANNOD SO,DEWAS HO
SEZ 1,454774,Pithampur III SO,Pithampur III SO,DHAR HO
SEZ 2,454774,Pithampur III SO,Pithampur III SO,DHAR HO
SHAHPURA,454449,PAGARA BO,DHARAMPURI SO,DHAR HO
Shahpura kakadda,454552,Semalda BO,DHAMNOD SO,DHAR HO
SHALYAPADA,454660,BORDA BO,BADNAWAR SO,DHAR HO
SHAMBHPADA,454660,SANDLA BO,BADNAWAR SO,DHAR HO
SHANKARPURA,454660,DELCHI BO,BADNAWAR SO,DHAR HO
Shankarpura,454773,Digthan BO,D.G Billod SO,DHAR HO
Shanti Nagar,454773,D.G Billod SO,D.G Billod SO,DHAR HO
SHANTI NAGAR,455111,BALGARH BO,BALGARH SO,DEWAS HO
Shantil Chughre (unclear handwriting),454773,D.G Billod SO,D.G Billod SO,DHAR HO
Shantinagar,454773,Digthan BO,D.G Billod SO,DHAR HO
SHANTINAGAR COLONY,454775,Pithampur SO,Pithampur SO,DHAR HO
Sharikpura,454446,Ajanda Bo,MANAWAR SO,DHAR HO
SHCOOLPURA,454449,PAGARA BO,DHARAMPURI SO,DHAR HO
SHERGAD,454665,SHERGAD ,KANWAN   SO ,DHAR HO
SHETKHEDI,455223,MAHUKHEDA BO,HATPIPLIYA SO,DEWAS HO
Shikarpura,454010,Lunhera Bo,MANDU SO,DHAR HO
SHILNATHNAGAR,455111,BALGARH BO,BALGARH SO,DEWAS HO
Shipraj,454773,Digthan BO,D.G Billod SO,DHAR HO
Shitla mata marg,455223,HATPIPLIYA SO,HATPIPLIYA SO,DEWAS HO
SHIV COLONY,454775,Pithampur SO,Pithampur SO,DHAR HO
Shiv pura,455223,HATPIPLIYA SO,HATPIPLIYA SO,DEWAS HO
SHIV VIHAR COLONY,454775,Pithampur SO,Pithampur SO,DHAR HO
SHIVANPANI,455227,UDAY NAGAR,BAGLI SO,DEWAS HO
SHIVGAD,454665,BIDWAL,KANWAN   SO ,DHAR HO
SHIVPUR MUNDLA,455223,BORKHEDA PURVIYA BO,HATPIPLIYA SO,DEWAS HO
SHIVPURI,455227,Agurli BO,BAGLI SO,DEWAS HO
SHIWNI KAKAD,455221,DOUBLECHOWKI BO,KARNAWAD SO,DEWAS HO
Shobhapura,454116,Tirla BO,RAJGARH SO,DHAR HO
SHOLIYAPURA,454449,ZIRVI BO,DHARAMPURI SO,DHAR HO
SHRIGOUD COLONY,455116,TONKKHURD ,TONKKHURD SO,DEWAS HO
ShriRam Nagar,455223,HATPIPLIYA SO,HATPIPLIYA SO,DEWAS HO
SHUKRAWASA,455221,ZIKRAKHEDA BO,KARNAWAD SO,DEWAS HO
SHYAMNAGAR,455440,BHESUN BO,KANTAPHOD SO,DEWAS HO
SHYAMPURA,455227,Pandutalab B.O,BAGLI SO,DEWAS HO
Shyampura Thakur,454111,LAINDGAANV BO,SARDARPUR SO,DHAR HO
siddi,454331,Jamda,KUKSHI SO,DHAR HO
Siga,454116,Taraghati Bo,RAJGARH SO,DHAR HO
SIKANDAR KHEDI,455459,ATWAS BO,SATWAS SO,DEWAS HO
Sikdiyapura,454010,Bedwapura BO,MANDU SO,DHAR HO
SIKHKEDI,455115,ANWLIA PIPLIA BO,BHORANSA SO,DEWAS HO
SILAWATI,455001,AAGROD BO,DEWAS HO ,DEWAS HO
silkua,454331,Talanpur,KUKSHI SO,DHAR HO
SILODA,454001,NAGORA BO,DHAR HO,DHAR HO
Silodabujurg,454773,Digthan BO,D.G Billod SO,DHAR HO
SILODIYA,454660,KACHIBARODA BO,BADNAWAR SO,DHAR HO
Siloodakhurd,454010,Billodakhurd BO,MANDU SO,DHAR HO
Silotiya,454010,Bachhanpur BO,MANDU SO,DHAR HO
SILPHOD KHEDA,455336,JIYAGAON BO,KHATEGAON SO,DEWAS HO
SILVER PARK,455111,BALGARH BO,BALGARH SO,DEWAS HO
SIMLAWADA,454001,CHILUR BO,DHAR HO,DHAR HO
Simrali,454552,Gujri BO,DHAMNOD SO,DHAR HO
SINDANI,455001,AAGROD BO,DEWAS HO ,DEWAS HO
SINDANI,455001,SIYA,DEWAS HO ,DEWAS HO
SINDHI BHONDIYA,454774,BRANCH OFFICE KHANDWA,Pithampur III SO,DHAR HO
SINDHKUA,454446,Kachhawada Bo,MANAWAR SO,DHAR HO
SINDODA,454001,AHU BO,DHAR HO,DHAR HO
SINDOI,454001,AHU BO,DHAR HO,DHAR HO
SINDURIYA,454660,RUNI BO,BADNAWAR SO,DHAR HO
SINDURIYA,455001,SUNWANI GOPAL,DEWAS HO ,DEWAS HO
sindyapani,454331,kawda,KUKSHI SO,DHAR HO
Singachori,454116,Narwali BO,RAJGARH SO,DHAR HO
Singadia,454116,Tirla BO,RAJGARH SO,DHAR HO
SINGARPADA,454660,BHAINSOLA BO,BADNAWAR SO,DHAR HO
SINGARPADA,454660,BORDA BO,BADNAWAR SO,DHAR HO
SINGARPURA,454449,KALIBAWDI BO,DHARAMPURI SO,DHAR HO
SINGAWADA,455001,SINGAWADA,DEWAS HO ,DEWAS HO
SINGAWDA,455223,MAHUKHEDA BO,HATPIPLIYA SO,DEWAS HO
SINGLADEH,455440,SINGLADEH BO,KANTAPHOD SO,DEWAS HO
SINGODI,455440,GODNA BO,KANTAPHOD SO,DEWAS HO
SIPNIYA,454660,TILGARA BO,BADNAWAR SO,DHAR HO
SIRALIYA BUJURG,455336,SUKARDI BO,KHATEGAON SO,DEWAS HO
SIRALIYA KHURD,455336,HARNAGAON BO,KHATEGAON SO,DEWAS HO
SIRANJIBID,455227,Pandutalab B.O,BAGLI SO,DEWAS HO
SIRAYALA REVATIR,455336,CHICHLI RAJOR BO,KHATEGAON SO,DEWAS HO
SIRKIYA,455459,NANDANA BO,SATWAS SO,DEWAS HO
SIRONJ,455001,BAIRAGARH BO,DEWAS HO ,DEWAS HO
Sirsi,454335,Sirsi Bo,NISHARPUR SO,DHAR HO
SIRSODA,454001,UTAWAD BO,DHAR HO,DHAR HO
SIRSODIYA,455332,BAHIRAWAD BO,KANNOD SO,DEWAS HO
SIRVIPURA,454446,Kuwad Bo,MANAWAR SO,DHAR HO
sisgoan,454335,Narmadanagar Bo,NISHARPUR SO,DHAR HO
Sisodiya,454552,Gujri BO,DHAMNOD SO,DHAR HO
SITAPAT,454001,PADLIYA BO,DHAR HO,DHAR HO
SITAPURI,455227,Pandutalab B.O,BAGLI SO,DEWAS HO
SIYA,455001,SIYA,DEWAS HO ,DEWAS HO
SIYA,455332,KUSMANIYA BO,KANNOD SO,DEWAS HO
SIYAPURA,455001,SIYA,DEWAS HO ,DEWAS HO
SIYARI,454001,SIYARI BO,DHAR HO,DHAR HO
SK FIANCE,454775,Pithampur SO,Pithampur SO,DHAR HO
SMART IND PARK,454774,BRANCH OFFICE KHANDWA,Pithampur III SO,DHAR HO
SMRAT PURI,455111,BALGARH BO,BALGARH SO,DEWAS HO
SOBLIYAPURA,455227,PUNJAPURA BO,BAGLI SO,DEWAS HO
Sodliyapura,454010,Kalibel Bo,MANDU SO,DHAR HO
Sodpur,454010,Sodpur BO,MANDU SO,DHAR HO
SOHAGPURA,454774,KUWARSI BO,Pithampur III SO,DHAR HO
SOLYAPURA,454446,Kalwani Bo,MANAWAR SO,DHAR HO
SOLYAPURA,454449,LUNHERA BUJURG BO,DHARAMPURI SO,DHAR HO
SOLYHAPURA,454449,SAKALDA BO,DHARAMPURI SO,DHAR HO
SONDA,455001,SALAMKHEDI,DEWAS HO ,DEWAS HO
SONDA,455001,NALESARA,DEWAS HO ,DEWAS HO
SONDLIYAKHURD,454446,Anjanai Bo,MANAWAR SO,DHAR HO
SONGAON,455339,EKLERA BO,NEMAWAR SO,DEWAS HO
Songarh,454116,Bhangarh BO,RAJGARH SO,DHAR HO
Songarh,454116,Bhangarh BO,RAJGARH SO,DHAR HO
SONKACHI,455118,SONKUTCH SO,SONKUTCH SO,DEWAS HO
SONKHEDI,455332,SONKHEDI BO,KANNOD SO,DEWAS HO
SONKHEDI,455339,KHAL BO,NEMAWAR SO,DEWAS HO
Sroda,454116,Chanlimata BO,RAJGARH SO,DHAR HO
Stanpura,454116,Chanlimata BO,RAJGARH SO,DHAR HO
Suhana,454116,Chanlimata BO,RAJGARH SO,DHAR HO
Sukedha,454773,Kalsada Khurd BO,D.G Billod SO,DHAR HO
SUKHLYA,455001,KSHIPRA,DEWAS HO ,DEWAS HO
SUKLITER,454001,SULTANPUR BO,DHAR HO,DHAR HO
SULAWAD BO,454774,SULAWAD BO,Pithampur III SO,DHAR HO
Sulgaon,455336,SUKARDI BO,KHATEGAON SO,DEWAS HO
SULGHAON,454449,PAGARA BO,DHARAMPURI SO,DHAR HO
sulgoan,454335,Limbol Bo,NISHARPUR SO,DHAR HO
SULIBARDI,454446,Kuwad Bo,MANAWAR SO,DHAR HO
SULIBARDI,454001,MOHANPURA BO,DHAR HO,DHAR HO
Sulibeyadi,454010,Sodpur BO,MANDU SO,DHAR HO
SULPHAKHEDA,455115,KHOKRIYA BO,BHORANSA SO,DEWAS HO
SULTANPUR,454001,SULTANPUR BO,DHAR HO,DHAR HO
Sultanpura,454111,BHOPAVAR BO,SARDARPUR SO,DHAR HO
SULTANPURA,455116,LASUDIYA BRAHAMAN,TONKKHURD SO,DEWAS HO
SUMRAKHEDA,455001,DATTOTAR MANDI BO,DEWAS HO ,DEWAS HO
SUMRAKHEDA,455223,KHAJURIYA BINA BO,HATPIPLIYA SO,DEWAS HO
SUMRAKHEDI,455115,BHORANSA SO,BHORANSA SO,DEWAS HO
SUMRAKHEDI NAKA,455115,JAMGOD BO,BHORANSA SO,DEWAS HO
SUNABHATI,454001,SULTANPUR BO,DHAR HO,DHAR HO
SUNARKHEDI,454001,TORNOD BO,DHAR HO,DHAR HO
Sundarpua,454446,Bakaner Bo,MANAWAR SO,DHAR HO
SUNDER COL,455111,BALGARH BO,BALGARH SO,DEWAS HO
SUNDREL,455440,SUNDREL BO,KANTAPHOD SO,DEWAS HO
SUNWANI GOPAL,455001,SUNWANI GOPAL,DEWAS HO ,DEWAS HO
SUNWANI KARAD,455001,KELOD BO,DEWAS HO ,DEWAS HO
SUNWANI MAHANKAL,455001,KSHIPRA,DEWAS HO ,DEWAS HO
SUPER MARKET,454775,Pithampur SO,Pithampur SO,DHAR HO
SURAJKHUD,455440,SUNDREL BO,KANTAPHOD SO,DEWAS HO
SURAJPURA,454001,PADLIYA BO,DHAR HO,DHAR HO
SURAKHEDA KALAN,455118,KHERIYA JAGIR BO,SONKUTCH SO,DEWAS HO
SURAKHEDA KHURD,455118,GANDHARVPURI BO,SONKUTCH SO,DEWAS HO
SURANI,454449,SAKALDA BO,DHARAMPURI SO,DHAR HO
SURANI,454449,SAKALDA BO,DHARAMPURI SO,DHAR HO
SURANI,455332,BAHIRAWAD BO,KANNOD SO,DEWAS HO
SURANIPURA,454449,PAGARA BO,DHARAMPURI SO,DHAR HO
SURDEVI,454001,SIYARI BO,DHAR HO,DHAR HO
Surinimeel,454116,Chanlimata BO,RAJGARH SO,DHAR HO
SURJANA,455118,PIPALRAWAN BO,SONKUTCH SO,DEWAS HO
SURJANA,455336,CHICHLI RAJOR BO,KHATEGAON SO,DEWAS HO
SURLAY,455459,KHARIYA BO,SATWAS SO,DEWAS HO
SURMANIYA,455440,SURMANIYA BO,KANTAPHOD SO,DEWAS HO
susari,454331,susari,KUKSHI SO,DHAR HO
SUTALI,455001,SUNWANI GOPAL,DEWAS HO ,DEWAS HO
SUTARIAPURA,455227,BORPADAW BO,BAGLI SO,DEWAS HO
SUTARKHEDA,455001,AAGROD BO,DEWAS HO ,DEWAS HO
SUTARKHEDA,455001,BINJANA BO,DEWAS HO ,DEWAS HO
SUTARKHEDA,455001,KELOD BO,DEWAS HO ,DEWAS HO
SWASTIK CITY,455111,BALGARH BO,BALGARH SO,DEWAS HO
SYALKHEDA,455227,Syalkheda BO,BAGLI SO,DEWAS HO
SYALKHEDI,455227,Syalkheda BO,BAGLI SO,DEWAS HO
TADA,455332,ONKARA BO,KANNOD SO,DEWAS HO
Tailor Colony,455223,HATPIPLIYA SO,HATPIPLIYA SO,DEWAS HO
Tajkhedi,454773,D.G Billod SO,D.G Billod SO,DHAR HO
TAJPUR,454001,TAJPUR BO,DHAR HO,DHAR HO
TAKAPURA,454449,PAGARA BO,DHARAMPURI SO,DHAR HO
takari,454331,Talwadi,KUKSHI SO,DHAR HO
TAKLIKHEDA,455336,NANASA BO,KHATEGAON SO,DEWAS HO
takraoda,454441,takraoda,Amjhera So,DHAR HO
TALABADAPURA,454449,BOHARLA BO,DHARAMPURI SO,DHAR HO
TALABPURA,454449,BOHARLA BO,DHARAMPURI SO,DHAR HO
TALABPURA,454449,KALIBAWDI BO,DHARAMPURI SO,DHAR HO
TALABPURA,454449,PAGARA BO,DHARAMPURI SO,DHAR HO
TALABPURA,454446,Rantalav Bo,MANAWAR SO,DHAR HO
Talabpura,454552,Semalda BO,DHAMNOD SO,DHAR HO
TALAI,454446,Jotpur Bo,MANAWAR SO,DHAR HO
Talaipuriya,454116,Ringnod BO,RAJGARH SO,DHAR HO
talanpur,454331,Talanpur,KUKSHI SO,DHAR HO
Talavpada,454116,Timaichi BO,RAJGARH SO,DHAR HO
Talawpura,454552,Gujri BO,DHAMNOD SO,DHAR HO
TALDI,455118,TALOD,SONKUTCH SO,DEWAS HO
TALENT PUBLIC SCHOOL,454001,MOHANPURA BO,DHAR HO,DHAR HO
TALIAPUR,454446,Jotpur Bo,MANAWAR SO,DHAR HO
talwada,454331,talwada,KUKSHI SO,DHAR HO
Talwada,454010,Talwada BO,MANDU SO,DHAR HO
Talwadi,454331,Talwadi,KUKSHI SO,DHAR HO
TAMKHAN,455336,MELPIPLIYA BO,KHATEGAON SO,DEWAS HO
tana,454335,Lohari Bo,NISHARPUR SO,DHAR HO
TANDA,455221,PATADI BO,KARNAWAD SO,DEWAS HO
TANDA,455227,DIGARKHEDA BO,BAGLI SO,DEWAS HO
TANDA DAVDA,455336,CHICHLI RAJOR BO,KHATEGAON SO,DEWAS HO
tandakheda,454441,chotia,Amjhera So,DHAR HO
TANDAPURA,454449,KALIBAWDI BO,DHARAMPURI SO,DHAR HO
TANDAPURA,454449,PAGARA BO,DHARAMPURI SO,DHAR HO
TANDI,455336,BHANDARIYA BO,KHATEGAON SO,DEWAS HO
TANDI,455459,UNHEL BO,SATWAS SO,DEWAS HO
TANKARIYAPADA,454660,BORDA BO,BADNAWAR SO,DHAR HO
Tanki Pani,454116,Gumanpura BO,RAJGARH SO,DHAR HO
Tankipura,455223,HATPIPLIYA SO,HATPIPLIYA SO,DEWAS HO
TAPPA SHUKLIYA,455223,TAPPA SHUKLIYA BO,HATPIPLIYA SO,DEWAS HO
TAROD,454665,KADOD ,KANWAN   SO ,DHAR HO
tarod,454441,takraoda,Amjhera So,DHAR HO
Tatapani,454552,Piplaz BO,DHAMNOD SO,DHAR HO
TATUKHEDI,455227,PREMGARH BO,BAGLI SO,DEWAS HO
TAWATPURA,454449,PAGARA BO,DHARAMPURI SO,DHAR HO
TAWLAI,454449,TAWLAI BO,DHARAMPURI SO,DHAR HO
Teacher Colony,455223,HATPIPLIYA SO,HATPIPLIYA SO,DEWAS HO
TEESGAON,454001,TEESGAON BO,DHAR HO,DHAR HO
TEESRA MIL,455459,MOHAI JAGIR BO,SATWAS SO,DEWAS HO
Tehsil Parishar,455223,HATPIPLIYA SO,HATPIPLIYA SO,DEWAS HO
"teki,",454221,dehri Bo,BAGH SO,DHAR HO
TELIPURA,454001,TIRLA BO,DHAR HO,DHAR HO
TEMARIPURA,454446,Jeerabad Bo,MANAWAR SO,DHAR HO
temriya,454331,Dahi,KUKSHI SO,DHAR HO
Temriyapura,454446,Balipur Bo,MANAWAR SO,DHAR HO
THALGHEWARIYA,455227,KAMLAPUR BO,BAGLI SO,DEWAS HO
"thana,",454221,Ghatbori Bo,BAGH SO,DHAR HO
THANAPURA,454449,KALIBAWDI BO,DHARAMPURI SO,DHAR HO
thandla,454331,badwaniya,KUKSHI SO,DHAR HO
Thatpura,454552,Dahiwar BO,DHAMNOD SO,DHAR HO
THAWLI,454001,SALKANPUR BO,DHAR HO,DHAR HO
THE NEW INDIA ASSURACE,454775,Pithampur SO,Pithampur SO,DHAR HO
thengchya,454331,Jamda,KUKSHI SO,DHAR HO
thikriya,455332,THURIYA BO,KANNOD SO,DEWAS HO
Thuriya,455332,THURIYA BO,KANNOD SO,DEWAS HO
TIGARIYA CHHOTA,455111,TIGRIYA CHHOTA BO,BALGARH SO,DEWAS HO
TIGARIYA GOGA,455111,TIGARIYA GOGA BO,BALGARH SO,DEWAS HO
TIGRIYA SANCHA,455001,BANGAR BO,DEWAS HO ,DEWAS HO
TIKHI,454660,BAKHATGARH BO,BADNAWAR SO,DHAR HO
TIKHI,454660,DELCHI BO,BADNAWAR SO,DHAR HO
TIKWADA,455336,TIWADIYA BO,KHATEGAON SO,DEWAS HO
TILGIRIPADA,454660,BORDA BO,BADNAWAR SO,DHAR HO
TILYAKHEDI,455223,LIMBODA,HATPIPLIYA SO,DEWAS HO
TIMARNIREWADI,455001,KELOD BO,DEWAS HO ,DEWAS HO
TIMING PUBLIC SCHOOL,454001,MOHANPURA BO,DHAR HO,DHAR HO
TIMRIKHEDA,454660,DELCHI BO,BADNAWAR SO,DHAR HO
Timripada,454116,Jolana BO,RAJGARH SO,DHAR HO
Timripada,454111,JOLANA BO,SARDARPUR SO,DHAR HO
TINONIYA,455221,SANNOD BO,KARNAWAD SO,DEWAS HO
TIPRAS,455336,BHANDARIYA BO,KHATEGAON SO,DEWAS HO
TIRLA,454001,TIRLA BO,DHAR HO,DHAR HO
Tirupati Nagar,454773,D.G Billod SO,D.G Billod SO,DHAR HO
TISSI,455227,Bhamori BO,BAGLI SO,DEWAS HO
TIWADI,454001,TAJPUR BO,DHAR HO,DHAR HO
TIWADIYA,455336,TIWADIYA BO,KHATEGAON SO,DEWAS HO
Todipada,454111,SALVA BO,SARDARPUR SO,DHAR HO
TOLAPURA,455221,PATADI BO,KARNAWAD SO,DEWAS HO
TOLGHATI,454449,SAKALDA BO,DHARAMPURI SO,DHAR HO
TONK KALA,455001,TONK KALA BO,DEWAS HO ,DEWAS HO
TONKKHURD,455116,TONKKHURD ,TONKKHURD SO,DEWAS HO
TONTIYAPURA,454449,KALIBAWDI BO,DHARAMPURI SO,DHAR HO
TORNIYAPURA,454449,KALIBAWDI BO,DHARAMPURI SO,DHAR HO
TORNOD,454001,TORNOD BO,DHAR HO,DHAR HO
Trimurti Nagar,454773,D.G Billod SO,D.G Billod SO,DHAR HO
TUBELPURA,454449,PAGARA BO,DHARAMPURI SO,DHAR HO
TUMDAWADA,455001,SINGAWADA,DEWAS HO ,DEWAS HO
TUMDAWADA,455001,VIJAYGANJ MANDI,DEWAS HO ,DEWAS HO
TUMDIKHEDA,455440,DEHARI BO,KANTAPHOD SO,DEWAS HO
TUMNI,455001,AAGROD BO,DEWAS HO ,DEWAS HO
TUMNI,455001,KSHIPRA,DEWAS HO ,DEWAS HO
TUNGNI,455118,KHERIYA JAGIR BO,SONKUTCH SO,DEWAS HO
TURNAAL,455339,MURJHAL BO,NEMAWAR SO,DEWAS HO
UCO BANK,454775,Pithampur SO,Pithampur SO,DHAR HO
UDAY NAGAR,455227,UDAY NAGAR,BAGLI SO,DEWAS HO
Uddikhali,454116,Jolana BO,RAJGARH SO,DHAR HO
udli,454221,Bhandaniya Bo,BAGH SO,DHAR HO
Ujadiya,454116,Ringnod BO,RAJGARH SO,DHAR HO
Ujjaini,454773,Digthan BO,D.G Billod SO,DHAR HO
Ukala,454221,Ukala Bo,BAGH SO,DHAR HO
UKALAPADA,454660,TILGARA BO,BADNAWAR SO,DHAR HO
UKHALDA,454449,SAKALDA BO,DHARAMPURI SO,DHAR HO
UKHALDA AAWLIPURA,454449,SAKALDA BO,DHARAMPURI SO,DHAR HO
UMAR,455440,SURMANIYA BO,KANTAPHOD SO,DEWAS HO
UMARBAN,454449,UMARBAN BO,DHARAMPURI SO,DHAR HO
UMARBANKALA,454449,UMARBAN BO,DHARAMPURI SO,DHAR HO
UMARBANKHURD,454449,UMARBAN BO,DHARAMPURI SO,DHAR HO
umari,454221,Bhandaniya Bo,BAGH SO,DHAR HO
Umariya,454773,D.G Billod SO,D.G Billod SO,DHAR HO
Umariya,454552,Semalda BO,DHAMNOD SO,DHAR HO
Umariya,455336,UMARIYA BO,KHATEGAON SO,DEWAS HO
UMARKUA,454331,ALI,KUKSHI SO,DHAR HO
UMARKUA,454001,SIYARI BO,DHAR HO,DHAR HO
UMARPURA,454001,NALCHA BO,DHAR HO,DHAR HO
UMEDA,455336,HARNAGAON BO,KHATEGAON SO,DEWAS HO
Umrali,454331,Dholiya,KUKSHI SO,DHAR HO
UMRELA,454660,DELCHI BO,BADNAWAR SO,DHAR HO
UMRIYA,455223,TAPPA SHUKLIYA BO,HATPIPLIYA SO,DEWAS HO
UMRIYA BADA,454001,ANARAD BO,DHAR HO,DHAR HO
UMRIYA CHOTA,454001,SALKANPUR BO,DHAR HO,DHAR HO
Undakhal,454116,Dhulet BO,RAJGARH SO,DHAR HO
Unded,454116,Ringnod BO,RAJGARH SO,DHAR HO
Undeli,454111,KHARELI BO,SARDARPUR SO,DHAR HO
Undikhali,454111,JOLANA BO,SARDARPUR SO,DHAR HO
Ungriya,454116,Chhadawad BO,RAJGARH SO,DHAR HO
UNIVERSAL COLONY,454775,Pithampur SO,Pithampur SO,DHAR HO
UPADI,455001,AAGROD BO,DEWAS HO ,DEWAS HO
Updi,454773,D.G Billod SO,D.G Billod SO,DHAR HO
UPDI,455001,KHARELI BO,DEWAS HO ,DEWAS HO
UTAVLI,455332,VIKARMPUR BO,KANNOD SO,DEWAS HO
UTAWAD,454001,UTAWAD BO,DHAR HO,DHAR HO
Utawali,454552,Bharudpura BO,DHAMNOD SO,DHAR HO
UV ONLINE JAY NAGAR,454775,Pithampur SO,Pithampur SO,DHAR HO
V. MANDI,455001,VIJAYGANJ MANDI,DEWAS HO ,DEWAS HO
VAISHNAV VIHAR,454775,Pithampur SO,Pithampur SO,DHAR HO
Valmidiya (or Balamdiya),454552,Dhani BO,DHAMNOD SO,DHAR HO
vanera,454221,Dehri Bo,BAGH SO,DHAR HO
VASLIPURA,454449,KALIBAWDI BO,DHARAMPURI SO,DHAR HO
VASNATPURA,455332,BAAMNIKHURD BO,KANNOD SO,DEWAS HO
VEERUPURA,455227,PUNJAPURA BO,BAGLI SO,DEWAS HO
Vekalrandi,454111,JOLANA BO,SARDARPUR SO,DHAR HO
Veklarddi,454116,Jolana BO,RAJGARH SO,DHAR HO
Velgipada,454116,Jolana BO,RAJGARH SO,DHAR HO
Veljipada,454111,JOLANA BO,SARDARPUR SO,DHAR HO
VERMA COLONY,454775,Pithampur SO,Pithampur SO,DHAR HO
VIJAYGARHMURMIYA,455116,CHOUBARA DHIRA,TONKKHURD SO,DEWAS HO
VIKARMPUR,455332,VIKARMPUR BO,KANNOD SO,DEWAS HO
VIKRAM TOWER,454775,Pithampur SO,Pithampur SO,DHAR HO
Vinayak,454773,D.G Billod SO,D.G Billod SO,DHAR HO
VIRPUR,454446,Jeerabad Bo,MANAWAR SO,DHAR HO
Volkan City / Vulkan City,454773,D.G Billod SO,D.G Billod SO,DHAR HO
Wakad,454111,LAABRIYA BO,SARDARPUR SO,DHAR HO
WARD NO 15 (THANA),455440,BEDGAON BO,KANTAPHOD SO,DEWAS HO
WARD NO 7 HOUSING BOAD COLONY PITHAMPUR SECTOR 1,454775,Pithampur SO,Pithampur SO,DHAR HO
WASKEL,454446,Kalwani Bo,MANAWAR SO,DHAR HO
YASHIKA HOTEL,454775,Pithampur SO,Pithampur SO,DHAR HO
YASHWANT NAGAR,455001,PATLAWADA,DEWAS HO ,DEWAS HO
ZIKRAKHEDA,455221,ZIKRAKHEDA BO,KARNAWAD SO,DEWAS HO
ZIRVI,454449,ZIRVI BO,DHARAMPURI SO,DHAR HO